id,provider,region,instance_type,probe_kind,meta_policy,max_minutes,policy_version,instance_id,outcome,start_time_utc,end_time_utc,duration_minutes,interrupted,interrupt_bin,survived_hours,spot_price_usd,price_delta_6h,sampling_propensity,pred_h1_at_launch,pred_risk_5h_at_launch,features_snapshot,created_at,source,topup_reason
2765,aws,us-west-2,t3a.large,topup,min4_topup,60,meta_v3_ensemble_h1_hedge_persist,i-039c49b4cf5dfa0af,Censored (Stopped by Design),2026-02-12 00:03:42.202052+00,2026-02-12 01:03:53.651206+00,60.19,false,,1,0.0357,0.000400000000000005,1,0.0189790076561446,,"{""launch_dow"":3,""launch_utc_hour"":0,""price_zscore_6h"":0.6666666666666692,""launch_local_hour"":0}",2026-02-12 01:03:54.281924+00,topup,
2766,aws,us-west-2,t3a.large,topup,min4_topup,60,meta_v3_ensemble_h1_hedge_persist,i-053ca011e8422e17a,Censored (Stopped by Design),2026-02-12 00:03:44.166653+00,2026-02-12 01:03:55.781207+00,60.19,false,,1,0.0357,0.000400000000000005,1,0.0207165936960629,,"{""launch_dow"":3,""launch_utc_hour"":0,""price_zscore_6h"":0.6666666666666692,""launch_local_hour"":0}",2026-02-12 01:03:56.367334+00,topup,
2767,aws,us-west-2,t3a.large,topup,min4_topup,60,meta_v3_ensemble_h1_hedge_persist,i-00ccfa2651ea97ffc,Censored (Stopped by Design),2026-02-12 00:03:46.159803+00,2026-02-12 01:03:58.181207+00,60.2,false,,1,0.0357,0.000400000000000005,1,0.0214458240337516,,"{""launch_dow"":3,""launch_utc_hour"":0,""price_zscore_6h"":0.6666666666666692,""launch_local_hour"":0}",2026-02-12 01:03:58.700898+00,topup,
2792,aws,us-east-1,m6a.large,topup,min4_topup,60,meta_v3_ensemble_h1_hedge_persist,i-038bc2e2cdfcfa3b5,Censored (Stopped by Design),2026-02-12 01:05:47.495079+00,2026-02-12 02:05:59.622324+00,60.2,false,,1,0.0626,0.0086,1,0.0161487081830159,,"{""launch_dow"":3,""launch_utc_hour"":1,""price_zscore_6h"":0.9772727272727272,""launch_local_hour"":1}",2026-02-12 02:06:00.143951+00,topup,
2793,aws,us-west-2,t3a.large,topup,min4_topup,60,meta_v3_ensemble_h1_hedge_persist,i-07d41f4b75ebabbf5,Censored (Stopped by Design),2026-02-12 01:05:52.576995+00,2026-02-12 02:06:09.491208+00,60.28,false,,1,0.0348,-0.000900000000000005,1,0.0190319182135227,,"{""launch_dow"":3,""launch_utc_hour"":1,""price_zscore_6h"":-0.8181818181818189,""launch_local_hour"":1}",2026-02-12 02:06:10.005334+00,topup,
2794,aws,us-west-2,m6a.large,topup,min4_topup,60,meta_v3_ensemble_h1_hedge_persist,i-03f30fb56a78d9c8f,Censored (Stopped by Design),2026-02-12 01:05:57.973056+00,2026-02-12 02:06:10.543576+00,60.21,false,,1,0.0696,0.0187,1,0.0200356115161101,,"{""launch_dow"":3,""launch_utc_hour"":1,""price_zscore_6h"":0.9894179894179895,""launch_local_hour"":1}",2026-02-12 02:06:11.086598+00,topup,
2795,aws,us-west-2,m6a.large,topup,min4_topup,60,meta_v3_ensemble_h1_hedge_persist,i-026a7ed5b6c1c7450,Censored (Stopped by Design),2026-02-12 01:06:00.076243+00,2026-02-12 02:06:12.597842+00,60.21,false,,1,0.0696,0.0187,1,0.0188776039960191,,"{""launch_dow"":3,""launch_utc_hour"":1,""price_zscore_6h"":0.9894179894179895,""launch_local_hour"":1}",2026-02-12 02:06:13.16484+00,topup,
2820,aws,us-east-1,m6a.large,topup,min4_topup,60,meta_v3_ensemble_h1_hedge_persist,i-0a1d42ae3cad2f205,Censored (Stopped by Design),2026-02-12 02:08:10.914504+00,2026-02-12 03:08:23.175459+00,60.2,false,,1,0.0626,0.0086,1,0.0157668637826477,,"{""launch_dow"":3,""launch_utc_hour"":2,""price_zscore_6h"":0.9772727272727272,""launch_local_hour"":2}",2026-02-12 03:08:23.710028+00,topup,
2821,aws,us-east-1,m6a.large,topup,min4_topup,60,meta_v3_ensemble_h1_hedge_persist,i-0c74f2261a3225fe1,Censored (Stopped by Design),2026-02-12 02:08:16.095236+00,2026-02-12 03:08:28.605089+00,60.21,false,,1,0.0626,0.0086,1,0.0138463808547165,,"{""launch_dow"":3,""launch_utc_hour"":2,""price_zscore_6h"":0.9772727272727272,""launch_local_hour"":2}",2026-02-12 03:08:29.166666+00,topup,
2822,aws,us-west-2,t3a.large,topup,min4_topup,60,meta_v3_ensemble_h1_hedge_persist,i-0ffe6a0dc3f483b87,Censored (Stopped by Design),2026-02-12 02:08:21.217713+00,2026-02-12 03:08:34.801212+00,60.23,false,,1,0.0348,-0.000900000000000005,1,0.0138608631548274,,"{""launch_dow"":3,""launch_utc_hour"":2,""price_zscore_6h"":-0.8181818181818189,""launch_local_hour"":2}",2026-02-12 03:08:35.308127+00,topup,
2847,aws,us-east-1,t3a.large,topup,min4_topup,60,meta_v3_ensemble_h1_hedge_persist,i-0732ef5b47b280a69,Censored (Stopped by Design),2026-02-12 03:09:59.065132+00,2026-02-12 04:10:11.681227+00,60.21,false,,1,0.038,0.0091,1,0.156265349004633,,"{""launch_dow"":3,""launch_utc_hour"":3,""price_zscore_6h"":0.9784946236559139,""launch_local_hour"":3}",2026-02-12 04:10:12.295066+00,topup,
2848,aws,us-east-1,t3a.large,topup,min4_topup,60,meta_v3_ensemble_h1_hedge_persist,i-0cdcf3592d6eb8dd7,Censored (Stopped by Design),2026-02-12 03:10:23.027885+00,2026-02-12 04:10:36.091241+00,60.22,false,,1,0.038,0.0091,1,0.162792874639486,,"{""launch_dow"":3,""launch_utc_hour"":3,""price_zscore_6h"":0.9784946236559139,""launch_local_hour"":3}",2026-02-12 04:10:36.70778+00,topup,
2849,aws,us-east-1,m6a.large,topup,min4_topup,60,meta_v3_ensemble_h1_hedge_persist,i-0c3e8e79f2233158f,Censored (Stopped by Design),2026-02-12 03:10:27.996671+00,2026-02-12 04:10:39.77294+00,60.2,false,,1,0.0626,0.0086,1,0.0135742200939934,,"{""launch_dow"":3,""launch_utc_hour"":3,""price_zscore_6h"":0.9772727272727272,""launch_local_hour"":3}",2026-02-12 04:10:40.311684+00,topup,
2850,aws,us-east-1,m6a.large,topup,min4_topup,60,meta_v3_ensemble_h1_hedge_persist,i-0e8fe838c4cd89d5b,Censored (Stopped by Design),2026-02-12 03:10:33.219383+00,2026-02-12 04:10:45.961211+00,60.21,false,,1,0.0626,0.0086,1,0.0129066178863971,,"{""launch_dow"":3,""launch_utc_hour"":3,""price_zscore_6h"":0.9772727272727272,""launch_local_hour"":3}",2026-02-12 04:10:46.705969+00,topup,
2875,aws,us-west-2,t3a.large,topup,min4_topup,60,meta_v3_ensemble_h1_hedge_persist,i-048165f684fa18a18,Censored (Stopped by Design),2026-02-12 04:12:11.683829+00,2026-02-12 05:12:26.901213+00,60.25,false,,1,0.0356,0.0064,1,0.0105384173214308,,"{""launch_dow"":3,""launch_utc_hour"":4,""price_zscore_6h"":0.9696969696969697,""launch_local_hour"":4}",2026-02-12 05:12:27.431462+00,topup,
2876,aws,us-west-2,m6a.large,topup,min4_topup,60,meta_v3_ensemble_h1_hedge_persist,i-0a3ced594f580303f,Censored (Stopped by Design),2026-02-12 04:12:17.01347+00,2026-02-12 05:12:29.111209+00,60.2,false,,1,0.0577,-0.0119,1,0.0133497744482135,,"{""launch_dow"":3,""launch_utc_hour"":4,""price_zscore_6h"":-0.9834710743801652,""launch_local_hour"":4}",2026-02-12 05:12:29.83649+00,topup,
2877,aws,us-west-2,c6i.large,topup,min4_topup,60,meta_v3_ensemble_h1_hedge_persist,i-0a3b913d4aaa9ae64,Censored (Stopped by Design),2026-02-12 04:12:19.106332+00,2026-02-12 05:12:34.704963+00,60.26,false,,1,0.04,0.0037,1,0.0306004875205518,,"{""launch_dow"":3,""launch_utc_hour"":4,""price_zscore_6h"":0.9487179487179487,""launch_local_hour"":4}",2026-02-12 05:12:35.493116+00,topup,
2878,aws,us-east-1,c6i.large,topup,min4_topup,60,meta_v3_ensemble_h1_hedge_persist,i-0b441e6c2da59c70d,Interrupted,2026-02-12 05:14:14.46653+00,2026-02-12 05:24:19.54682+00,10.08,true,1,0,0.0392,0.0045,1,0.127017136530779,,"{""launch_dow"":3,""launch_utc_hour"":5,""price_zscore_6h"":0.9574468085106383,""launch_local_hour"":5}",2026-02-12 05:24:20.311651+00,topup,
2903,aws,us-east-1,t3a.large,topup,min4_topup,60,meta_v3_ensemble_h1_hedge_persist,i-03feba66781bf46aa,Censored (Stopped by Design),2026-02-12 05:13:59.160379+00,2026-02-12 06:14:12.161219+00,60.22,false,,1,0.0381,0.000100000000000003,1,0.158853014211874,,"{""launch_dow"":3,""launch_utc_hour"":5,""price_zscore_6h"":0.3333333333333397,""launch_local_hour"":5}",2026-02-12 06:14:12.727789+00,topup,
2904,aws,us-east-1,t3a.large,topup,min4_topup,60,meta_v3_ensemble_h1_hedge_persist,i-0d87454da3bedde58,Censored (Stopped by Design),2026-02-12 05:14:04.379905+00,2026-02-12 06:14:16.841218+00,60.21,false,,1,0.0381,0.000100000000000003,1,0.162903621847717,,"{""launch_dow"":3,""launch_utc_hour"":5,""price_zscore_6h"":0.3333333333333397,""launch_local_hour"":5}",2026-02-12 06:14:17.374463+00,topup,
2905,aws,us-east-1,c6i.large,topup,min4_topup,60,meta_v3_ensemble_h1_hedge_persist,i-0a728efd930db9026,Censored (Stopped by Design),2026-02-12 05:14:09.63965+00,2026-02-12 06:14:21.821214+00,60.2,false,,1,0.0392,0.0045,1,0.127150225158719,,"{""launch_dow"":3,""launch_utc_hour"":5,""price_zscore_6h"":0.9574468085106383,""launch_local_hour"":5}",2026-02-12 06:14:22.429661+00,topup,
2906,aws,us-west-2,c6i.large,topup,min4_topup,60,meta_v3_ensemble_h1_hedge_persist,i-0d8230a3f9f125f19,Censored (Stopped by Design),2026-02-12 05:14:19.738599+00,2026-02-12 06:14:34.841203+00,60.25,false,,1,0.04,0.0037,1,0.0285260858435676,,"{""launch_dow"":3,""launch_utc_hour"":5,""price_zscore_6h"":0.9487179487179487,""launch_local_hour"":5}",2026-02-12 06:14:35.595222+00,topup,
2931,aws,us-east-1,m6a.large,topup,min4_topup,60,meta_v3_ensemble_h1_hedge_persist,i-08c26822f9b6d3699,Censored (Stopped by Design),2026-02-12 06:16:13.110491+00,2026-02-12 07:16:25.496347+00,60.21,false,,1,0.0434,-0.0198,1,0.0120111942886188,,"{""launch_dow"":3,""launch_utc_hour"":6,""price_zscore_6h"":-0.9900000000000001,""launch_local_hour"":6}",2026-02-12 07:16:26.034376+00,topup,
2932,aws,us-east-1,m6a.large,topup,min4_topup,60,meta_v3_ensemble_h1_hedge_persist,i-0e015c96e52d7ab9b,Censored (Stopped by Design),2026-02-12 06:16:18.187122+00,2026-02-12 07:16:30.611455+00,60.21,false,,1,0.0434,-0.0198,1,0.0105172206716533,,"{""launch_dow"":3,""launch_utc_hour"":6,""price_zscore_6h"":-0.9900000000000001,""launch_local_hour"":6}",2026-02-12 07:16:31.18055+00,topup,
2933,aws,us-west-2,t3a.large,topup,min4_topup,60,meta_v3_ensemble_h1_hedge_persist,i-01f835a6b5a75c5aa,Censored (Stopped by Design),2026-02-12 06:16:23.308584+00,2026-02-12 07:16:35.182594+00,60.2,false,,1,0.0352,-0.000399999999999998,1,0.0111830031506995,,"{""launch_dow"":3,""launch_utc_hour"":6,""price_zscore_6h"":-0.6666666666666653,""launch_local_hour"":6}",2026-02-12 07:16:35.87187+00,topup,
2935,aws,us-east-1,c6i.large,topup,min4_topup,60,meta_v3_ensemble_h1_hedge_persist,i-01fb18764f65952a5,Interrupted,2026-02-12 07:18:27.234752+00,2026-02-12 08:12:39.058724+00,54.2,true,1,0,0.0401,0.000899999999999998,1,0.128530718081376,,"{""launch_dow"":3,""launch_utc_hour"":7,""price_zscore_6h"":0.8181818181818178,""launch_local_hour"":7}",2026-02-12 08:12:39.217984+00,topup,
2959,aws,us-east-1,m6a.large,topup,min4_topup,60,meta_v3_ensemble_h1_hedge_persist,i-04e4efbcfa13c26f3,Censored (Stopped by Design),2026-02-12 07:18:22.005467+00,2026-02-12 08:18:34.236051+00,60.2,false,,1,0.0536,0.0102,1,0.0104389177787451,,"{""launch_dow"":3,""launch_utc_hour"":7,""price_zscore_6h"":0.9807692307692307,""launch_local_hour"":7}",2026-02-12 08:18:34.738723+00,topup,
2960,aws,us-west-2,m6a.large,topup,min4_topup,60,meta_v3_ensemble_h1_hedge_persist,i-052c4e902cd17034f,Censored (Stopped by Design),2026-02-12 07:18:32.257112+00,2026-02-12 08:18:49.101201+00,60.28,false,,1,0.0695,0.0277,1,0.0124653253646634,,"{""launch_dow"":3,""launch_utc_hour"":7,""price_zscore_6h"":0.992831541218638,""launch_local_hour"":7}",2026-02-12 08:18:49.90861+00,topup,
2961,aws,us-west-2,c6i.large,topup,min4_topup,60,meta_v3_ensemble_h1_hedge_persist,i-0a02c2e890c3841a3,Censored (Stopped by Design),2026-02-12 07:18:37.577768+00,2026-02-12 08:18:52.601196+00,60.25,false,,1,0.0362,-0.0038,1,0.0280318273676383,,"{""launch_dow"":3,""launch_utc_hour"":7,""price_zscore_6h"":-0.9500000000000001,""launch_local_hour"":7}",2026-02-12 08:18:53.186502+00,topup,
2986,aws,us-east-1,m6a.large,topup,min4_topup,60,meta_v3_ensemble_h1_hedge_persist,i-0c97219657a4fa95e,Censored (Stopped by Design),2026-02-12 08:20:36.307019+00,2026-02-12 09:20:49.241207+00,60.22,false,,1,0.0536,0.0102,1,0.0104458944827961,,"{""launch_dow"":3,""launch_utc_hour"":8,""price_zscore_6h"":0.9807692307692307,""launch_local_hour"":8}",2026-02-12 09:20:49.784203+00,topup,
2987,aws,us-west-2,t3a.large,topup,min4_topup,60,meta_v3_ensemble_h1_hedge_persist,i-0e2d437115a6dc9d8,Censored (Stopped by Design),2026-02-12 08:20:41.332015+00,2026-02-12 09:20:53.141209+00,60.2,false,,1,0.0349,-0.000599999999999996,1,0.0117067988964587,,"{""launch_dow"":3,""launch_utc_hour"":8,""price_zscore_6h"":-0.7499999999999989,""launch_local_hour"":8}",2026-02-12 09:20:53.606948+00,topup,
2988,aws,us-west-2,t3a.large,topup,min4_topup,60,meta_v3_ensemble_h1_hedge_persist,i-00a3ebab937ef8178,Censored (Stopped by Design),2026-02-12 08:20:43.308704+00,2026-02-12 09:20:54.941204+00,60.19,false,,1,0.0349,-0.000599999999999996,1,0.0101803775477977,,"{""launch_dow"":3,""launch_utc_hour"":8,""price_zscore_6h"":-0.7499999999999989,""launch_local_hour"":8}",2026-02-12 09:20:55.813483+00,topup,
2989,aws,us-west-2,c6i.large,topup,min4_topup,60,meta_v3_ensemble_h1_hedge_persist,i-088d68635c9fd8ac5,Censored (Stopped by Design),2026-02-12 08:20:45.377263+00,2026-02-12 09:20:56.921206+00,60.19,false,,1,0.0397,-0.0005,1,0.0261218652710905,,"{""launch_dow"":3,""launch_utc_hour"":8,""price_zscore_6h"":-0.7142857142857145,""launch_local_hour"":8}",2026-02-12 09:20:57.408689+00,topup,
3014,aws,us-west-2,t3a.large,topup,min4_topup,60,meta_v3_ensemble_h1_hedge_persist,i-038df60d325b2ea23,Censored (Stopped by Design),2026-02-12 09:22:49.129337+00,2026-02-12 10:23:00.78087+00,60.19,false,,1,0.0351,0.0058,1,0.011411725566932,,"{""launch_dow"":3,""launch_utc_hour"":9,""price_zscore_6h"":0.9666666666666667,""launch_local_hour"":9}",2026-02-12 10:23:01.305734+00,topup,
3015,aws,us-west-2,m6a.large,topup,min4_topup,60,meta_v3_ensemble_h1_hedge_persist,i-08a831a953bbbca3d,Censored (Stopped by Design),2026-02-12 09:22:51.130984+00,2026-02-12 10:23:02.761217+00,60.19,false,,1,0.0695,0.0277,1,0.0124138789365104,,"{""launch_dow"":3,""launch_utc_hour"":9,""price_zscore_6h"":0.992831541218638,""launch_local_hour"":9}",2026-02-12 10:23:03.47584+00,topup,
3016,aws,us-west-2,m6a.large,topup,min4_topup,60,meta_v3_ensemble_h1_hedge_persist,i-0b2cd1cbf10975fe0,Censored (Stopped by Design),2026-02-12 09:22:52.9371+00,2026-02-12 10:23:08.221206+00,60.25,false,,1,0.0695,0.0277,1,0.0127020442604335,,"{""launch_dow"":3,""launch_utc_hour"":9,""price_zscore_6h"":0.992831541218638,""launch_local_hour"":9}",2026-02-12 10:23:08.757799+00,topup,
3041,aws,us-east-1,c6i.large,topup,min4_topup,60,meta_v3_ensemble_h1_hedge_persist,i-0ebc7f78711b63cb4,Censored (Stopped by Design),2026-02-12 10:24:20.513799+00,2026-02-12 11:24:32.711212+00,60.2,false,,1,0.0345,-0.0068,1,0.110090771922478,,"{""launch_dow"":3,""launch_utc_hour"":10,""price_zscore_6h"":-0.9714285714285715,""launch_local_hour"":10}",2026-02-12 11:24:33.268422+00,topup,
3042,aws,us-east-1,c6i.large,topup,min4_topup,60,meta_v3_ensemble_h1_hedge_persist,i-02696eb8671d5f4a7,Censored (Stopped by Design),2026-02-12 10:24:25.462065+00,2026-02-12 11:24:37.931215+00,60.21,false,,1,0.0345,-0.0068,1,0.108204305727237,,"{""launch_dow"":3,""launch_utc_hour"":10,""price_zscore_6h"":-0.9714285714285715,""launch_local_hour"":10}",2026-02-12 11:24:38.587988+00,topup,
3043,aws,us-east-1,c6i.large,topup,min4_topup,60,meta_v3_ensemble_h1_hedge_persist,i-0b3804fb92005f2d3,Censored (Stopped by Design),2026-02-12 10:24:30.465233+00,2026-02-12 11:24:43.181798+00,60.21,false,,1,0.0345,-0.0068,1,0.111323294292432,,"{""launch_dow"":3,""launch_utc_hour"":10,""price_zscore_6h"":-0.9714285714285715,""launch_local_hour"":10}",2026-02-12 11:24:43.682578+00,topup,
3068,aws,us-east-1,c6i.large,topup,min4_topup,60,meta_v3_ensemble_h1_hedge_persist,i-0cc9170f4ec8dafa0,Censored (Stopped by Design),2026-02-12 11:26:07.8537+00,2026-02-12 12:26:20.161215+00,60.21,false,,1,0.0345,-0.0068,1,0.0991715696723204,,"{""launch_dow"":3,""launch_utc_hour"":11,""price_zscore_6h"":-0.9714285714285715,""launch_local_hour"":11}",2026-02-12 12:26:20.762381+00,topup,
3069,aws,us-east-1,c6i.large,topup,min4_topup,60,meta_v3_ensemble_h1_hedge_persist,i-0a17879470e9f5aec,Censored (Stopped by Design),2026-02-12 11:26:12.775593+00,2026-02-12 12:26:22.035804+00,60.15,false,,1,0.0345,-0.0068,1,0.0992307997360973,,"{""launch_dow"":3,""launch_utc_hour"":11,""price_zscore_6h"":-0.9714285714285715,""launch_local_hour"":11}",2026-02-12 12:26:22.692996+00,topup,
3070,aws,us-east-1,t3a.large,topup,min4_topup,60,meta_v3_ensemble_h1_hedge_persist,,LaunchFailed,,2026-02-12 12:28:13.8097+00,0,false,,0,0.0379,0.00190000000000001,1,0.230610388520166,,"{""launch_dow"":3,""launch_utc_hour"":12,""price_zscore_6h"":0.904761904761905,""launch_local_hour"":12}",2026-02-12 12:28:14.012218+00,topup,
3071,aws,us-east-1,t3a.large,topup,min4_topup,60,meta_v3_ensemble_h1_hedge_persist,,LaunchFailed,,2026-02-12 12:29:12.17375+00,0,false,,0,0.0379,0.00190000000000001,1,0.224155841453417,,"{""launch_dow"":3,""launch_utc_hour"":12,""price_zscore_6h"":0.904761904761905,""launch_local_hour"":12}",2026-02-12 12:29:12.29502+00,topup,
3073,aws,us-east-1,c6i.large,topup,min4_topup,60,meta_v3_ensemble_h1_hedge_persist,i-05ac041ac253df7cf,Interrupted,2026-02-12 12:29:20.797646+00,2026-02-12 12:41:23.359952+00,12.04,true,1,0,0.0345,-0.0068,1,0.0933202751305981,,"{""launch_dow"":3,""launch_utc_hour"":12,""price_zscore_6h"":-0.9714285714285715,""launch_local_hour"":12}",2026-02-12 12:41:23.881111+00,topup,
3074,aws,us-east-1,c6i.large,topup,min4_topup,60,meta_v3_ensemble_h1_hedge_persist,i-03bc7cfe0d1b6a4a0,Interrupted,2026-02-12 12:29:18.879596+00,2026-02-12 12:49:22.451522+00,20.06,true,1,0,0.0345,-0.0068,1,0.0940858274487297,,"{""launch_dow"":3,""launch_utc_hour"":12,""price_zscore_6h"":-0.9714285714285715,""launch_local_hour"":12}",2026-02-12 12:49:23.231587+00,topup,
3098,aws,us-east-1,t3a.large,topup,min4_topup,60,meta_v3_ensemble_h1_hedge_persist,i-0cca655813c71936c,Censored (Stopped by Design),2026-02-12 12:28:38.263403+00,2026-02-12 13:28:50.811217+00,60.21,false,,1,0.0379,0.00190000000000001,1,0.226991381935462,,"{""launch_dow"":3,""launch_utc_hour"":12,""price_zscore_6h"":0.904761904761905,""launch_local_hour"":12}",2026-02-12 13:28:51.437073+00,topup,
3099,aws,us-east-1,m6a.large,topup,min4_topup,60,meta_v3_ensemble_h1_hedge_persist,i-07fe18a70a2a8a8fb,Censored (Stopped by Design),2026-02-12 12:29:13.732135+00,2026-02-12 13:29:26.551723+00,60.21,false,,1,0.046,-0.0171,1,0.0118072796375952,,"{""launch_dow"":3,""launch_utc_hour"":12,""price_zscore_6h"":-0.9884393063583816,""launch_local_hour"":12}",2026-02-12 13:29:27.175832+00,topup,
3102,aws,us-east-1,t3a.large,topup,min4_topup,60,meta_v3_ensemble_h1_hedge_persist,i-021c9f43b7ab87535,Interrupted,2026-02-12 13:31:06.926302+00,2026-02-12 13:51:10.398967+00,20.06,true,1,0,0.0275,-0.0104,1,0.235262760353681,,"{""launch_dow"":3,""launch_utc_hour"":13,""price_zscore_6h"":-0.9811320754716981,""launch_local_hour"":13}",2026-02-12 13:51:10.58914+00,topup,
3104,aws,us-east-1,t3a.large,topup,min4_topup,60,meta_v3_ensemble_h1_hedge_persist,i-099b20af5aea6c1be,Interrupted,2026-02-12 13:31:08.992252+00,2026-02-12 13:51:12.292406+00,20.06,true,1,0,0.0275,-0.0104,1,0.226350639546876,,"{""launch_dow"":3,""launch_utc_hour"":13,""price_zscore_6h"":-0.9811320754716981,""launch_local_hour"":13}",2026-02-12 13:51:12.427042+00,topup,
3126,aws,us-west-2,t3a.large,topup,min4_topup,60,meta_v3_ensemble_h1_hedge_persist,i-03e7d19c8c8b2364e,Censored (Stopped by Design),2026-02-12 13:31:10.947318+00,2026-02-12 14:31:26.076678+00,60.25,false,,1,0.0294,-0.0057,1,0.0103713684392705,,"{""launch_dow"":3,""launch_utc_hour"":13,""price_zscore_6h"":-0.9661016949152543,""launch_local_hour"":13}",2026-02-12 14:31:26.991593+00,topup,
3127,aws,us-west-2,m6a.large,topup,min4_topup,60,meta_v3_ensemble_h1_hedge_persist,i-098971b8fd738531e,Censored (Stopped by Design),2026-02-12 13:31:16.267074+00,2026-02-12 14:31:31.70121+00,60.26,false,,1,0.0416,-0.0158,1,0.0162066852114567,,"{""launch_dow"":3,""launch_utc_hour"":13,""price_zscore_6h"":-0.9875,""launch_local_hour"":13}",2026-02-12 14:31:32.670063+00,topup,
3152,aws,us-east-1,t3a.large,topup,min4_topup,60,meta_v3_ensemble_h1_hedge_persist,i-0d52fb1155a08e2f1,Censored (Stopped by Design),2026-02-12 14:32:47.46434+00,2026-02-12 15:32:56.898481+00,60.16,false,,1,0.0275,-0.0104,1,0.269542217173889,,"{""launch_dow"":3,""launch_utc_hour"":14,""price_zscore_6h"":-0.9811320754716981,""launch_local_hour"":14}",2026-02-12 15:32:57.453948+00,topup,
3153,aws,us-east-1,m6a.large,topup,min4_topup,60,meta_v3_ensemble_h1_hedge_persist,i-03e5eed5cf85ae6d2,Censored (Stopped by Design),2026-02-12 14:32:49.469668+00,2026-02-12 15:33:01.74125+00,60.2,false,,1,0.046,-0.0171,1,0.0105431062958653,,"{""launch_dow"":3,""launch_utc_hour"":14,""price_zscore_6h"":-0.9884393063583816,""launch_local_hour"":14}",2026-02-12 15:33:02.396828+00,topup,
3154,aws,us-west-2,m6a.large,topup,min4_topup,60,meta_v3_ensemble_h1_hedge_persist,i-0191067e7b5c1e4e2,Censored (Stopped by Design),2026-02-12 14:32:54.752697+00,2026-02-12 15:33:07.071203+00,60.21,false,,1,0.0504,0.0088,1,0.0161856247247621,,"{""launch_dow"":3,""launch_utc_hour"":14,""price_zscore_6h"":0.9777777777777777,""launch_local_hour"":14}",2026-02-12 15:33:07.652851+00,topup,
3179,aws,us-east-1,m6a.large,topup,min4_topup,60,meta_v3_ensemble_h1_hedge_persist,i-0d2b2e5f7267e4abc,Censored (Stopped by Design),2026-02-12 15:34:45.933373+00,2026-02-12 16:34:58.24121+00,60.21,false,,1,0.0633,0.0173,1,0.0110424537239686,,"{""launch_dow"":3,""launch_utc_hour"":15,""price_zscore_6h"":0.9885714285714287,""launch_local_hour"":15}",2026-02-12 16:34:58.843563+00,topup,
3180,aws,us-east-1,m6a.large,topup,min4_topup,60,meta_v3_ensemble_h1_hedge_persist,i-05f73e9042076e1e4,Censored (Stopped by Design),2026-02-12 15:34:50.889034+00,2026-02-12 16:35:03.521215+00,60.21,false,,1,0.0633,0.0173,1,0.0115417550887019,,"{""launch_dow"":3,""launch_utc_hour"":15,""price_zscore_6h"":0.9885714285714287,""launch_local_hour"":15}",2026-02-12 16:35:04.220505+00,topup,
3181,aws,us-east-1,m6a.large,topup,min4_topup,60,meta_v3_ensemble_h1_hedge_persist,i-0830a8fb04cfacc68,Censored (Stopped by Design),2026-02-12 15:34:55.831502+00,2026-02-12 16:35:08.083195+00,60.2,false,,1,0.0633,0.0173,1,0.0107696692278893,,"{""launch_dow"":3,""launch_utc_hour"":15,""price_zscore_6h"":0.9885714285714287,""launch_local_hour"":15}",2026-02-12 16:35:08.639386+00,topup,
3182,aws,us-west-2,t3a.large,topup,min4_topup,60,meta_v3_ensemble_h1_hedge_persist,i-06e352a3f9e6a1371,Censored (Stopped by Design),2026-02-12 15:35:00.934491+00,2026-02-12 16:35:15.221216+00,60.24,false,,1,0.0348,-0.000400000000000005,1,0.00963697899286028,,"{""launch_dow"":3,""launch_utc_hour"":15,""price_zscore_6h"":-0.6666666666666692,""launch_local_hour"":15}",2026-02-12 16:35:15.99686+00,topup,
3183,aws,us-west-2,t3a.large,topup,min4_topup,60,meta_v3_ensemble_h1_hedge_persist,i-0c4dbc32a62b310ec,Censored (Stopped by Design),2026-02-12 15:35:03.06799+00,2026-02-12 16:35:15.443077+00,60.21,false,,1,0.0348,-0.000400000000000005,1,0.0106952671050791,,"{""launch_dow"":3,""launch_utc_hour"":15,""price_zscore_6h"":-0.6666666666666692,""launch_local_hour"":15}",2026-02-12 16:35:16.203026+00,topup,
3184,aws,us-west-2,m6a.large,topup,min4_topup,60,meta_v3_ensemble_h1_hedge_persist,i-0a642c2a8d8e64f88,Censored (Stopped by Design),2026-02-12 15:35:05.423018+00,2026-02-12 16:35:17.851201+00,60.21,false,,1,0.0569,0.0065,1,0.0158817921659433,,"{""launch_dow"":3,""launch_utc_hour"":15,""price_zscore_6h"":0.9701492537313433,""launch_local_hour"":15}",2026-02-12 16:35:18.352033+00,topup,
3185,aws,us-west-2,m6a.large,topup,min4_topup,60,meta_v3_ensemble_h1_hedge_persist,i-0240f5beaa75a61cd,Censored (Stopped by Design),2026-02-12 15:35:07.666592+00,2026-02-12 16:35:22.481217+00,60.25,false,,1,0.0569,0.0065,1,0.01674227038451,,"{""launch_dow"":3,""launch_utc_hour"":15,""price_zscore_6h"":0.9701492537313433,""launch_local_hour"":15}",2026-02-12 16:35:23.034118+00,topup,
3186,aws,us-east-1,t3a.large,topup,min4_topup,60,meta_v3_ensemble_h1_hedge_persist,i-07617d37640041ffd,Interrupted,2026-02-12 16:37:05.457847+00,2026-02-12 16:43:09.994145+00,6.08,true,1,0,0.0282,-0.0098,1,0.255179152597514,,"{""launch_dow"":3,""launch_utc_hour"":16,""price_zscore_6h"":-0.98,""launch_local_hour"":16}",2026-02-12 16:43:10.620038+00,topup,
3187,aws,us-east-1,t3a.large,topup,min4_topup,60,meta_v3_ensemble_h1_hedge_persist,i-09e17821c2c8d2d54,Interrupted,2026-02-12 16:37:15.408746+00,2026-02-12 16:43:19.921394+00,6.08,true,1,0,0.0282,-0.0098,1,0.259954533497627,,"{""launch_dow"":3,""launch_utc_hour"":16,""price_zscore_6h"":-0.98,""launch_local_hour"":16}",2026-02-12 16:43:20.074441+00,topup,
3189,aws,us-east-1,t3a.large,topup,min4_topup,60,meta_v3_ensemble_h1_hedge_persist,i-0d2399d4896869fb3,Interrupted,2026-02-12 16:37:10.402495+00,2026-02-12 16:44:15.053004+00,7.08,true,1,0,0.0282,-0.0098,1,0.258230719752099,,"{""launch_dow"":3,""launch_utc_hour"":16,""price_zscore_6h"":-0.98,""launch_local_hour"":16}",2026-02-12 16:44:15.236534+00,topup,
3213,aws,us-east-1,c6i.large,topup,min4_topup,60,meta_v3_ensemble_h1_hedge_persist,i-0e612b89d239c6c28,Censored (Stopped by Design),2026-02-12 16:37:20.348754+00,2026-02-12 17:37:32.341213+00,60.2,false,,1,0.0357,-0.0028,1,0.125051225918129,,"{""launch_dow"":3,""launch_utc_hour"":16,""price_zscore_6h"":-0.9333333333333332,""launch_local_hour"":16}",2026-02-12 17:37:32.973535+00,topup,
3237,aws,us-east-1,t3a.large,topup,min4_topup,60,meta_v3_ensemble_h1_hedge_persist,i-0001ea0dda816cb5a,Censored (Stopped by Design),2026-02-12 17:38:59.16707+00,2026-02-12 18:39:08.729298+00,60.16,false,,1,0.0282,-0.0098,1,0.26902248099601,,"{""launch_dow"":3,""launch_utc_hour"":17,""price_zscore_6h"":-0.98,""launch_local_hour"":17}",2026-02-12 18:39:09.301015+00,topup,
3239,aws,us-east-1,t3a.large,topup,min4_topup,60,meta_v3_ensemble_h1_hedge_persist,i-062ebbb6cf00e669b,Censored (Stopped by Design),2026-02-12 17:39:00.957212+00,2026-02-12 18:39:12.841226+00,60.2,false,,1,0.0282,-0.0098,1,0.271433209070832,,"{""launch_dow"":3,""launch_utc_hour"":17,""price_zscore_6h"":-0.98,""launch_local_hour"":17}",2026-02-12 18:39:13.366936+00,topup,
3240,aws,us-west-2,t3a.large,topup,min4_topup,60,meta_v3_ensemble_h1_hedge_persist,i-0c558cbf096162dd2,Censored (Stopped by Design),2026-02-12 17:39:06.043759+00,2026-02-12 18:39:21.875124+00,60.26,false,,1,0.0356,0.000800000000000002,1,0.00986173413880397,,"{""launch_dow"":3,""launch_utc_hour"":17,""price_zscore_6h"":0.8000000000000004,""launch_local_hour"":17}",2026-02-12 18:39:22.523212+00,topup,
3241,aws,us-west-2,t3a.large,topup,min4_topup,60,meta_v3_ensemble_h1_hedge_persist,i-01bf77e3c436c6329,Censored (Stopped by Design),2026-02-12 17:39:11.274383+00,2026-02-12 18:39:26.171214+00,60.25,false,,1,0.0356,0.000800000000000002,1,0.0112713129195554,,"{""launch_dow"":3,""launch_utc_hour"":17,""price_zscore_6h"":0.8000000000000004,""launch_local_hour"":17}",2026-02-12 18:39:26.696631+00,topup,
3242,aws,us-west-2,m6a.large,topup,min4_topup,60,meta_v3_ensemble_h1_hedge_persist,i-03597b92b421b6f30,Censored (Stopped by Design),2026-02-12 17:39:16.566624+00,2026-02-12 18:39:32.096049+00,60.26,false,,1,0.0694,0.0125,1,0.0165049275720337,,"{""launch_dow"":3,""launch_utc_hour"":17,""price_zscore_6h"":0.9842519685039369,""launch_local_hour"":17}",2026-02-12 18:39:33.02789+00,topup,
3243,aws,us-west-2,m6a.large,topup,min4_topup,60,meta_v3_ensemble_h1_hedge_persist,i-03207c9dd9b601dcc,Censored (Stopped by Design),2026-02-12 17:39:21.816289+00,2026-02-12 18:39:37.531207+00,60.26,false,,1,0.0694,0.0125,1,0.0160194282645181,,"{""launch_dow"":3,""launch_utc_hour"":17,""price_zscore_6h"":0.9842519685039369,""launch_local_hour"":17}",2026-02-12 18:39:38.206845+00,topup,
3244,aws,us-west-2,m6a.large,topup,min4_topup,60,meta_v3_ensemble_h1_hedge_persist,i-016827bc76c986378,Censored (Stopped by Design),2026-02-12 17:39:27.082423+00,2026-02-12 18:39:42.501214+00,60.26,false,,1,0.0694,0.0125,1,0.01485880418477,,"{""launch_dow"":3,""launch_utc_hour"":17,""price_zscore_6h"":0.9842519685039369,""launch_local_hour"":17}",2026-02-12 18:39:43.027226+00,topup,
3269,aws,us-east-1,m6a.large,topup,min4_topup,60,meta_v3_ensemble_h1_hedge_persist,i-0f621fbf6c7e9bd1a,Censored (Stopped by Design),2026-02-12 18:41:35.670126+00,2026-02-12 19:41:48.288039+00,60.21,false,,1,0.0633,0.0173,1,0.00962930282822001,,"{""launch_dow"":3,""launch_utc_hour"":18,""price_zscore_6h"":0.9885714285714287,""launch_local_hour"":18}",2026-02-12 19:41:48.853455+00,topup,
3270,aws,us-east-1,m6a.large,topup,min4_topup,60,meta_v3_ensemble_h1_hedge_persist,i-02c82c35f985ed5e0,Censored (Stopped by Design),2026-02-12 18:41:40.722232+00,2026-02-12 19:41:53.93122+00,60.22,false,,1,0.0633,0.0173,1,0.00928342733430815,,"{""launch_dow"":3,""launch_utc_hour"":18,""price_zscore_6h"":0.9885714285714287,""launch_local_hour"":18}",2026-02-12 19:41:54.505245+00,topup,
3271,aws,us-east-1,m6a.large,topup,min4_topup,60,meta_v3_ensemble_h1_hedge_persist,i-02710486fb0467905,Censored (Stopped by Design),2026-02-12 18:41:45.712152+00,2026-02-12 19:41:58.377392+00,60.21,false,,1,0.0633,0.0173,1,0.00912681083631189,,"{""launch_dow"":3,""launch_utc_hour"":18,""price_zscore_6h"":0.9885714285714287,""launch_local_hour"":18}",2026-02-12 19:41:58.8658+00,topup,
3272,aws,us-west-2,c6i.large,topup,min4_topup,60,meta_v3_ensemble_h1_hedge_persist,i-0f7b32e3fa3e1aaab,Censored (Stopped by Design),2026-02-12 18:41:50.866242+00,2026-02-12 19:42:06.411206+00,60.26,false,,1,0.0398,0.0015,1,0.0556119265248977,,"{""launch_dow"":3,""launch_utc_hour"":18,""price_zscore_6h"":0.8823529411764707,""launch_local_hour"":18}",2026-02-12 19:42:07.183674+00,topup,
3273,aws,us-west-2,c6i.large,topup,min4_topup,60,meta_v3_ensemble_h1_hedge_persist,i-0877e4bc424b59128,Censored (Stopped by Design),2026-02-12 18:41:56.116537+00,2026-02-12 19:42:12.021202+00,60.27,false,,1,0.0398,0.0015,1,0.0574628357565317,,"{""launch_dow"":3,""launch_utc_hour"":18,""price_zscore_6h"":0.8823529411764707,""launch_local_hour"":18}",2026-02-12 19:42:12.655759+00,topup,
3280,aws,us-east-1,t3a.large,topup,min4_topup,60,meta_v3_ensemble_h1_hedge_persist,i-0ca33956a55de9049,Interrupted,2026-02-12 19:43:56.11812+00,2026-02-12 20:08:00.19709+00,24.07,true,1,0,0.0274,-0.000799999999999999,1,0.189791375862743,,"{""launch_dow"":3,""launch_utc_hour"":19,""price_zscore_6h"":-0.7999999999999996,""launch_local_hour"":19}",2026-02-12 20:08:00.701068+00,topup,
3299,aws,us-east-1,c6i.large,topup,min4_topup,60,meta_v3_ensemble_h1_hedge_persist,i-06841ffc4cfbed6f6,Censored (Stopped by Design),2026-02-12 19:43:58.018099+00,2026-02-12 20:44:10.741209+00,60.21,false,,1,0.0403,0.0046,1,0.102449340003337,,"{""launch_dow"":3,""launch_utc_hour"":19,""price_zscore_6h"":0.9583333333333334,""launch_local_hour"":19}",2026-02-12 20:44:11.383577+00,topup,
3300,aws,us-west-2,m6a.large,topup,min4_topup,60,meta_v3_ensemble_h1_hedge_persist,i-061b47854e6941287,Censored (Stopped by Design),2026-02-12 19:44:03.249533+00,2026-02-12 20:44:19.861208+00,60.28,false,,1,0.0414,-0.028,1,0.0139996648707269,,"{""launch_dow"":3,""launch_utc_hour"":19,""price_zscore_6h"":-0.9929078014184397,""launch_local_hour"":19}",2026-02-12 20:44:20.382597+00,topup,
3301,aws,us-west-2,m6a.large,topup,min4_topup,60,meta_v3_ensemble_h1_hedge_persist,i-0dc33ff111aaa6f59,Censored (Stopped by Design),2026-02-12 19:44:08.567307+00,2026-02-12 20:44:24.961204+00,60.27,false,,1,0.0414,-0.028,1,0.0131549360284964,,"{""launch_dow"":3,""launch_utc_hour"":19,""price_zscore_6h"":-0.9929078014184397,""launch_local_hour"":19}",2026-02-12 20:44:25.670881+00,topup,
3337,aws,us-east-1,t3a.large,topup,min4_topup,60,meta_v3_ensemble_h1_hedge_persist,i-0cd979b84aa9d4254,Censored (Stopped by Design),2026-02-12 23:55:14.681333+00,2026-02-13 00:55:23.641208+00,60.15,false,,1,0.0381,0.0028,1,0.23516725004412,,"{""launch_dow"":3,""launch_utc_hour"":23,""price_zscore_6h"":0.9333333333333333,""launch_local_hour"":23}",2026-02-13 00:55:24.16461+00,topup,
3338,aws,us-east-1,c6i.large,topup,min4_topup,60,meta_v3_ensemble_h1_hedge_persist,i-0dfb035c59596116a,Censored (Stopped by Design),2026-02-12 23:55:16.640672+00,2026-02-13 00:55:26.209308+00,60.16,false,,1,0.0362,-0.0041,1,0.194287727259132,,"{""launch_dow"":3,""launch_utc_hour"":23,""price_zscore_6h"":-0.9534883720930233,""launch_local_hour"":23}",2026-02-13 00:55:26.756411+00,topup,
3339,aws,us-west-2,t3a.large,topup,min4_topup,60,meta_v3_ensemble_h1_hedge_persist,i-051eac9db80ede63e,Censored (Stopped by Design),2026-02-12 23:55:18.667309+00,2026-02-13 00:55:31.2232+00,60.21,false,,1,0.0347,-0.000899999999999998,1,0.00955931108606516,,"{""launch_dow"":3,""launch_utc_hour"":23,""price_zscore_6h"":-0.8181818181818178,""launch_local_hour"":23}",2026-02-13 00:55:31.778176+00,topup,
3340,aws,us-west-2,t3a.large,topup,min4_topup,60,meta_v3_ensemble_h1_hedge_persist,i-07259a1bbf2811ff9,Censored (Stopped by Design),2026-02-12 23:55:20.619119+00,2026-02-13 00:55:36.563861+00,60.27,false,,1,0.0347,-0.000899999999999998,1,0.00942464169374545,,"{""launch_dow"":3,""launch_utc_hour"":23,""price_zscore_6h"":-0.8181818181818178,""launch_local_hour"":23}",2026-02-13 00:55:37.107232+00,topup,
3365,aws,us-west-2,m6a.large,topup,min4_topup,60,meta_v3_ensemble_h1_hedge_persist,i-05c8adb3ecf6fd6d4,Censored (Stopped by Design),2026-02-13 00:57:43.266879+00,2026-02-13 01:57:54.940278+00,60.19,false,,1,0.0692,0.0125,1,0.0118522835301101,,"{""launch_dow"":4,""launch_utc_hour"":0,""price_zscore_6h"":0.9842519685039369,""launch_local_hour"":0}",2026-02-13 01:57:55.515595+00,topup,
3366,aws,us-west-2,c6i.large,topup,min4_topup,60,meta_v3_ensemble_h1_hedge_persist,i-0ae4b29db824e6ad3,Censored (Stopped by Design),2026-02-13 00:57:45.349189+00,2026-02-13 01:58:00.581209+00,60.25,false,,1,0.0362,-0.0046,1,0.0448977110894655,,"{""launch_dow"":4,""launch_utc_hour"":0,""price_zscore_6h"":-0.9583333333333334,""launch_local_hour"":0}",2026-02-13 01:58:01.207576+00,topup,
3391,aws,us-east-1,m6a.large,topup,min4_topup,60,meta_v3_ensemble_h1_hedge_persist,i-0ceb20e404bac614d,Censored (Stopped by Design),2026-02-13 01:59:34.709211+00,2026-02-13 02:59:47.181214+00,60.21,false,,1,0.0635,0.02,1,0.0109739878796997,,"{""launch_dow"":4,""launch_utc_hour"":1,""price_zscore_6h"":0.9900990099009902,""launch_local_hour"":1}",2026-02-13 02:59:47.747553+00,topup,
3392,aws,us-east-1,m6a.large,topup,min4_topup,60,meta_v3_ensemble_h1_hedge_persist,i-0347be1edd59d9418,Censored (Stopped by Design),2026-02-13 01:59:39.69974+00,2026-02-13 02:59:52.01121+00,60.21,false,,1,0.0635,0.02,1,0.00994430897148301,,"{""launch_dow"":4,""launch_utc_hour"":1,""price_zscore_6h"":0.9900990099009902,""launch_local_hour"":1}",2026-02-13 02:59:52.549401+00,topup,
3393,aws,us-west-2,m6a.large,topup,min4_topup,60,meta_v3_ensemble_h1_hedge_persist,i-0bcb5d106a9f166ee,Censored (Stopped by Design),2026-02-13 01:59:44.834571+00,2026-02-13 02:59:59.65016+00,60.25,false,,1,0.0692,0.0125,1,0.0117721855766544,,"{""launch_dow"":4,""launch_utc_hour"":1,""price_zscore_6h"":0.9842519685039369,""launch_local_hour"":1}",2026-02-13 03:00:00.226755+00,topup,
3394,aws,us-west-2,m6a.large,topup,min4_topup,60,meta_v3_ensemble_h1_hedge_persist,i-0ebb143d906da715b,Censored (Stopped by Design),2026-02-13 01:59:46.713928+00,2026-02-13 03:00:01.981232+00,60.25,false,,1,0.0692,0.0125,1,0.0111285805687877,,"{""launch_dow"":4,""launch_utc_hour"":1,""price_zscore_6h"":0.9842519685039369,""launch_local_hour"":1}",2026-02-13 03:00:02.811713+00,topup,
3395,aws,us-west-2,m6a.large,topup,min4_topup,60,meta_v3_ensemble_h1_hedge_persist,i-0e58709af90a60544,Censored (Stopped by Design),2026-02-13 01:59:51.920466+00,2026-02-13 03:00:03.78125+00,60.2,false,,1,0.0692,0.0125,1,0.0114791843641878,,"{""launch_dow"":4,""launch_utc_hour"":1,""price_zscore_6h"":0.9842519685039369,""launch_local_hour"":1}",2026-02-13 03:00:04.351377+00,topup,
3396,aws,us-west-2,c6i.large,topup,min4_topup,60,meta_v3_ensemble_h1_hedge_persist,i-086fd5a8cf6f2e904,Censored (Stopped by Design),2026-02-13 01:59:53.950782+00,2026-02-13 03:00:09.301205+00,60.26,false,,1,0.0362,-0.0046,1,0.0303016459176394,,"{""launch_dow"":4,""launch_utc_hour"":1,""price_zscore_6h"":-0.9583333333333334,""launch_local_hour"":1}",2026-02-13 03:00:09.905476+00,topup,
3399,aws,us-east-1,t3a.large,topup,min4_topup,60,meta_v3_ensemble_h1_hedge_persist,i-0d6b42f93bdd75406,Interrupted,2026-02-13 03:01:36.957007+00,2026-02-13 03:55:45.426836+00,54.14,true,1,0,0.0352,0.0071,1,0.145188584903479,,"{""launch_dow"":4,""launch_utc_hour"":3,""price_zscore_6h"":0.9726027397260274,""launch_local_hour"":3}",2026-02-13 03:55:46.373058+00,topup,
3421,aws,us-east-1,t3a.large,topup,min4_topup,60,meta_v3_ensemble_h1_hedge_persist,i-0cf55e4683b0e6115,Censored (Stopped by Design),2026-02-13 03:01:35.051619+00,2026-02-13 04:01:44.344466+00,60.15,false,,1,0.0352,0.0071,1,0.144348111811871,,"{""launch_dow"":4,""launch_utc_hour"":3,""price_zscore_6h"":0.9726027397260274,""launch_local_hour"":3}",2026-02-13 04:01:44.870956+00,topup,
3423,aws,us-east-1,m6a.large,topup,min4_topup,60,meta_v3_ensemble_h1_hedge_persist,i-08a800c5a9ba6e712,Censored (Stopped by Design),2026-02-13 03:01:38.855577+00,2026-02-13 04:01:51.946383+00,60.22,false,,1,0.0635,0.02,1,0.00988246871724691,,"{""launch_dow"":4,""launch_utc_hour"":3,""price_zscore_6h"":0.9900990099009902,""launch_local_hour"":3}",2026-02-13 04:01:52.534423+00,topup,
3424,aws,us-west-2,t3a.large,topup,min4_topup,60,meta_v3_ensemble_h1_hedge_persist,i-0c625d01a484bdc84,Censored (Stopped by Design),2026-02-13 03:01:44.06622+00,2026-02-13 04:01:55.885114+00,60.2,false,,1,0.0295,-0.0052,1,0.00975673678043567,,"{""launch_dow"":4,""launch_utc_hour"":3,""price_zscore_6h"":-0.962962962962963,""launch_local_hour"":3}",2026-02-13 04:01:56.471699+00,topup,
3425,aws,us-west-2,t3a.large,topup,min4_topup,60,meta_v3_ensemble_h1_hedge_persist,i-07bc62d2489a793b4,Censored (Stopped by Design),2026-02-13 03:01:46.012498+00,2026-02-13 04:01:57.631221+00,60.19,false,,1,0.0295,-0.0052,1,0.00969893608543519,,"{""launch_dow"":4,""launch_utc_hour"":3,""price_zscore_6h"":-0.962962962962963,""launch_local_hour"":3}",2026-02-13 04:01:58.143254+00,topup,
3450,aws,us-east-1,t3a.large,topup,min4_topup,60,meta_v3_ensemble_h1_hedge_persist,i-02e02d41b4542a1b5,Censored (Stopped by Design),2026-02-13 04:03:23.830361+00,2026-02-13 05:03:36.131216+00,60.21,false,,1,0.038,0.0028,1,0.160775605190949,,"{""launch_dow"":4,""launch_utc_hour"":4,""price_zscore_6h"":0.9333333333333332,""launch_local_hour"":4}",2026-02-13 05:03:36.742138+00,topup,
3451,aws,us-east-1,c6i.large,topup,min4_topup,60,meta_v3_ensemble_h1_hedge_persist,i-07e24b993dac4978a,Censored (Stopped by Design),2026-02-13 04:03:28.944986+00,2026-02-13 05:03:41.711243+00,60.21,false,,1,0.0383,0.0021,1,0.162232675038495,,"{""launch_dow"":4,""launch_utc_hour"":4,""price_zscore_6h"":0.9130434782608694,""launch_local_hour"":4}",2026-02-13 05:03:42.269319+00,topup,
3452,aws,us-west-2,t3a.large,topup,min4_topup,60,meta_v3_ensemble_h1_hedge_persist,i-0dccb6467091d9fcb,Censored (Stopped by Design),2026-02-13 04:03:34.050013+00,2026-02-13 05:03:48.306704+00,60.24,false,,1,0.0295,-0.0052,1,0.00918694549361038,,"{""launch_dow"":4,""launch_utc_hour"":4,""price_zscore_6h"":-0.962962962962963,""launch_local_hour"":4}",2026-02-13 05:03:48.914955+00,topup,
3477,aws,us-east-1,m6a.large,topup,min4_topup,60,meta_v3_ensemble_h1_hedge_persist,i-0a50bded7b6c0e7af,Censored (Stopped by Design),2026-02-13 05:05:24.530139+00,2026-02-13 06:05:36.511228+00,60.2,false,,1,0.0434,-0.0025,1,0.0117830060153344,,"{""launch_dow"":4,""launch_utc_hour"":5,""price_zscore_6h"":-0.9259259259259259,""launch_local_hour"":5}",2026-02-13 06:05:37.112556+00,topup,
3478,aws,us-east-1,m6a.large,topup,min4_topup,60,meta_v3_ensemble_h1_hedge_persist,i-0a4ff435d69cc4a25,Censored (Stopped by Design),2026-02-13 05:05:29.769336+00,2026-02-13 06:05:42.168102+00,60.21,false,,1,0.0434,-0.0025,1,0.0106756096421589,,"{""launch_dow"":4,""launch_utc_hour"":5,""price_zscore_6h"":-0.9259259259259259,""launch_local_hour"":5}",2026-02-13 06:05:42.802009+00,topup,
3479,aws,us-west-2,t3a.large,topup,min4_topup,60,meta_v3_ensemble_h1_hedge_persist,i-03d1ec159bfa60284,Censored (Stopped by Design),2026-02-13 05:05:34.880809+00,2026-02-13 06:05:52.22121+00,60.29,false,,1,0.0295,-0.0052,1,0.00936711307507849,,"{""launch_dow"":4,""launch_utc_hour"":5,""price_zscore_6h"":-0.962962962962963,""launch_local_hour"":5}",2026-02-13 06:05:53.018702+00,topup,
3480,aws,us-west-2,c6i.large,topup,min4_topup,60,meta_v3_ensemble_h1_hedge_persist,i-0a1344e51c2ab0b59,Censored (Stopped by Design),2026-02-13 05:05:40.172549+00,2026-02-13 06:05:55.664495+00,60.26,false,,1,0.0386,-0.0011,1,0.0285443512557929,,"{""launch_dow"":4,""launch_utc_hour"":5,""price_zscore_6h"":-0.8461538461538457,""launch_local_hour"":5}",2026-02-13 06:05:56.197881+00,topup,
3481,aws,us-west-2,c6i.large,topup,min4_topup,60,meta_v3_ensemble_h1_hedge_persist,i-05b9bacee21da0962,Censored (Stopped by Design),2026-02-13 05:05:45.484209+00,2026-02-13 06:05:57.836709+00,60.21,false,,1,0.0386,-0.0011,1,0.0292073791390561,,"{""launch_dow"":4,""launch_utc_hour"":5,""price_zscore_6h"":-0.8461538461538457,""launch_local_hour"":5}",2026-02-13 06:05:58.415988+00,topup,
3482,aws,us-west-2,c6i.large,topup,min4_topup,60,meta_v3_ensemble_h1_hedge_persist,i-0ccbf4cdd5344915b,Censored (Stopped by Design),2026-02-13 05:05:47.482117+00,2026-02-13 06:06:02.991215+00,60.26,false,,1,0.0386,-0.0011,1,0.0284126379715852,,"{""launch_dow"":4,""launch_utc_hour"":5,""price_zscore_6h"":-0.8461538461538457,""launch_local_hour"":5}",2026-02-13 06:06:03.634767+00,topup,
3507,aws,us-east-1,t3a.large,topup,min4_topup,60,meta_v3_ensemble_h1_hedge_persist,i-091960e46d5b19abb,Censored (Stopped by Design),2026-02-13 06:07:48.857174+00,2026-02-13 07:08:01.240403+00,60.21,false,,1,0.028,-0.008,1,0.174084305877719,,"{""launch_dow"":4,""launch_utc_hour"":6,""price_zscore_6h"":-0.975609756097561,""launch_local_hour"":6}",2026-02-13 07:08:01.820708+00,topup,
3508,aws,us-east-1,t3a.large,topup,min4_topup,60,meta_v3_ensemble_h1_hedge_persist,i-0017a39bbea2ba23a,Censored (Stopped by Design),2026-02-13 06:07:53.826183+00,2026-02-13 07:08:06.841205+00,60.22,false,,1,0.028,-0.008,1,0.168412730810754,,"{""launch_dow"":4,""launch_utc_hour"":6,""price_zscore_6h"":-0.975609756097561,""launch_local_hour"":6}",2026-02-13 07:08:07.727348+00,topup,
3509,aws,us-east-1,m6a.large,topup,min4_topup,60,meta_v3_ensemble_h1_hedge_persist,i-0e770a003af4cb44c,Censored (Stopped by Design),2026-02-13 06:07:58.74585+00,2026-02-13 07:08:11.041211+00,60.2,false,,1,0.0434,-0.0025,1,0.00981024183131073,,"{""launch_dow"":4,""launch_utc_hour"":6,""price_zscore_6h"":-0.9259259259259259,""launch_local_hour"":6}",2026-02-13 07:08:11.563308+00,topup,
3510,aws,us-east-1,m6a.large,topup,min4_topup,60,meta_v3_ensemble_h1_hedge_persist,i-02fe989c19e6ab790,Censored (Stopped by Design),2026-02-13 06:08:03.826944+00,2026-02-13 07:08:16.261227+00,60.21,false,,1,0.0434,-0.0025,1,0.0106510962483539,,"{""launch_dow"":4,""launch_utc_hour"":6,""price_zscore_6h"":-0.9259259259259259,""launch_local_hour"":6}",2026-02-13 07:08:16.845225+00,topup,
3511,aws,us-east-1,m6a.large,topup,min4_topup,60,meta_v3_ensemble_h1_hedge_persist,i-0290320ce2f5d52ce,Censored (Stopped by Design),2026-02-13 06:08:08.993716+00,2026-02-13 07:08:21.079886+00,60.2,false,,1,0.0434,-0.0025,1,0.0104208329578298,,"{""launch_dow"":4,""launch_utc_hour"":6,""price_zscore_6h"":-0.9259259259259259,""launch_local_hour"":6}",2026-02-13 07:08:21.653953+00,topup,
3512,aws,us-west-2,t3a.large,topup,min4_topup,60,meta_v3_ensemble_h1_hedge_persist,i-07f3b0a5580d28eed,Censored (Stopped by Design),2026-02-13 06:08:14.098568+00,2026-02-13 07:08:29.84764+00,60.26,false,,1,0.0295,-0.0052,1,0.0101027131958312,,"{""launch_dow"":4,""launch_utc_hour"":6,""price_zscore_6h"":-0.962962962962963,""launch_local_hour"":6}",2026-02-13 07:08:30.347492+00,topup,
3513,aws,us-west-2,t3a.large,topup,min4_topup,60,meta_v3_ensemble_h1_hedge_persist,i-0cf3b814486e9f6b5,Censored (Stopped by Design),2026-02-13 06:08:19.270843+00,2026-02-13 07:08:31.441218+00,60.2,false,,1,0.0295,-0.0052,1,0.0108871062827772,,"{""launch_dow"":4,""launch_utc_hour"":6,""price_zscore_6h"":-0.962962962962963,""launch_local_hour"":6}",2026-02-13 07:08:32.007063+00,topup,
3514,aws,us-west-2,c6i.large,topup,min4_topup,60,meta_v3_ensemble_h1_hedge_persist,i-0b091a752cfbe28d7,Censored (Stopped by Design),2026-02-13 06:08:21.311296+00,2026-02-13 07:08:36.801359+00,60.26,false,,1,0.0386,-0.0011,1,0.0279378480368384,,"{""launch_dow"":4,""launch_utc_hour"":6,""price_zscore_6h"":-0.8461538461538457,""launch_local_hour"":6}",2026-02-13 07:08:37.513659+00,topup,
3515,aws,us-west-2,c6i.large,topup,min4_topup,60,meta_v3_ensemble_h1_hedge_persist,i-042872fa350bb07ec,Censored (Stopped by Design),2026-02-13 06:08:26.603595+00,2026-02-13 07:08:41.901213+00,60.25,false,,1,0.0386,-0.0011,1,0.0277148284849855,,"{""launch_dow"":4,""launch_utc_hour"":6,""price_zscore_6h"":-0.8461538461538457,""launch_local_hour"":6}",2026-02-13 07:08:42.393568+00,topup,
3540,aws,us-east-1,m6a.large,topup,min4_topup,60,meta_v3_ensemble_h1_hedge_persist,i-03ed2fb2fdae08ea0,Censored (Stopped by Design),2026-02-13 07:10:32.460951+00,2026-02-13 08:10:44.741212+00,60.2,false,,1,0.0434,-0.0025,1,0.00958556858035738,,"{""launch_dow"":4,""launch_utc_hour"":7,""price_zscore_6h"":-0.9259259259259259,""launch_local_hour"":7}",2026-02-13 08:10:45.313205+00,topup,
3541,aws,us-west-2,t3a.large,topup,min4_topup,60,meta_v3_ensemble_h1_hedge_persist,i-0676493220205e6ab,Censored (Stopped by Design),2026-02-13 07:10:37.510012+00,2026-02-13 08:10:52.956836+00,60.26,false,,1,0.0353,0.0058,1,0.00988242094143774,,"{""launch_dow"":4,""launch_utc_hour"":7,""price_zscore_6h"":0.9666666666666667,""launch_local_hour"":7}",2026-02-13 08:10:53.599905+00,topup,
3542,aws,us-west-2,t3a.large,topup,min4_topup,60,meta_v3_ensemble_h1_hedge_persist,i-0abf2d2bce3387c3c,Censored (Stopped by Design),2026-02-13 07:10:42.819491+00,2026-02-13 08:10:54.391196+00,60.19,false,,1,0.0353,0.0058,1,0.0108362632584271,,"{""launch_dow"":4,""launch_utc_hour"":7,""price_zscore_6h"":0.9666666666666667,""launch_local_hour"":7}",2026-02-13 08:10:54.879289+00,topup,
3543,aws,us-west-2,m6a.large,topup,min4_topup,60,meta_v3_ensemble_h1_hedge_persist,i-0414ae867a41a9bba,Censored (Stopped by Design),2026-02-13 07:10:44.736667+00,2026-02-13 08:11:00.193582+00,60.26,false,,1,0.0566,0.0153,1,0.00974263410563468,,"{""launch_dow"":4,""launch_utc_hour"":7,""price_zscore_6h"":0.9870967741935484,""launch_local_hour"":7}",2026-02-13 08:11:00.845163+00,topup,
3568,aws,us-west-2,m6a.large,topup,min4_topup,60,meta_v3_ensemble_h1_hedge_persist,i-0019f061430a9e274,Censored (Stopped by Design),2026-02-13 08:12:42.361232+00,2026-02-13 09:12:57.42121+00,60.25,false,,1,0.0566,0.0153,1,0.0105205576308589,,"{""launch_dow"":4,""launch_utc_hour"":8,""price_zscore_6h"":0.9870967741935484,""launch_local_hour"":8}",2026-02-13 09:12:57.907124+00,topup,
3569,aws,us-west-2,c6i.large,topup,min4_topup,60,meta_v3_ensemble_h1_hedge_persist,i-057467de6c33492b3,Censored (Stopped by Design),2026-02-13 08:12:47.791717+00,2026-02-13 09:12:59.932361+00,60.2,false,,1,0.0386,-0.0011,1,0.0275376890133656,,"{""launch_dow"":4,""launch_utc_hour"":8,""price_zscore_6h"":-0.8461538461538457,""launch_local_hour"":8}",2026-02-13 09:13:00.503458+00,topup,
3570,aws,us-west-2,c6i.large,topup,min4_topup,60,meta_v3_ensemble_h1_hedge_persist,i-0599a1785dcb5a06f,Censored (Stopped by Design),2026-02-13 08:12:49.778348+00,2026-02-13 09:13:01.691313+00,60.2,false,,1,0.0386,-0.0011,1,0.027413353056725,,"{""launch_dow"":4,""launch_utc_hour"":8,""price_zscore_6h"":-0.8461538461538457,""launch_local_hour"":8}",2026-02-13 09:13:02.27032+00,topup,
3571,aws,us-west-2,c6i.large,topup,min4_topup,60,meta_v3_ensemble_h1_hedge_persist,i-0b568afe9652c78ce,Censored (Stopped by Design),2026-02-13 08:12:51.741442+00,2026-02-13 09:13:03.911533+00,60.2,false,,1,0.0386,-0.0011,1,0.0272385120261593,,"{""launch_dow"":4,""launch_utc_hour"":8,""price_zscore_6h"":-0.8461538461538457,""launch_local_hour"":8}",2026-02-13 09:13:04.473474+00,topup,
3572,aws,us-west-2,c6i.large,topup,min4_topup,60,meta_v3_ensemble_h1_hedge_persist,i-05d0b2c26c2d2bb85,Censored (Stopped by Design),2026-02-13 08:12:53.850503+00,2026-02-13 09:13:05.554959+00,60.2,false,,1,0.0386,-0.0011,1,0.0280688996258326,,"{""launch_dow"":4,""launch_utc_hour"":8,""price_zscore_6h"":-0.8461538461538457,""launch_local_hour"":8}",2026-02-13 09:13:06.129317+00,topup,
3597,aws,us-east-1,m6a.large,topup,min4_topup,60,meta_v3_ensemble_h1_hedge_persist,i-09681f590c31e01d2,Censored (Stopped by Design),2026-02-13 09:14:54.393758+00,2026-02-13 10:15:07.743544+00,60.22,false,,1,0.0531,-0.0103,1,0.0100521339418078,,"{""launch_dow"":4,""launch_utc_hour"":9,""price_zscore_6h"":-0.9809523809523809,""launch_local_hour"":9}",2026-02-13 10:15:08.351066+00,topup,
3598,aws,us-west-2,c6i.large,topup,min4_topup,60,meta_v3_ensemble_h1_hedge_persist,i-0c0dbcf03d9524b5b,Censored (Stopped by Design),2026-02-13 09:14:59.569279+00,2026-02-13 10:15:14.851203+00,60.25,false,,1,0.0395,0.000899999999999998,1,0.0271687117541693,,"{""launch_dow"":4,""launch_utc_hour"":9,""price_zscore_6h"":0.8181818181818178,""launch_local_hour"":9}",2026-02-13 10:15:15.589362+00,topup,
3623,aws,us-east-1,m6a.large,topup,min4_topup,60,meta_v3_ensemble_h1_hedge_persist,i-0900c582e529d2312,Censored (Stopped by Design),2026-02-13 10:16:39.715378+00,2026-02-13 11:16:51.981219+00,60.2,false,,1,0.0531,-0.0103,1,0.00958231968788853,,"{""launch_dow"":4,""launch_utc_hour"":10,""price_zscore_6h"":-0.9809523809523809,""launch_local_hour"":10}",2026-02-13 11:16:52.511293+00,topup,
3624,aws,us-east-1,m6a.large,topup,min4_topup,60,meta_v3_ensemble_h1_hedge_persist,i-0927179f647f27f74,Censored (Stopped by Design),2026-02-13 10:16:44.791036+00,2026-02-13 11:16:57.261218+00,60.21,false,,1,0.0531,-0.0103,1,0.00948882933230458,,"{""launch_dow"":4,""launch_utc_hour"":10,""price_zscore_6h"":-0.9809523809523809,""launch_local_hour"":10}",2026-02-13 11:16:57.806524+00,topup,
3625,aws,us-east-1,m6a.large,topup,min4_topup,60,meta_v3_ensemble_h1_hedge_persist,i-0606736151c51bee1,Censored (Stopped by Design),2026-02-13 10:16:49.8069+00,2026-02-13 11:17:02.901256+00,60.22,false,,1,0.0531,-0.0103,1,0.0107848638473752,,"{""launch_dow"":4,""launch_utc_hour"":10,""price_zscore_6h"":-0.9809523809523809,""launch_local_hour"":10}",2026-02-13 11:17:03.523605+00,topup,
3626,aws,us-east-1,c6i.large,topup,min4_topup,60,meta_v3_ensemble_h1_hedge_persist,i-094febf7af55899e1,Censored (Stopped by Design),2026-02-13 10:16:54.777279+00,2026-02-13 11:17:03.999133+00,60.15,false,,1,0.0383,-0.0029,1,0.129744266778451,,"{""launch_dow"":4,""launch_utc_hour"":10,""price_zscore_6h"":-0.9354838709677419,""launch_local_hour"":10}",2026-02-13 11:17:04.544388+00,topup,
3627,aws,us-west-2,m6a.large,topup,min4_topup,60,meta_v3_ensemble_h1_hedge_persist,i-08cf394c0b42d40aa,Censored (Stopped by Design),2026-02-13 10:16:56.904845+00,2026-02-13 11:17:15.459118+00,60.31,false,,1,0.0565,-0.0124,1,0.00968165697244831,,"{""launch_dow"":4,""launch_utc_hour"":10,""price_zscore_6h"":-0.9841269841269841,""launch_local_hour"":10}",2026-02-13 11:17:16.415682+00,topup,
3628,aws,us-east-1,t3a.large,topup,min4_topup,60,meta_v3_ensemble_h1_hedge_persist,i-0dc3184949e720151,Interrupted,2026-02-13 11:18:44.731985+00,2026-02-13 11:49:52.864977+00,31.14,true,1,0,0.0379,0.0029,1,0.209089077263114,,"{""launch_dow"":4,""launch_utc_hour"":11,""price_zscore_6h"":0.9354838709677419,""launch_local_hour"":11}",2026-02-13 11:49:53.49379+00,topup,
3630,aws,us-east-1,t3a.large,topup,min4_topup,60,meta_v3_ensemble_h1_hedge_persist,i-0a7cb2627d09b6d5a,Interrupted,2026-02-13 11:18:50.062355+00,2026-02-13 11:49:58.16355+00,31.14,true,1,0,0.0379,0.0029,1,0.207739708819883,,"{""launch_dow"":4,""launch_utc_hour"":11,""price_zscore_6h"":0.9354838709677419,""launch_local_hour"":11}",2026-02-13 11:49:58.240431+00,topup,
3654,aws,us-east-1,m6a.large,topup,min4_topup,60,meta_v3_ensemble_h1_hedge_persist,i-0181847abee8f3356,Censored (Stopped by Design),2026-02-13 11:18:55.11842+00,2026-02-13 12:19:07.302523+00,60.2,false,,1,0.0531,-0.0103,1,0.0095618359506729,,"{""launch_dow"":4,""launch_utc_hour"":11,""price_zscore_6h"":-0.9809523809523809,""launch_local_hour"":11}",2026-02-13 12:19:07.916063+00,topup,
3655,aws,us-east-1,c6i.large,topup,min4_topup,60,meta_v3_ensemble_h1_hedge_persist,i-0fdf44c64b1c81702,Censored (Stopped by Design),2026-02-13 11:19:00.019838+00,2026-02-13 12:19:12.761202+00,60.21,false,,1,0.0383,-0.0029,1,0.141020863602476,,"{""launch_dow"":4,""launch_utc_hour"":11,""price_zscore_6h"":-0.9354838709677419,""launch_local_hour"":11}",2026-02-13 12:19:13.337546+00,topup,
3656,aws,us-west-2,m6a.large,topup,min4_topup,60,meta_v3_ensemble_h1_hedge_persist,i-03155501190815769,Censored (Stopped by Design),2026-02-13 11:19:05.383455+00,2026-02-13 12:19:20.98122+00,60.26,false,,1,0.0565,-0.0124,1,0.0105536759261551,,"{""launch_dow"":4,""launch_utc_hour"":11,""price_zscore_6h"":-0.9841269841269841,""launch_local_hour"":11}",2026-02-13 12:19:21.57718+00,topup,
3681,aws,us-east-1,m6a.large,topup,min4_topup,60,meta_v3_ensemble_h1_hedge_persist,i-0fdac45c0a78abcb0,Censored (Stopped by Design),2026-02-13 12:21:35.37549+00,2026-02-13 13:21:47.791218+00,60.21,false,,1,0.0531,-0.0103,1,0.0116198759949333,,"{""launch_dow"":4,""launch_utc_hour"":12,""price_zscore_6h"":-0.9809523809523809,""launch_local_hour"":12}",2026-02-13 13:21:48.302281+00,topup,
3682,aws,us-east-1,c6i.large,topup,min4_topup,60,meta_v3_ensemble_h1_hedge_persist,i-09ce3f16ef843d583,Censored (Stopped by Design),2026-02-13 12:21:40.48326+00,2026-02-13 13:21:52.412258+00,60.2,false,,1,0.0383,-0.0029,1,0.144863587516357,,"{""launch_dow"":4,""launch_utc_hour"":12,""price_zscore_6h"":-0.9354838709677419,""launch_local_hour"":12}",2026-02-13 13:21:52.914833+00,topup,
3683,aws,us-west-2,t3a.large,topup,min4_topup,60,meta_v3_ensemble_h1_hedge_persist,i-0a3f683c78b4a1133,Censored (Stopped by Design),2026-02-13 12:21:45.717061+00,2026-02-13 13:21:57.689771+00,60.2,false,,1,0.0346,-0.000699999999999999,1,0.00947306132292791,,"{""launch_dow"":4,""launch_utc_hour"":12,""price_zscore_6h"":-0.7777777777777776,""launch_local_hour"":12}",2026-02-13 13:21:58.21664+00,topup,
3684,aws,us-west-2,t3a.large,topup,min4_topup,60,meta_v3_ensemble_h1_hedge_persist,i-0783d2abcc36a9355,Censored (Stopped by Design),2026-02-13 12:21:47.698354+00,2026-02-13 13:22:01.270851+00,60.23,false,,1,0.0346,-0.000699999999999999,1,0.00930804090023927,,"{""launch_dow"":4,""launch_utc_hour"":12,""price_zscore_6h"":-0.7777777777777776,""launch_local_hour"":12}",2026-02-13 13:22:01.879044+00,topup,
3685,aws,us-west-2,m6a.large,topup,min4_topup,60,meta_v3_ensemble_h1_hedge_persist,i-066bc5051a35cc52f,Censored (Stopped by Design),2026-02-13 12:21:49.779907+00,2026-02-13 13:22:05.269697+00,60.26,false,,1,0.0565,-0.0124,1,0.0154746893740466,,"{""launch_dow"":4,""launch_utc_hour"":12,""price_zscore_6h"":-0.9841269841269841,""launch_local_hour"":12}",2026-02-13 13:22:05.836631+00,topup,
3686,aws,us-west-2,c6i.large,topup,min4_topup,60,meta_v3_ensemble_h1_hedge_persist,i-0db627a9e383c17aa,Censored (Stopped by Design),2026-02-13 12:21:55.00045+00,2026-02-13 13:22:11.141253+00,60.27,false,,1,0.0385,-0.0021,1,0.0333087654563647,,"{""launch_dow"":4,""launch_utc_hour"":12,""price_zscore_6h"":-0.9130434782608694,""launch_local_hour"":12}",2026-02-13 13:22:11.871872+00,topup,
3711,aws,us-east-1,m6a.large,topup,min4_topup,60,meta_v3_ensemble_h1_hedge_persist,i-0afc948c97cf5b302,Censored (Stopped by Design),2026-02-13 13:23:32.889212+00,2026-02-13 14:23:45.261197+00,60.21,false,,1,0.053,-0.000100000000000003,1,0.0111638579311437,,"{""launch_dow"":4,""launch_utc_hour"":13,""price_zscore_6h"":-0.3333333333333397,""launch_local_hour"":13}",2026-02-13 14:23:45.802136+00,topup,
3712,aws,us-east-1,m6a.large,topup,min4_topup,60,meta_v3_ensemble_h1_hedge_persist,i-0184343d99038368c,Censored (Stopped by Design),2026-02-13 13:23:38.45191+00,2026-02-13 14:23:51.367658+00,60.22,false,,1,0.053,-0.000100000000000003,1,0.0107717700285222,,"{""launch_dow"":4,""launch_utc_hour"":13,""price_zscore_6h"":-0.3333333333333397,""launch_local_hour"":13}",2026-02-13 14:23:51.953931+00,topup,
3713,aws,us-west-2,t3a.large,topup,min4_topup,60,meta_v3_ensemble_h1_hedge_persist,i-05d2e0e4c98634a4e,Censored (Stopped by Design),2026-02-13 13:23:43.603344+00,2026-02-13 14:23:55.501276+00,60.2,false,,1,0.0346,-0.000699999999999999,1,0.0101060653846775,,"{""launch_dow"":4,""launch_utc_hour"":13,""price_zscore_6h"":-0.7777777777777776,""launch_local_hour"":13}",2026-02-13 14:23:56.480419+00,topup,
3714,aws,us-west-2,t3a.large,topup,min4_topup,60,meta_v3_ensemble_h1_hedge_persist,i-028b1396feda174f8,Censored (Stopped by Design),2026-02-13 13:23:45.717668+00,2026-02-13 14:23:57.29121+00,60.19,false,,1,0.0346,-0.000699999999999999,1,0.0105422059611902,,"{""launch_dow"":4,""launch_utc_hour"":13,""price_zscore_6h"":-0.7777777777777776,""launch_local_hour"":13}",2026-02-13 14:23:58.011057+00,topup,
3715,aws,us-west-2,t3a.large,topup,min4_topup,60,meta_v3_ensemble_h1_hedge_persist,i-075cce998b3576d55,Censored (Stopped by Design),2026-02-13 13:23:47.813059+00,2026-02-13 14:23:59.611196+00,60.2,false,,1,0.0346,-0.000699999999999999,1,0.0098749844978575,,"{""launch_dow"":4,""launch_utc_hour"":13,""price_zscore_6h"":-0.7777777777777776,""launch_local_hour"":13}",2026-02-13 14:24:00.239198+00,topup,
3716,aws,us-west-2,m6a.large,topup,min4_topup,60,meta_v3_ensemble_h1_hedge_persist,i-09b460394ff237d83,Censored (Stopped by Design),2026-02-13 13:23:49.842269+00,2026-02-13 14:24:05.061215+00,60.25,false,,1,0.041,-0.0155,1,0.0149427145733388,,"{""launch_dow"":4,""launch_utc_hour"":13,""price_zscore_6h"":-0.9872611464968154,""launch_local_hour"":13}",2026-02-13 14:24:05.70092+00,topup,
3741,aws,us-east-1,m6a.large,topup,min4_topup,60,meta_v3_ensemble_h1_hedge_persist,i-0716e7fd67d2b33c8,Censored (Stopped by Design),2026-02-13 14:25:16.391603+00,2026-02-13 15:25:28.721219+00,60.21,false,,1,0.0454,-0.0076,1,0.0117181028898504,,"{""launch_dow"":4,""launch_utc_hour"":14,""price_zscore_6h"":-0.9743589743589743,""launch_local_hour"":14}",2026-02-13 15:25:29.365306+00,topup,
3742,aws,us-east-1,m6a.large,topup,min4_topup,60,meta_v3_ensemble_h1_hedge_persist,i-0a8df3165b461a093,Censored (Stopped by Design),2026-02-13 14:25:21.306175+00,2026-02-13 15:25:33.990933+00,60.21,false,,1,0.0454,-0.0076,1,0.0100720128245007,,"{""launch_dow"":4,""launch_utc_hour"":14,""price_zscore_6h"":-0.9743589743589743,""launch_local_hour"":14}",2026-02-13 15:25:34.68701+00,topup,
3743,aws,us-east-1,c6i.large,topup,min4_topup,60,meta_v3_ensemble_h1_hedge_persist,i-0ad42ca93483acacb,Censored (Stopped by Design),2026-02-13 14:25:26.382138+00,2026-02-13 15:25:38.571214+00,60.2,false,,1,0.0361,-0.0022,1,0.113265889218926,,"{""launch_dow"":4,""launch_utc_hour"":14,""price_zscore_6h"":-0.9166666666666666,""launch_local_hour"":14}",2026-02-13 15:25:39.145308+00,topup,
3744,aws,us-west-2,c6i.large,topup,min4_topup,60,meta_v3_ensemble_h1_hedge_persist,i-02b91b3d4ca2fd087,Censored (Stopped by Design),2026-02-13 14:25:31.465898+00,2026-02-13 15:25:47.681221+00,60.27,false,,1,0.0358,-0.0027,1,0.0322789203811313,,"{""launch_dow"":4,""launch_utc_hour"":14,""price_zscore_6h"":-0.9310344827586207,""launch_local_hour"":14}",2026-02-13 15:25:48.54059+00,topup,
3745,aws,us-west-2,c6i.large,topup,min4_topup,60,meta_v3_ensemble_h1_hedge_persist,i-00d2f382732852a9e,Censored (Stopped by Design),2026-02-13 14:25:36.752101+00,2026-02-13 15:25:51.798917+00,60.25,false,,1,0.0358,-0.0027,1,0.0320819718798745,,"{""launch_dow"":4,""launch_utc_hour"":14,""price_zscore_6h"":-0.9310344827586207,""launch_local_hour"":14}",2026-02-13 15:25:52.385739+00,topup,
3751,aws,us-east-1,c6i.large,topup,min4_topup,60,meta_v3_ensemble_h1_hedge_persist,i-00834413cfa82fdf8,Interrupted,2026-02-13 15:27:31.159866+00,2026-02-13 15:50:38.607254+00,23.12,true,1,0,0.0386,-0.0029,1,0.115397366130389,,"{""launch_dow"":4,""launch_utc_hour"":15,""price_zscore_6h"":-0.9354838709677419,""launch_local_hour"":15}",2026-02-13 15:50:38.812112+00,topup,
3753,aws,us-east-1,c6i.large,topup,min4_topup,60,meta_v3_ensemble_h1_hedge_persist,i-0b16e42166d1043e3,Interrupted,2026-02-13 15:27:25.922419+00,2026-02-13 16:23:38.311058+00,56.21,true,1,0,0.0386,-0.0029,1,0.113924837958188,,"{""launch_dow"":4,""launch_utc_hour"":15,""price_zscore_6h"":-0.9354838709677419,""launch_local_hour"":15}",2026-02-13 16:23:39.494792+00,topup,
3772,aws,us-east-1,m6a.large,topup,min4_topup,60,meta_v3_ensemble_h1_hedge_persist,i-0bba8352b58242579,Censored (Stopped by Design),2026-02-13 15:27:15.833775+00,2026-02-13 16:27:28.901206+00,60.22,false,,1,0.0454,-0.0076,1,0.011255191804594,,"{""launch_dow"":4,""launch_utc_hour"":15,""price_zscore_6h"":-0.9743589743589743,""launch_local_hour"":15}",2026-02-13 16:27:29.555593+00,topup,
3773,aws,us-east-1,m6a.large,topup,min4_topup,60,meta_v3_ensemble_h1_hedge_persist,i-00a616f07a7b615b4,Censored (Stopped by Design),2026-02-13 15:27:20.813305+00,2026-02-13 16:27:33.501295+00,60.21,false,,1,0.0454,-0.0076,1,0.0101600768657546,,"{""launch_dow"":4,""launch_utc_hour"":15,""price_zscore_6h"":-0.9743589743589743,""launch_local_hour"":15}",2026-02-13 16:27:34.13298+00,topup,
3774,aws,us-west-2,t3a.large,topup,min4_topup,60,meta_v3_ensemble_h1_hedge_persist,i-0cfa8b30e40de66f9,Censored (Stopped by Design),2026-02-13 15:27:36.283413+00,2026-02-13 16:27:47.99119+00,60.2,false,,1,0.0346,-0.000699999999999999,1,0.0107593605275351,,"{""launch_dow"":4,""launch_utc_hour"":15,""price_zscore_6h"":-0.7777777777777776,""launch_local_hour"":15}",2026-02-13 16:27:48.737572+00,topup,
3775,aws,us-west-2,c6i.large,topup,min4_topup,60,meta_v3_ensemble_h1_hedge_persist,i-08d3f7cc94d4107cb,Censored (Stopped by Design),2026-02-13 15:27:38.144714+00,2026-02-13 16:27:51.946558+00,60.23,false,,1,0.0386,0.0028,1,0.0406791799481241,,"{""launch_dow"":4,""launch_utc_hour"":15,""price_zscore_6h"":0.9333333333333333,""launch_local_hour"":15}",2026-02-13 16:27:52.896251+00,topup,
3776,aws,us-west-2,c6i.large,topup,min4_topup,60,meta_v3_ensemble_h1_hedge_persist,i-067919d93e123fdd5,Censored (Stopped by Design),2026-02-13 15:27:40.076141+00,2026-02-13 16:27:52.211223+00,60.2,false,,1,0.0386,0.0028,1,0.0412322311510612,,"{""launch_dow"":4,""launch_utc_hour"":15,""price_zscore_6h"":0.9333333333333333,""launch_local_hour"":15}",2026-02-13 16:27:52.899828+00,topup,
3801,aws,us-east-1,m6a.large,topup,min4_topup,60,meta_v3_ensemble_h1_hedge_persist,i-03d4259bd4a863965,Censored (Stopped by Design),2026-02-13 16:29:09.211085+00,2026-02-13 17:29:21.891204+00,60.21,false,,1,0.0454,-0.0076,1,0.0107829468766924,,"{""launch_dow"":4,""launch_utc_hour"":16,""price_zscore_6h"":-0.9743589743589743,""launch_local_hour"":16}",2026-02-13 17:29:22.571932+00,topup,
3802,aws,us-west-2,c6i.large,topup,min4_topup,60,meta_v3_ensemble_h1_hedge_persist,i-046894e8b4735567f,Censored (Stopped by Design),2026-02-13 16:29:14.36515+00,2026-02-13 17:29:29.461296+00,60.25,false,,1,0.0386,0.0028,1,0.0427661048609524,,"{""launch_dow"":4,""launch_utc_hour"":16,""price_zscore_6h"":0.9333333333333333,""launch_local_hour"":16}",2026-02-13 17:29:30.059805+00,topup,
3803,aws,us-west-2,c6i.large,topup,min4_topup,60,meta_v3_ensemble_h1_hedge_persist,i-0e8d62b9598e4b25e,Censored (Stopped by Design),2026-02-13 16:29:19.637814+00,2026-02-13 17:29:34.94847+00,60.26,false,,1,0.0386,0.0028,1,0.0415443472483523,,"{""launch_dow"":4,""launch_utc_hour"":16,""price_zscore_6h"":0.9333333333333333,""launch_local_hour"":16}",2026-02-13 17:29:35.72913+00,topup,
3804,aws,us-west-2,c6i.large,topup,min4_topup,60,meta_v3_ensemble_h1_hedge_persist,i-0f3ca15782ec6ffa9,Censored (Stopped by Design),2026-02-13 16:29:24.924041+00,2026-02-13 17:29:40.091206+00,60.25,false,,1,0.0386,0.0028,1,0.0416715952291303,,"{""launch_dow"":4,""launch_utc_hour"":16,""price_zscore_6h"":0.9333333333333333,""launch_local_hour"":16}",2026-02-13 17:29:40.677134+00,topup,
3805,aws,us-west-2,c6i.large,topup,min4_topup,60,meta_v3_ensemble_h1_hedge_persist,i-0f8e4c6b2d76540cb,Censored (Stopped by Design),2026-02-13 16:29:30.314058+00,2026-02-13 17:29:42.371484+00,60.2,false,,1,0.0386,0.0028,1,0.0415079029530813,,"{""launch_dow"":4,""launch_utc_hour"":16,""price_zscore_6h"":0.9333333333333333,""launch_local_hour"":16}",2026-02-13 17:29:43.176743+00,topup,
3810,aws,us-east-1,c6i.large,topup,min4_topup,60,meta_v3_ensemble_h1_hedge_persist,i-0b7d5e2685110a282,Interrupted,2026-02-13 17:31:30.66144+00,2026-02-13 17:50:34.043739+00,19.06,true,1,0,0.0356,-0.003,1,0.145734030315021,,"{""launch_dow"":4,""launch_utc_hour"":17,""price_zscore_6h"":-0.9375,""launch_local_hour"":17}",2026-02-13 17:50:34.65059+00,topup,
3831,aws,us-east-1,m6a.large,topup,min4_topup,60,meta_v3_ensemble_h1_hedge_persist,i-0841a08fc8b1fbc39,Censored (Stopped by Design),2026-02-13 17:31:15.859778+00,2026-02-13 18:31:28.44244+00,60.21,false,,1,0.0463,0.000899999999999998,1,0.00964536067460773,,"{""launch_dow"":4,""launch_utc_hour"":17,""price_zscore_6h"":0.8181818181818178,""launch_local_hour"":17}",2026-02-13 18:31:29.025015+00,topup,
3832,aws,us-east-1,m6a.large,topup,min4_topup,60,meta_v3_ensemble_h1_hedge_persist,i-08a4eb620b761f93e,Censored (Stopped by Design),2026-02-13 17:31:20.704889+00,2026-02-13 18:31:33.388753+00,60.21,false,,1,0.0463,0.000899999999999998,1,0.0101612730343085,,"{""launch_dow"":4,""launch_utc_hour"":17,""price_zscore_6h"":0.8181818181818178,""launch_local_hour"":17}",2026-02-13 18:31:34.057514+00,topup,
3833,aws,us-east-1,c6i.large,topup,min4_topup,60,meta_v3_ensemble_h1_hedge_persist,i-00fabbf824a5038ec,Censored (Stopped by Design),2026-02-13 17:31:25.710058+00,2026-02-13 18:31:37.802963+00,60.2,false,,1,0.0356,-0.003,1,0.148670201295109,,"{""launch_dow"":4,""launch_utc_hour"":17,""price_zscore_6h"":-0.9375,""launch_local_hour"":17}",2026-02-13 18:31:38.420481+00,topup,
3834,aws,us-west-2,t3a.large,topup,min4_topup,60,meta_v3_ensemble_h1_hedge_persist,i-023b8bba18172d683,Censored (Stopped by Design),2026-02-13 17:31:32.611304+00,2026-02-13 18:31:49.661211+00,60.28,false,,1,0.0354,-0.000199999999999999,1,0.00930224431856046,,"{""launch_dow"":4,""launch_utc_hour"":17,""price_zscore_6h"":-0.4999999999999985,""launch_local_hour"":17}",2026-02-13 18:31:50.372826+00,topup,
3859,aws,us-east-1,m6a.large,topup,min4_topup,60,meta_v3_ensemble_h1_hedge_persist,i-063def23b3804bf1c,Censored (Stopped by Design),2026-02-13 18:33:15.571923+00,2026-02-13 19:33:28.161212+00,60.21,false,,1,0.0463,0.000899999999999998,1,0.0113499327828166,,"{""launch_dow"":4,""launch_utc_hour"":18,""price_zscore_6h"":0.8181818181818178,""launch_local_hour"":18}",2026-02-13 19:33:28.790638+00,topup,
3860,aws,us-east-1,c6i.large,topup,min4_topup,60,meta_v3_ensemble_h1_hedge_persist,i-0073630f1b73f96b8,Censored (Stopped by Design),2026-02-13 18:33:20.536967+00,2026-02-13 19:33:33.151221+00,60.21,false,,1,0.0356,-0.003,1,0.170722889857541,,"{""launch_dow"":4,""launch_utc_hour"":18,""price_zscore_6h"":-0.9375,""launch_local_hour"":18}",2026-02-13 19:33:33.959414+00,topup,
3861,aws,us-west-2,c6i.large,topup,min4_topup,60,meta_v3_ensemble_h1_hedge_persist,i-0b9803ab746e8b421,Censored (Stopped by Design),2026-02-13 18:33:25.635667+00,2026-02-13 19:33:40.901917+00,60.25,false,,1,0.0386,0.0028,1,0.0865911884866435,,"{""launch_dow"":4,""launch_utc_hour"":18,""price_zscore_6h"":0.9333333333333333,""launch_local_hour"":18}",2026-02-13 19:33:41.733176+00,topup,
3886,aws,us-east-1,m6a.large,topup,min4_topup,60,meta_v3_ensemble_h1_hedge_persist,i-0f44e3d1f6ef34c35,Censored (Stopped by Design),2026-02-13 19:35:47.714847+00,2026-02-13 20:36:00.131233+00,60.21,false,,1,0.0527,0.0091,1,0.0105108494313851,,"{""launch_dow"":4,""launch_utc_hour"":19,""price_zscore_6h"":0.9784946236559139,""launch_local_hour"":19}",2026-02-13 20:36:00.825778+00,topup,
3887,aws,us-east-1,m6a.large,topup,min4_topup,60,meta_v3_ensemble_h1_hedge_persist,i-0feeabf10eade2b7a,Censored (Stopped by Design),2026-02-13 19:35:52.81658+00,2026-02-13 20:36:06.032478+00,60.22,false,,1,0.0527,0.0091,1,0.0105245811080239,,"{""launch_dow"":4,""launch_utc_hour"":19,""price_zscore_6h"":0.9784946236559139,""launch_local_hour"":19}",2026-02-13 20:36:06.704306+00,topup,
3888,aws,us-east-1,m6a.large,topup,min4_topup,60,meta_v3_ensemble_h1_hedge_persist,i-0b0993774b52ed033,Censored (Stopped by Design),2026-02-13 19:35:57.919334+00,2026-02-13 20:36:10.759261+00,60.21,false,,1,0.0527,0.0091,1,0.011153923192661,,"{""launch_dow"":4,""launch_utc_hour"":19,""price_zscore_6h"":0.9784946236559139,""launch_local_hour"":19}",2026-02-13 20:36:11.44101+00,topup,
3889,aws,us-east-1,m6a.large,topup,min4_topup,60,meta_v3_ensemble_h1_hedge_persist,i-02c41d81a329f5aed,Censored (Stopped by Design),2026-02-13 19:36:03.020626+00,2026-02-13 20:36:15.801217+00,60.21,false,,1,0.0527,0.0091,1,0.0100111843259408,,"{""launch_dow"":4,""launch_utc_hour"":19,""price_zscore_6h"":0.9784946236559139,""launch_local_hour"":19}",2026-02-13 20:36:16.344617+00,topup,
3890,aws,us-west-2,t3a.large,topup,min4_topup,60,meta_v3_ensemble_h1_hedge_persist,i-0bd35f98448d03ef4,Censored (Stopped by Design),2026-02-13 19:36:08.155587+00,2026-02-13 20:36:26.24121+00,60.3,false,,1,0.0354,-0.000199999999999999,1,0.010117884866729,,"{""launch_dow"":4,""launch_utc_hour"":19,""price_zscore_6h"":-0.4999999999999985,""launch_local_hour"":19}",2026-02-13 20:36:26.781074+00,topup,
3891,aws,us-west-2,t3a.large,topup,min4_topup,60,meta_v3_ensemble_h1_hedge_persist,i-07fb9acfa3bafefe3,Censored (Stopped by Design),2026-02-13 19:36:13.332463+00,2026-02-13 20:36:28.461273+00,60.25,false,,1,0.0354,-0.000199999999999999,1,0.010035194195702,,"{""launch_dow"":4,""launch_utc_hour"":19,""price_zscore_6h"":-0.4999999999999985,""launch_local_hour"":19}",2026-02-13 20:36:28.946842+00,topup,
3892,aws,us-west-2,c6i.large,topup,min4_topup,60,meta_v3_ensemble_h1_hedge_persist,i-08e6f176837b9080c,Censored (Stopped by Design),2026-02-13 19:36:18.668348+00,2026-02-13 20:36:31.055912+00,60.21,false,,1,0.0407,0.0021,1,0.0894527491144375,,"{""launch_dow"":4,""launch_utc_hour"":19,""price_zscore_6h"":0.9130434782608694,""launch_local_hour"":19}",2026-02-13 20:36:31.859326+00,topup,
3893,aws,us-west-2,c6i.large,topup,min4_topup,60,meta_v3_ensemble_h1_hedge_persist,i-0b140b6e7474eec8f,Censored (Stopped by Design),2026-02-13 19:36:20.702735+00,2026-02-13 20:36:32.451207+00,60.2,false,,1,0.0407,0.0021,1,0.088627849028697,,"{""launch_dow"":4,""launch_utc_hour"":19,""price_zscore_6h"":0.9130434782608694,""launch_local_hour"":19}",2026-02-13 20:36:32.981887+00,topup,
3898,aws,us-east-1,t3a.large,topup,min4_topup,60,meta_v3_ensemble_h1_hedge_persist,i-000948cf02ce46a5c,Interrupted,2026-02-13 20:38:11.275319+00,2026-02-13 21:36:23.576315+00,58.21,true,1,0,0.0287,0.0018,1,0.254233447181347,,"{""launch_dow"":4,""launch_utc_hour"":20,""price_zscore_6h"":0.8999999999999999,""launch_local_hour"":20}",2026-02-13 21:36:24.525382+00,topup,
3919,aws,us-east-1,t3a.large,topup,min4_topup,60,meta_v3_ensemble_h1_hedge_persist,i-0125b739be38b061d,Censored (Stopped by Design),2026-02-13 20:38:16.267922+00,2026-02-13 21:38:29.170966+00,60.22,false,,1,0.0287,0.0018,1,0.257161591349675,,"{""launch_dow"":4,""launch_utc_hour"":20,""price_zscore_6h"":0.8999999999999999,""launch_local_hour"":20}",2026-02-13 21:38:29.746147+00,topup,
3920,aws,us-west-2,t3a.large,topup,min4_topup,60,meta_v3_ensemble_h1_hedge_persist,i-08d78c4bc8815b9c5,Censored (Stopped by Design),2026-02-13 20:38:21.490666+00,2026-02-13 21:38:37.038379+00,60.26,false,,1,0.0354,-0.000199999999999999,1,0.00985102435666579,,"{""launch_dow"":4,""launch_utc_hour"":20,""price_zscore_6h"":-0.4999999999999985,""launch_local_hour"":20}",2026-02-13 21:38:37.585325+00,topup,
3921,aws,us-west-2,c6i.large,topup,min4_topup,60,meta_v3_ensemble_h1_hedge_persist,i-0b816a330814b6637,Censored (Stopped by Design),2026-02-13 20:38:26.750968+00,2026-02-13 21:38:38.741198+00,60.2,false,,1,0.0407,0.0021,1,0.0835321324281023,,"{""launch_dow"":4,""launch_utc_hour"":20,""price_zscore_6h"":0.9130434782608694,""launch_local_hour"":20}",2026-02-13 21:38:39.246748+00,topup,
3923,aws,us-west-2,c6i.large,topup,min4_topup,60,meta_v3_ensemble_h1_hedge_persist,i-06f20e3670dbb4951,Interrupted,2026-02-13 21:40:10.471215+00,2026-02-13 22:09:16.816536+00,29.11,true,1,0,0.0356,-0.0051,1,0.0818667968321417,,"{""launch_dow"":4,""launch_utc_hour"":21,""price_zscore_6h"":-0.9622641509433963,""launch_local_hour"":21}",2026-02-13 22:09:17.682576+00,topup,
3947,aws,us-west-2,t3a.large,topup,min4_topup,60,meta_v3_ensemble_h1_hedge_persist,i-0eaa0662f560796b9,Censored (Stopped by Design),2026-02-13 21:39:49.994828+00,2026-02-13 22:40:05.448936+00,60.26,false,,1,0.0292,-0.0062,1,0.00799999911425837,,"{""launch_dow"":4,""launch_utc_hour"":21,""price_zscore_6h"":-0.96875,""launch_local_hour"":21}",2026-02-13 22:40:06.158445+00,topup,
3948,aws,us-west-2,m6a.large,topup,min4_topup,60,meta_v3_ensemble_h1_hedge_persist,i-02d148da1be1136ae,Censored (Stopped by Design),2026-02-13 21:39:55.309163+00,2026-02-13 22:40:10.835737+00,60.26,false,,1,0.0557,0.0146,1,0.0106025198394218,,"{""launch_dow"":4,""launch_utc_hour"":21,""price_zscore_6h"":0.9864864864864864,""launch_local_hour"":21}",2026-02-13 22:40:11.418815+00,topup,
3949,aws,us-west-2,m6a.large,topup,min4_topup,60,meta_v3_ensemble_h1_hedge_persist,i-0348e6b404a429db3,Censored (Stopped by Design),2026-02-13 21:40:00.661919+00,2026-02-13 22:40:12.60121+00,60.2,false,,1,0.0557,0.0146,1,0.0106358456549358,,"{""launch_dow"":4,""launch_utc_hour"":21,""price_zscore_6h"":0.9864864864864864,""launch_local_hour"":21}",2026-02-13 22:40:13.148717+00,topup,
3950,aws,us-west-2,c6i.large,topup,min4_topup,60,meta_v3_ensemble_h1_hedge_persist,i-028ad8e98106ec349,Censored (Stopped by Design),2026-02-13 21:40:02.933364+00,2026-02-13 22:40:14.923425+00,60.2,false,,1,0.0356,-0.0051,1,0.0848591466998371,,"{""launch_dow"":4,""launch_utc_hour"":21,""price_zscore_6h"":-0.9622641509433963,""launch_local_hour"":21}",2026-02-13 22:40:15.682419+00,topup,
3951,aws,us-west-2,c6i.large,topup,min4_topup,60,meta_v3_ensemble_h1_hedge_persist,i-043cc7b66a3d37c40,Censored (Stopped by Design),2026-02-13 21:40:05.060555+00,2026-02-13 22:40:20.290478+00,60.25,false,,1,0.0356,-0.0051,1,0.0774063524746048,,"{""launch_dow"":4,""launch_utc_hour"":21,""price_zscore_6h"":-0.9622641509433963,""launch_local_hour"":21}",2026-02-13 22:40:20.883666+00,topup,
3952,aws,us-west-2,c6i.large,topup,min4_topup,60,meta_v3_ensemble_h1_hedge_persist,i-0998f67ad31bf4993,Censored (Stopped by Design),2026-02-13 21:40:12.505809+00,2026-02-13 22:40:24.541213+00,60.2,false,,1,0.0356,-0.0051,1,0.0775582136083662,,"{""launch_dow"":4,""launch_utc_hour"":21,""price_zscore_6h"":-0.9622641509433963,""launch_local_hour"":21}",2026-02-13 22:40:25.123586+00,topup,
3953,aws,us-west-2,c6i.large,topup,min4_topup,60,meta_v3_ensemble_h1_hedge_persist,i-0c440d14516ab6634,Interrupted,2026-02-13 22:42:01.193824+00,2026-02-13 23:19:08.849187+00,37.13,true,1,0,0.0356,-0.0051,1,0.090777782842934,,"{""launch_dow"":4,""launch_utc_hour"":22,""price_zscore_6h"":-0.9622641509433963,""launch_local_hour"":22}",2026-02-13 23:19:10.00035+00,topup,
3954,aws,us-west-2,c6i.large,topup,min4_topup,60,meta_v3_ensemble_h1_hedge_persist,i-062415409b53abfa4,Interrupted,2026-02-13 22:42:03.30573+00,2026-02-13 23:19:11.353202+00,37.13,true,1,0,0.0356,-0.0051,1,0.0900002821836244,,"{""launch_dow"":4,""launch_utc_hour"":22,""price_zscore_6h"":-0.9622641509433963,""launch_local_hour"":22}",2026-02-13 23:19:11.5605+00,topup,
3979,aws,us-west-2,t3a.large,topup,min4_topup,60,meta_v3_ensemble_h1_hedge_persist,i-01fa05f7562d7e55b,Censored (Stopped by Design),2026-02-13 22:41:45.223642+00,2026-02-13 23:42:00.444008+00,60.25,false,,1,0.0292,-0.0062,1,0.0097731674207228,,"{""launch_dow"":4,""launch_utc_hour"":22,""price_zscore_6h"":-0.96875,""launch_local_hour"":22}",2026-02-13 23:42:01.000721+00,topup,
3980,aws,us-west-2,m6a.large,topup,min4_topup,60,meta_v3_ensemble_h1_hedge_persist,i-0b273ebba7072ac5a,Censored (Stopped by Design),2026-02-13 22:41:50.474922+00,2026-02-13 23:42:06.191215+00,60.26,false,,1,0.0682,0.0125,1,0.0110003978266789,,"{""launch_dow"":4,""launch_utc_hour"":22,""price_zscore_6h"":0.9842519685039369,""launch_local_hour"":22}",2026-02-13 23:42:06.913556+00,topup,
3981,aws,us-west-2,c6i.large,topup,min4_topup,60,meta_v3_ensemble_h1_hedge_persist,i-0383327d530fc99bc,Censored (Stopped by Design),2026-02-13 22:41:55.841359+00,2026-02-13 23:42:11.431202+00,60.26,false,,1,0.0356,-0.0051,1,0.0923949655210073,,"{""launch_dow"":4,""launch_utc_hour"":22,""price_zscore_6h"":-0.9622641509433963,""launch_local_hour"":22}",2026-02-13 23:42:12.047221+00,topup,
3982,aws,us-west-2,c6i.large,topup,min4_topup,60,meta_v3_ensemble_h1_hedge_persist,i-00ea6fdafb59addab,Censored (Stopped by Design),2026-02-13 22:42:05.408772+00,2026-02-13 23:42:17.701213+00,60.2,false,,1,0.0356,-0.0051,1,0.0929599737928493,,"{""launch_dow"":4,""launch_utc_hour"":22,""price_zscore_6h"":-0.9622641509433963,""launch_local_hour"":22}",2026-02-13 23:42:18.271629+00,topup,
4007,aws,us-east-1,m6a.large,topup,min4_topup,60,meta_v3_ensemble_h1_hedge_persist,i-019a31127f8f42a26,Censored (Stopped by Design),2026-02-13 23:43:23.465227+00,2026-02-14 00:43:35.901218+00,60.21,false,,1,0.0452,-0.018,1,0.00899066935225219,,"{""launch_dow"":4,""launch_utc_hour"":23,""price_zscore_6h"":-0.989010989010989,""launch_local_hour"":23}",2026-02-14 00:43:36.458649+00,topup,
4008,aws,us-east-1,m6a.large,topup,min4_topup,60,meta_v3_ensemble_h1_hedge_persist,i-066275ed5296f397e,Censored (Stopped by Design),2026-02-13 23:43:28.538368+00,2026-02-14 00:43:40.661208+00,60.2,false,,1,0.0452,-0.018,1,0.00945802098663829,,"{""launch_dow"":4,""launch_utc_hour"":23,""price_zscore_6h"":-0.989010989010989,""launch_local_hour"":23}",2026-02-14 00:43:41.144884+00,topup,
4009,aws,us-west-2,c6i.large,topup,min4_topup,60,meta_v3_ensemble_h1_hedge_persist,i-074d74404c0a72d8f,Censored (Stopped by Design),2026-02-13 23:43:33.576468+00,2026-02-14 00:43:47.991218+00,60.24,false,,1,0.0356,-0.0051,1,0.0822800464770836,,"{""launch_dow"":4,""launch_utc_hour"":23,""price_zscore_6h"":-0.9622641509433963,""launch_local_hour"":23}",2026-02-14 00:43:48.545135+00,topup,
4010,aws,us-west-2,c6i.large,topup,min4_topup,60,meta_v3_ensemble_h1_hedge_persist,i-020c7d9660b9ced3e,Censored (Stopped by Design),2026-02-13 23:43:35.614694+00,2026-02-14 00:43:48.340935+00,60.21,false,,1,0.0356,-0.0051,1,0.0804637676473808,,"{""launch_dow"":4,""launch_utc_hour"":23,""price_zscore_6h"":-0.9622641509433963,""launch_local_hour"":23}",2026-02-14 00:43:49.227156+00,topup,
4011,aws,us-west-2,c6i.large,topup,min4_topup,60,meta_v3_ensemble_h1_hedge_persist,i-06ebf58cbbf779f8e,Censored (Stopped by Design),2026-02-13 23:43:37.751614+00,2026-02-14 00:43:53.641214+00,60.26,false,,1,0.0356,-0.0051,1,0.0809264382484694,,"{""launch_dow"":4,""launch_utc_hour"":23,""price_zscore_6h"":-0.9622641509433963,""launch_local_hour"":23}",2026-02-14 00:43:54.208112+00,topup,
4036,aws,us-east-1,t3a.large,topup,min4_topup,60,meta_v3_ensemble_h1_hedge_persist,i-068e9791cecf58b58,Censored (Stopped by Design),2026-02-14 00:45:17.50718+00,2026-02-14 01:45:26.561212+00,60.15,false,,1,0.035,0.0063,1,0.185055433208006,,"{""launch_dow"":5,""launch_utc_hour"":0,""price_zscore_6h"":0.9692307692307693,""launch_local_hour"":0}",2026-02-14 01:45:27.057025+00,topup,
4037,aws,us-east-1,t3a.large,topup,min4_topup,60,meta_v3_ensemble_h1_hedge_persist,i-09dc763cf17251175,Censored (Stopped by Design),2026-02-14 00:45:19.409428+00,2026-02-14 01:45:28.976331+00,60.16,false,,1,0.035,0.0063,1,0.178503825789087,,"{""launch_dow"":5,""launch_utc_hour"":0,""price_zscore_6h"":0.9692307692307693,""launch_local_hour"":0}",2026-02-14 01:45:29.432597+00,topup,
4038,aws,us-east-1,t3a.large,topup,min4_topup,60,meta_v3_ensemble_h1_hedge_persist,i-0a3730020a2f0f8bd,Censored (Stopped by Design),2026-02-14 00:45:21.198908+00,2026-02-14 01:45:30.171216+00,60.15,false,,1,0.035,0.0063,1,0.18475524368985,,"{""launch_dow"":5,""launch_utc_hour"":0,""price_zscore_6h"":0.9692307692307693,""launch_local_hour"":0}",2026-02-14 01:45:30.806994+00,topup,
4039,aws,us-west-2,m6a.large,topup,min4_topup,60,meta_v3_ensemble_h1_hedge_persist,i-06f98b613e5a30782,Censored (Stopped by Design),2026-02-14 00:45:23.254954+00,2026-02-14 01:45:38.761212+00,60.26,false,,1,0.0498,-0.0184,1,0.0101036778534168,,"{""launch_dow"":5,""launch_utc_hour"":0,""price_zscore_6h"":-0.989247311827957,""launch_local_hour"":0}",2026-02-14 01:45:39.376733+00,topup,
4040,aws,us-west-2,c6i.large,topup,min4_topup,60,meta_v3_ensemble_h1_hedge_persist,i-0b885f56ce3de097f,Censored (Stopped by Design),2026-02-14 00:45:28.611214+00,2026-02-14 01:45:44.051215+00,60.26,false,,1,0.0356,-0.0051,1,0.0661393308965653,,"{""launch_dow"":5,""launch_utc_hour"":0,""price_zscore_6h"":-0.9622641509433963,""launch_local_hour"":0}",2026-02-14 01:45:44.85879+00,topup,
4041,aws,us-west-2,c6i.large,topup,min4_topup,60,meta_v3_ensemble_h1_hedge_persist,i-0c84dd9b4f3424346,Censored (Stopped by Design),2026-02-14 00:45:33.967604+00,2026-02-14 01:45:49.641208+00,60.26,false,,1,0.0356,-0.0051,1,0.0664573685951687,,"{""launch_dow"":5,""launch_utc_hour"":0,""price_zscore_6h"":-0.9622641509433963,""launch_local_hour"":0}",2026-02-14 01:45:50.226647+00,topup,
4042,aws,us-west-2,c6i.large,topup,min4_topup,60,meta_v3_ensemble_h1_hedge_persist,i-0889603eb36965fa3,Censored (Stopped by Design),2026-02-14 00:45:39.411789+00,2026-02-14 01:45:54.871215+00,60.26,false,,1,0.0356,-0.0051,1,0.0694751050514904,,"{""launch_dow"":5,""launch_utc_hour"":0,""price_zscore_6h"":-0.9622641509433963,""launch_local_hour"":0}",2026-02-14 01:45:55.519164+00,topup,
4067,aws,us-west-2,t3a.large,topup,min4_topup,60,meta_v3_ensemble_h1_hedge_persist,i-0c8296cba2408b589,Censored (Stopped by Design),2026-02-14 01:47:25.687796+00,2026-02-14 02:47:37.554381+00,60.2,false,,1,0.0347,0.0055,1,0.0104199059984117,,"{""launch_dow"":5,""launch_utc_hour"":1,""price_zscore_6h"":0.9649122807017545,""launch_local_hour"":1}",2026-02-14 02:47:38.014675+00,topup,
4068,aws,us-west-2,t3a.large,topup,min4_topup,60,meta_v3_ensemble_h1_hedge_persist,i-05c1e242b58b618fa,Censored (Stopped by Design),2026-02-14 01:47:27.569479+00,2026-02-14 02:47:39.677429+00,60.2,false,,1,0.0347,0.0055,1,0.00857311098340332,,"{""launch_dow"":5,""launch_utc_hour"":1,""price_zscore_6h"":0.9649122807017545,""launch_local_hour"":1}",2026-02-14 02:47:40.210075+00,topup,
4069,aws,us-west-2,m6a.large,topup,min4_topup,60,meta_v3_ensemble_h1_hedge_persist,i-0d5c4ab62daaa744c,Censored (Stopped by Design),2026-02-14 01:47:29.727295+00,2026-02-14 02:47:41.646515+00,60.2,false,,1,0.0413,-0.00849999999999999,1,0.0104245335802917,,"{""launch_dow"":5,""launch_utc_hour"":1,""price_zscore_6h"":-0.9770114942528735,""launch_local_hour"":1}",2026-02-14 02:47:42.341176+00,topup,
4070,aws,us-west-2,c6i.large,topup,min4_topup,60,meta_v3_ensemble_h1_hedge_persist,i-0cd517e29884685e1,Censored (Stopped by Design),2026-02-14 01:47:31.990945+00,2026-02-14 02:47:47.351207+00,60.26,false,,1,0.0356,-0.0051,1,0.066135034210116,,"{""launch_dow"":5,""launch_utc_hour"":1,""price_zscore_6h"":-0.9622641509433963,""launch_local_hour"":1}",2026-02-14 02:47:47.912177+00,topup,
4071,aws,us-west-2,c6i.large,topup,min4_topup,60,meta_v3_ensemble_h1_hedge_persist,i-010e4437d7fcbaead,Censored (Stopped by Design),2026-02-14 01:47:37.304588+00,2026-02-14 02:47:52.351231+00,60.25,false,,1,0.0356,-0.0051,1,0.0675166904946643,,"{""launch_dow"":5,""launch_utc_hour"":1,""price_zscore_6h"":-0.9622641509433963,""launch_local_hour"":1}",2026-02-14 02:47:52.958966+00,topup,
4095,aws,us-east-1,t3a.large,topup,min4_topup,60,meta_v3_ensemble_h1_hedge_persist,i-0178a1f28d57743c2,Censored (Stopped by Design),2026-02-14 02:49:10.19522+00,2026-02-14 03:49:19.041198+00,60.15,false,,1,0.035,0.0063,1,0.137949450197342,,"{""launch_dow"":5,""launch_utc_hour"":2,""price_zscore_6h"":0.9692307692307693,""launch_local_hour"":2}",2026-02-14 03:49:19.550224+00,topup,
4097,aws,us-west-2,m6a.large,topup,min4_topup,60,meta_v3_ensemble_h1_hedge_persist,i-0db273c94c1662106,Censored (Stopped by Design),2026-02-14 02:49:12.190653+00,2026-02-14 03:49:24.751204+00,60.21,false,,1,0.0413,-0.00849999999999999,1,0.0101272609445665,,"{""launch_dow"":5,""launch_utc_hour"":2,""price_zscore_6h"":-0.9770114942528735,""launch_local_hour"":2}",2026-02-14 03:49:25.492416+00,topup,
4098,aws,us-west-2,m6a.large,topup,min4_topup,60,meta_v3_ensemble_h1_hedge_persist,i-0dc74f740e265b6bd,Censored (Stopped by Design),2026-02-14 02:49:14.188618+00,2026-02-14 03:49:29.191029+00,60.25,false,,1,0.0413,-0.00849999999999999,1,0.0106657841897777,,"{""launch_dow"":5,""launch_utc_hour"":2,""price_zscore_6h"":-0.9770114942528735,""launch_local_hour"":2}",2026-02-14 03:49:30.004577+00,topup,
4099,aws,us-west-2,m6a.large,topup,min4_topup,60,meta_v3_ensemble_h1_hedge_persist,i-0492e40855e5726f0,Censored (Stopped by Design),2026-02-14 02:49:19.617944+00,2026-02-14 03:49:31.801221+00,60.2,false,,1,0.0413,-0.00849999999999999,1,0.0113013213114233,,"{""launch_dow"":5,""launch_utc_hour"":2,""price_zscore_6h"":-0.9770114942528735,""launch_local_hour"":2}",2026-02-14 03:49:32.347205+00,topup,
4100,aws,us-west-2,m6a.large,topup,min4_topup,60,meta_v3_ensemble_h1_hedge_persist,i-014b5e4ddbbee0377,Censored (Stopped by Design),2026-02-14 02:49:21.663782+00,2026-02-14 03:49:34.377393+00,60.21,false,,1,0.0413,-0.00849999999999999,1,0.0108493565537345,,"{""launch_dow"":5,""launch_utc_hour"":2,""price_zscore_6h"":-0.9770114942528735,""launch_local_hour"":2}",2026-02-14 03:49:34.864381+00,topup,
4101,aws,us-west-2,c6i.large,topup,min4_topup,60,meta_v3_ensemble_h1_hedge_persist,i-02cd1a653bba2bb29,Censored (Stopped by Design),2026-02-14 02:49:23.707726+00,2026-02-14 03:49:35.91121+00,60.2,false,,1,0.0356,-0.0051,1,0.0631260969540533,,"{""launch_dow"":5,""launch_utc_hour"":2,""price_zscore_6h"":-0.9622641509433963,""launch_local_hour"":2}",2026-02-14 03:49:36.452455+00,topup,
4126,aws,us-east-1,m6a.large,topup,min4_topup,60,meta_v3_ensemble_h1_hedge_persist,i-0d7fec4a247c8f21a,Censored (Stopped by Design),2026-02-14 03:50:18.914879+00,2026-02-14 04:50:28.181203+00,60.15,false,,1,0.0526,0.0075,1,0.00793261994713163,,"{""launch_dow"":5,""launch_utc_hour"":3,""price_zscore_6h"":0.974025974025974,""launch_local_hour"":3}",2026-02-14 04:50:28.694468+00,topup,
4127,aws,us-east-1,m6a.large,topup,min4_topup,60,meta_v3_ensemble_h1_hedge_persist,i-0891ed063b89e3f33,Censored (Stopped by Design),2026-02-14 03:50:20.851286+00,2026-02-14 04:50:33.037652+00,60.2,false,,1,0.0526,0.0075,1,0.00949270541920196,,"{""launch_dow"":5,""launch_utc_hour"":3,""price_zscore_6h"":0.974025974025974,""launch_local_hour"":3}",2026-02-14 04:50:33.557357+00,topup,
4128,aws,us-east-1,m6a.large,topup,min4_topup,60,meta_v3_ensemble_h1_hedge_persist,i-0fec2df6255ee6a6c,Censored (Stopped by Design),2026-02-14 03:50:25.710442+00,2026-02-14 04:50:37.811207+00,60.2,false,,1,0.0526,0.0075,1,0.00742548037458478,,"{""launch_dow"":5,""launch_utc_hour"":3,""price_zscore_6h"":0.974025974025974,""launch_local_hour"":3}",2026-02-14 04:50:38.342472+00,topup,
4129,aws,us-east-1,m6a.large,topup,min4_topup,60,meta_v3_ensemble_h1_hedge_persist,i-0bcfa3c1576df1c99,Censored (Stopped by Design),2026-02-14 03:50:30.657474+00,2026-02-14 04:50:43.091215+00,60.21,false,,1,0.0526,0.0075,1,0.00760263651170849,,"{""launch_dow"":5,""launch_utc_hour"":3,""price_zscore_6h"":0.974025974025974,""launch_local_hour"":3}",2026-02-14 04:50:43.745781+00,topup,
4130,aws,us-west-2,t3a.large,topup,min4_topup,60,meta_v3_ensemble_h1_hedge_persist,i-0dafbfb0e014e2623,Censored (Stopped by Design),2026-02-14 03:50:35.875599+00,2026-02-14 04:50:51.43122+00,60.26,false,,1,0.0291,-0.0056,1,0.00889502383604199,,"{""launch_dow"":5,""launch_utc_hour"":3,""price_zscore_6h"":-0.9655172413793104,""launch_local_hour"":3}",2026-02-14 04:50:51.97513+00,topup,
4131,aws,us-west-2,t3a.large,topup,min4_topup,60,meta_v3_ensemble_h1_hedge_persist,i-0c1d7e5a548ce0d77,Censored (Stopped by Design),2026-02-14 03:50:41.332155+00,2026-02-14 04:50:56.457298+00,60.25,false,,1,0.0291,-0.0056,1,0.0101964056558604,,"{""launch_dow"":5,""launch_utc_hour"":3,""price_zscore_6h"":-0.9655172413793104,""launch_local_hour"":3}",2026-02-14 04:50:56.995549+00,topup,
4132,aws,us-west-2,t3a.large,topup,min4_topup,60,meta_v3_ensemble_h1_hedge_persist,i-02bce5a49100f4ac2,Censored (Stopped by Design),2026-02-14 03:50:46.480591+00,2026-02-14 04:51:01.711225+00,60.25,false,,1,0.0291,-0.0056,1,0.0092264341973741,,"{""launch_dow"":5,""launch_utc_hour"":3,""price_zscore_6h"":-0.9655172413793104,""launch_local_hour"":3}",2026-02-14 04:51:02.466375+00,topup,
4133,aws,us-west-2,t3a.large,topup,min4_topup,60,meta_v3_ensemble_h1_hedge_persist,i-0a72a61a249cd99a0,Censored (Stopped by Design),2026-02-14 03:50:51.698416+00,2026-02-14 04:51:07.410783+00,60.26,false,,1,0.0291,-0.0056,1,0.00892921358931017,,"{""launch_dow"":5,""launch_utc_hour"":3,""price_zscore_6h"":-0.9655172413793104,""launch_local_hour"":3}",2026-02-14 04:51:08.066309+00,topup,
4134,aws,us-west-2,m6a.large,topup,min4_topup,60,meta_v3_ensemble_h1_hedge_persist,i-0de36cdc2d047d571,Censored (Stopped by Design),2026-02-14 03:50:57.139527+00,2026-02-14 04:51:12.503573+00,60.26,false,,1,0.0679,0.0266,1,0.011614833680534,,"{""launch_dow"":5,""launch_utc_hour"":3,""price_zscore_6h"":0.9925373134328359,""launch_local_hour"":3}",2026-02-14 04:51:13.065007+00,topup,
4135,aws,us-west-2,m6a.large,topup,min4_topup,60,meta_v3_ensemble_h1_hedge_persist,i-0c8e0f0973a881ef6,Censored (Stopped by Design),2026-02-14 03:51:02.656155+00,2026-02-14 04:51:20.453162+00,60.3,false,,1,0.0679,0.0266,1,0.0127516846101233,,"{""launch_dow"":5,""launch_utc_hour"":3,""price_zscore_6h"":0.9925373134328359,""launch_local_hour"":3}",2026-02-14 04:51:20.980586+00,topup,
4136,aws,us-west-2,m6a.large,topup,min4_topup,60,meta_v3_ensemble_h1_hedge_persist,i-0a7d25c966ce1882d,Censored (Stopped by Design),2026-02-14 03:51:07.989741+00,2026-02-14 04:51:22.951224+00,60.25,false,,1,0.0679,0.0266,1,0.00991053613854669,,"{""launch_dow"":5,""launch_utc_hour"":3,""price_zscore_6h"":0.9925373134328359,""launch_local_hour"":3}",2026-02-14 04:51:23.480378+00,topup,
4137,aws,us-west-2,m6a.large,topup,min4_topup,60,meta_v3_ensemble_h1_hedge_persist,i-045e1fecdb644d1fb,Censored (Stopped by Design),2026-02-14 03:51:13.266908+00,2026-02-14 04:51:25.822804+00,60.21,false,,1,0.0679,0.0266,1,0.0114355448292156,,"{""launch_dow"":5,""launch_utc_hour"":3,""price_zscore_6h"":0.9925373134328359,""launch_local_hour"":3}",2026-02-14 04:51:26.331383+00,topup,
4138,aws,us-west-2,c6i.large,topup,min4_topup,60,meta_v3_ensemble_h1_hedge_persist,i-0c2ade17b950178c1,Censored (Stopped by Design),2026-02-14 03:51:15.381176+00,2026-02-14 04:51:31.421205+00,60.27,false,,1,0.0355,-0.000100000000000003,1,0.0573092493909719,,"{""launch_dow"":5,""launch_utc_hour"":3,""price_zscore_6h"":-0.3333333333333397,""launch_local_hour"":3}",2026-02-14 04:51:32.160591+00,topup,
4139,aws,us-west-2,c6i.large,topup,min4_topup,60,meta_v3_ensemble_h1_hedge_persist,i-022a01222a7136a02,Censored (Stopped by Design),2026-02-14 03:51:20.73959+00,2026-02-14 04:51:36.421193+00,60.26,false,,1,0.0355,-0.000100000000000003,1,0.0558565236516297,,"{""launch_dow"":5,""launch_utc_hour"":3,""price_zscore_6h"":-0.3333333333333397,""launch_local_hour"":3}",2026-02-14 04:51:36.985353+00,topup,
4164,aws,us-east-1,m6a.large,topup,min4_topup,60,meta_v3_ensemble_h1_hedge_persist,i-0194782fe38853496,Censored (Stopped by Design),2026-02-14 04:52:33.475571+00,2026-02-14 05:52:46.161221+00,60.21,false,,1,0.0526,0.0075,1,0.0081227300929503,,"{""launch_dow"":5,""launch_utc_hour"":4,""price_zscore_6h"":0.974025974025974,""launch_local_hour"":4}",2026-02-14 05:52:46.629722+00,topup,
4165,aws,us-east-1,c6i.large,topup,min4_topup,60,meta_v3_ensemble_h1_hedge_persist,i-0f1e719fbc0600608,Censored (Stopped by Design),2026-02-14 04:52:38.454109+00,2026-02-14 05:52:50.421209+00,60.2,false,,1,0.0356,-0.0057,1,0.0892690527051795,,"{""launch_dow"":5,""launch_utc_hour"":4,""price_zscore_6h"":-0.9661016949152543,""launch_local_hour"":4}",2026-02-14 05:52:50.937031+00,topup,
4166,aws,us-east-1,c6i.large,topup,min4_topup,60,meta_v3_ensemble_h1_hedge_persist,i-0585aca0aa03f9e05,Censored (Stopped by Design),2026-02-14 04:52:43.471383+00,2026-02-14 05:52:56.127002+00,60.21,false,,1,0.0356,-0.0057,1,0.0901862323819474,,"{""launch_dow"":5,""launch_utc_hour"":4,""price_zscore_6h"":-0.9661016949152543,""launch_local_hour"":4}",2026-02-14 05:52:56.694004+00,topup,
4167,aws,us-east-1,c6i.large,topup,min4_topup,60,meta_v3_ensemble_h1_hedge_persist,i-0d94762ef6f5d30ad,Censored (Stopped by Design),2026-02-14 04:52:48.66773+00,2026-02-14 05:52:57.631225+00,60.15,false,,1,0.0356,-0.0057,1,0.0916012422103515,,"{""launch_dow"":5,""launch_utc_hour"":4,""price_zscore_6h"":-0.9661016949152543,""launch_local_hour"":4}",2026-02-14 05:52:58.133385+00,topup,
4168,aws,us-east-1,c6i.large,topup,min4_topup,60,meta_v3_ensemble_h1_hedge_persist,i-00587490d39b3a3d0,Censored (Stopped by Design),2026-02-14 04:52:50.638143+00,2026-02-14 05:53:02.861205+00,60.2,false,,1,0.0356,-0.0057,1,0.0900922433581384,,"{""launch_dow"":5,""launch_utc_hour"":4,""price_zscore_6h"":-0.9661016949152543,""launch_local_hour"":4}",2026-02-14 05:53:03.473693+00,topup,
4193,aws,us-east-1,m6a.large,topup,min4_topup,60,meta_v3_ensemble_h1_hedge_persist,i-0128626e930302646,Censored (Stopped by Design),2026-02-14 05:54:07.081063+00,2026-02-14 06:54:19.501277+00,60.21,false,,1,0.0523,0.0061,1,0.00882187777632755,,"{""launch_dow"":5,""launch_utc_hour"":5,""price_zscore_6h"":0.9682539682539684,""launch_local_hour"":5}",2026-02-14 06:54:20.069164+00,topup,
4194,aws,us-east-1,c6i.large,topup,min4_topup,60,meta_v3_ensemble_h1_hedge_persist,i-07b383fda0df03862,Censored (Stopped by Design),2026-02-14 05:54:12.123255+00,2026-02-14 06:54:20.881203+00,60.15,false,,1,0.0356,-0.0057,1,0.0847944779728692,,"{""launch_dow"":5,""launch_utc_hour"":5,""price_zscore_6h"":-0.9661016949152543,""launch_local_hour"":5}",2026-02-14 06:54:21.348299+00,topup,
4195,aws,us-east-1,c6i.large,topup,min4_topup,60,meta_v3_ensemble_h1_hedge_persist,i-02dea22c1a56c1922,Censored (Stopped by Design),2026-02-14 05:54:13.98848+00,2026-02-14 06:54:23.341223+00,60.16,false,,1,0.0356,-0.0057,1,0.0830317919204707,,"{""launch_dow"":5,""launch_utc_hour"":5,""price_zscore_6h"":-0.9661016949152543,""launch_local_hour"":5}",2026-02-14 06:54:23.772689+00,topup,
4196,aws,us-east-1,c6i.large,topup,min4_topup,60,meta_v3_ensemble_h1_hedge_persist,i-0266c798b354b1822,Censored (Stopped by Design),2026-02-14 05:54:15.866564+00,2026-02-14 06:54:25.161215+00,60.15,false,,1,0.0356,-0.0057,1,0.0813157076506351,,"{""launch_dow"":5,""launch_utc_hour"":5,""price_zscore_6h"":-0.9661016949152543,""launch_local_hour"":5}",2026-02-14 06:54:25.650009+00,topup,
4197,aws,us-east-1,c6i.large,topup,min4_topup,60,meta_v3_ensemble_h1_hedge_persist,i-0e25b34c64142ea74,Censored (Stopped by Design),2026-02-14 05:54:17.780303+00,2026-02-14 06:54:26.721208+00,60.15,false,,1,0.0356,-0.0057,1,0.0812955493514982,,"{""launch_dow"":5,""launch_utc_hour"":5,""price_zscore_6h"":-0.9661016949152543,""launch_local_hour"":5}",2026-02-14 06:54:27.253626+00,topup,
4198,aws,us-west-2,c6i.large,topup,min4_topup,60,meta_v3_ensemble_h1_hedge_persist,i-0e06cb3364d0822cc,Censored (Stopped by Design),2026-02-14 05:54:19.794142+00,2026-02-14 06:54:35.162391+00,60.26,false,,1,0.0355,-0.000100000000000003,1,0.0282288609286193,,"{""launch_dow"":5,""launch_utc_hour"":5,""price_zscore_6h"":-0.3333333333333397,""launch_local_hour"":5}",2026-02-14 06:54:36.00053+00,topup,
4199,aws,us-west-2,c6i.large,topup,min4_topup,60,meta_v3_ensemble_h1_hedge_persist,i-07efc29476342ca96,Censored (Stopped by Design),2026-02-14 05:54:25.067727+00,2026-02-14 06:54:40.18121+00,60.25,false,,1,0.0355,-0.000100000000000003,1,0.0286968952883023,,"{""launch_dow"":5,""launch_utc_hour"":5,""price_zscore_6h"":-0.3333333333333397,""launch_local_hour"":5}",2026-02-14 06:54:40.769389+00,topup,
4200,aws,us-east-1,c6i.large,topup,min4_topup,60,meta_v3_ensemble_h1_hedge_persist,i-0a37bec9f6baa9a01,Interrupted,2026-02-14 06:56:10.827705+00,2026-02-14 07:54:22.996927+00,58.2,true,1,0,0.0409,0.0053,1,0.0901311842287972,,"{""launch_dow"":5,""launch_utc_hour"":6,""price_zscore_6h"":0.9636363636363637,""launch_local_hour"":6}",2026-02-14 07:54:24.181018+00,topup,
4225,aws,us-east-1,m6a.large,topup,min4_topup,60,meta_v3_ensemble_h1_hedge_persist,i-02a86bbdeccdc0416,Censored (Stopped by Design),2026-02-14 06:56:00.752741+00,2026-02-14 07:56:12.804204+00,60.2,false,,1,0.0523,0.0061,1,0.00908749930555448,,"{""launch_dow"":5,""launch_utc_hour"":6,""price_zscore_6h"":0.9682539682539684,""launch_local_hour"":6}",2026-02-14 07:56:13.359871+00,topup,
4226,aws,us-east-1,c6i.large,topup,min4_topup,60,meta_v3_ensemble_h1_hedge_persist,i-095b954c878f4b23b,Censored (Stopped by Design),2026-02-14 06:56:05.815928+00,2026-02-14 07:56:18.42603+00,60.21,false,,1,0.0409,0.0053,1,0.0934977577041844,,"{""launch_dow"":5,""launch_utc_hour"":6,""price_zscore_6h"":0.9636363636363637,""launch_local_hour"":6}",2026-02-14 07:56:19.01521+00,topup,
4227,aws,us-east-1,c6i.large,topup,min4_topup,60,meta_v3_ensemble_h1_hedge_persist,i-0137dd9c2adaecf35,Censored (Stopped by Design),2026-02-14 06:56:16.018407+00,2026-02-14 07:56:27.86121+00,60.2,false,,1,0.0409,0.0053,1,0.0934300116306536,,"{""launch_dow"":5,""launch_utc_hour"":6,""price_zscore_6h"":0.9636363636363637,""launch_local_hour"":6}",2026-02-14 07:56:28.41505+00,topup,
4228,aws,us-east-1,c6i.large,topup,min4_topup,60,meta_v3_ensemble_h1_hedge_persist,i-074608cf1d9af061c,Censored (Stopped by Design),2026-02-14 06:56:21.062158+00,2026-02-14 07:56:33.041319+00,60.2,false,,1,0.0409,0.0053,1,0.0896730571369979,,"{""launch_dow"":5,""launch_utc_hour"":6,""price_zscore_6h"":0.9636363636363637,""launch_local_hour"":6}",2026-02-14 07:56:33.528996+00,topup,
4253,aws,us-east-1,c6i.large,topup,min4_topup,60,meta_v3_ensemble_h1_hedge_persist,i-005092e6ec0452928,Censored (Stopped by Design),2026-02-14 07:57:43.173487+00,2026-02-14 08:57:52.150431+00,60.15,false,,1,0.0409,0.0053,1,0.104661642229665,,"{""launch_dow"":5,""launch_utc_hour"":7,""price_zscore_6h"":0.9636363636363637,""launch_local_hour"":7}",2026-02-14 08:57:52.655175+00,topup,
4254,aws,us-east-1,c6i.large,topup,min4_topup,60,meta_v3_ensemble_h1_hedge_persist,i-03d921f11bfd464f0,Censored (Stopped by Design),2026-02-14 07:57:45.260202+00,2026-02-14 08:57:54.377393+00,60.15,false,,1,0.0409,0.0053,1,0.101222032376669,,"{""launch_dow"":5,""launch_utc_hour"":7,""price_zscore_6h"":0.9636363636363637,""launch_local_hour"":7}",2026-02-14 08:57:54.840089+00,topup,
4255,aws,us-east-1,c6i.large,topup,min4_topup,60,meta_v3_ensemble_h1_hedge_persist,i-0669469f7469aa3e6,Censored (Stopped by Design),2026-02-14 07:57:47.598262+00,2026-02-14 08:57:56.441206+00,60.15,false,,1,0.0409,0.0053,1,0.0992950241664817,,"{""launch_dow"":5,""launch_utc_hour"":7,""price_zscore_6h"":0.9636363636363637,""launch_local_hour"":7}",2026-02-14 08:57:56.940122+00,topup,
4256,aws,us-east-1,c6i.large,topup,min4_topup,60,meta_v3_ensemble_h1_hedge_persist,i-0194bcb65bacdcc5f,Censored (Stopped by Design),2026-02-14 07:57:49.393487+00,2026-02-14 08:57:58.547892+00,60.15,false,,1,0.0409,0.0053,1,0.101915306332502,,"{""launch_dow"":5,""launch_utc_hour"":7,""price_zscore_6h"":0.9636363636363637,""launch_local_hour"":7}",2026-02-14 08:57:58.97383+00,topup,
4257,aws,us-west-2,m6a.large,topup,min4_topup,60,meta_v3_ensemble_h1_hedge_persist,i-0f8114ca58e996f3d,Censored (Stopped by Design),2026-02-14 07:57:51.44542+00,2026-02-14 08:58:03.161218+00,60.2,false,,1,0.0674,0.0262,1,0.0112669645389947,,"{""launch_dow"":5,""launch_utc_hour"":7,""price_zscore_6h"":0.9924242424242424,""launch_local_hour"":7}",2026-02-14 08:58:03.883153+00,topup,
4281,aws,us-east-1,t3a.large,topup,min4_topup,60,meta_v3_ensemble_h1_hedge_persist,i-0bc8fb35c21a635ec,Censored (Stopped by Design),2026-02-14 08:59:00.297792+00,2026-02-14 09:59:09.371217+00,60.15,false,,1,0.0267,-0.0113,1,0.125906643518679,,"{""launch_dow"":5,""launch_utc_hour"":8,""price_zscore_6h"":-0.9826086956521739,""launch_local_hour"":8}",2026-02-14 09:59:09.851137+00,topup,
4283,aws,us-east-1,m6a.large,topup,min4_topup,60,meta_v3_ensemble_h1_hedge_persist,i-02b65b9676e59ec47,Censored (Stopped by Design),2026-02-14 08:59:02.294865+00,2026-02-14 09:59:14.21646+00,60.2,false,,1,0.0435,-0.0088,1,0.0102223286513756,,"{""launch_dow"":5,""launch_utc_hour"":8,""price_zscore_6h"":-0.9777777777777777,""launch_local_hour"":8}",2026-02-14 09:59:15.000772+00,topup,
4284,aws,us-east-1,m6a.large,topup,min4_topup,60,meta_v3_ensemble_h1_hedge_persist,i-09505d54a78952b07,Censored (Stopped by Design),2026-02-14 08:59:07.354119+00,2026-02-14 09:59:20.461271+00,60.22,false,,1,0.0435,-0.0088,1,0.00880347358367901,,"{""launch_dow"":5,""launch_utc_hour"":8,""price_zscore_6h"":-0.9777777777777777,""launch_local_hour"":8}",2026-02-14 09:59:21.032563+00,topup,
4285,aws,us-east-1,c6i.large,topup,min4_topup,60,meta_v3_ensemble_h1_hedge_persist,i-0c9bce7dfc26a1013,Censored (Stopped by Design),2026-02-14 08:59:12.388649+00,2026-02-14 09:59:21.431221+00,60.15,false,,1,0.0409,0.0053,1,0.0977091497818268,,"{""launch_dow"":5,""launch_utc_hour"":8,""price_zscore_6h"":0.9636363636363637,""launch_local_hour"":8}",2026-02-14 09:59:21.949468+00,topup,
4286,aws,us-east-1,c6i.large,topup,min4_topup,60,meta_v3_ensemble_h1_hedge_persist,i-05ad54f8578ae9610,Censored (Stopped by Design),2026-02-14 08:59:14.290405+00,2026-02-14 09:59:23.771211+00,60.16,false,,1,0.0409,0.0053,1,0.0957523616555076,,"{""launch_dow"":5,""launch_utc_hour"":8,""price_zscore_6h"":0.9636363636363637,""launch_local_hour"":8}",2026-02-14 09:59:24.263004+00,topup,
4287,aws,us-east-1,c6i.large,topup,min4_topup,60,meta_v3_ensemble_h1_hedge_persist,i-09083c84d67970776,Censored (Stopped by Design),2026-02-14 08:59:16.15545+00,2026-02-14 09:59:25.281215+00,60.15,false,,1,0.0409,0.0053,1,0.100038255032368,,"{""launch_dow"":5,""launch_utc_hour"":8,""price_zscore_6h"":0.9636363636363637,""launch_local_hour"":8}",2026-02-14 09:59:25.792957+00,topup,
4288,aws,us-east-1,c6i.large,topup,min4_topup,60,meta_v3_ensemble_h1_hedge_persist,i-0a38da6cb56721c69,Censored (Stopped by Design),2026-02-14 08:59:17.918676+00,2026-02-14 09:59:26.661209+00,60.15,false,,1,0.0409,0.0053,1,0.0995350540561306,,"{""launch_dow"":5,""launch_utc_hour"":8,""price_zscore_6h"":0.9636363636363637,""launch_local_hour"":8}",2026-02-14 09:59:27.185158+00,topup,
4313,aws,us-east-1,c6i.large,topup,min4_topup,60,meta_v3_ensemble_h1_hedge_persist,i-0aee78884be850256,Censored (Stopped by Design),2026-02-14 10:00:51.657253+00,2026-02-14 11:01:00.531207+00,60.15,false,,1,0.0411,0.000199999999999999,1,0.103398734683514,,"{""launch_dow"":5,""launch_utc_hour"":10,""price_zscore_6h"":0.4999999999999985,""launch_local_hour"":10}",2026-02-14 11:01:01.027907+00,topup,
4314,aws,us-east-1,c6i.large,topup,min4_topup,60,meta_v3_ensemble_h1_hedge_persist,i-0f53621318aa6952e,Censored (Stopped by Design),2026-02-14 10:00:53.444205+00,2026-02-14 11:01:02.722906+00,60.15,false,,1,0.0411,0.000199999999999999,1,0.102446640794233,,"{""launch_dow"":5,""launch_utc_hour"":10,""price_zscore_6h"":0.4999999999999985,""launch_local_hour"":10}",2026-02-14 11:01:03.311858+00,topup,
4315,aws,us-east-1,c6i.large,topup,min4_topup,60,meta_v3_ensemble_h1_hedge_persist,i-036b1a0c33c309cc9,Censored (Stopped by Design),2026-02-14 10:00:55.329152+00,2026-02-14 11:01:04.675495+00,60.16,false,,1,0.0411,0.000199999999999999,1,0.102467328864555,,"{""launch_dow"":5,""launch_utc_hour"":10,""price_zscore_6h"":0.4999999999999985,""launch_local_hour"":10}",2026-02-14 11:01:05.179979+00,topup,
4316,aws,us-east-1,c6i.large,topup,min4_topup,60,meta_v3_ensemble_h1_hedge_persist,i-0ce153a7863534bb0,Censored (Stopped by Design),2026-02-14 10:00:57.089375+00,2026-02-14 11:01:06.261213+00,60.15,false,,1,0.0411,0.000199999999999999,1,0.10413432342392,,"{""launch_dow"":5,""launch_utc_hour"":10,""price_zscore_6h"":0.4999999999999985,""launch_local_hour"":10}",2026-02-14 11:01:06.761278+00,topup,
4340,aws,us-east-1,c6i.large,topup,min4_topup,60,meta_v3_ensemble_h1_hedge_persist,i-08764bc6ce9fe5a53,Censored (Stopped by Design),2026-02-14 11:02:24.569255+00,2026-02-14 12:02:33.691934+00,60.15,false,,1,0.0381,0.0027,1,0.101112315214741,,"{""launch_dow"":5,""launch_utc_hour"":11,""price_zscore_6h"":0.9310344827586207,""launch_local_hour"":11}",2026-02-14 12:02:34.145165+00,topup,
4341,aws,us-east-1,c6i.large,topup,min4_topup,60,meta_v3_ensemble_h1_hedge_persist,i-059339d97d7fc9267,Censored (Stopped by Design),2026-02-14 11:02:26.626742+00,2026-02-14 12:02:35.425265+00,60.15,false,,1,0.0381,0.0027,1,0.100509391850348,,"{""launch_dow"":5,""launch_utc_hour"":11,""price_zscore_6h"":0.9310344827586207,""launch_local_hour"":11}",2026-02-14 12:02:35.943371+00,topup,
4343,aws,us-east-1,c6i.large,topup,min4_topup,60,meta_v3_ensemble_h1_hedge_persist,i-0f4d0ab4b23753306,Censored (Stopped by Design),2026-02-14 11:02:28.595757+00,2026-02-14 12:02:37.394523+00,60.15,false,,1,0.0381,0.0027,1,0.0999666193748485,,"{""launch_dow"":5,""launch_utc_hour"":11,""price_zscore_6h"":0.9310344827586207,""launch_local_hour"":11}",2026-02-14 12:02:37.833877+00,topup,
4344,aws,us-east-1,c6i.large,topup,min4_topup,60,meta_v3_ensemble_h1_hedge_persist,i-0302e9c2115521f7b,Censored (Stopped by Design),2026-02-14 11:02:30.474946+00,2026-02-14 12:02:39.471219+00,60.15,false,,1,0.0381,0.0027,1,0.101604854750394,,"{""launch_dow"":5,""launch_utc_hour"":11,""price_zscore_6h"":0.9310344827586207,""launch_local_hour"":11}",2026-02-14 12:02:39.982981+00,topup,
4369,aws,us-east-1,m6a.large,topup,min4_topup,60,meta_v3_ensemble_h1_hedge_persist,i-0e1762d64615b562b,Censored (Stopped by Design),2026-02-14 12:04:05.956377+00,2026-02-14 13:04:18.44643+00,60.21,false,,1,0.0522,-0.0104,1,0.010717335592085,,"{""launch_dow"":5,""launch_utc_hour"":12,""price_zscore_6h"":-0.9811320754716981,""launch_local_hour"":12}",2026-02-14 13:04:19.108145+00,topup,
4370,aws,us-east-1,m6a.large,topup,min4_topup,60,meta_v3_ensemble_h1_hedge_persist,i-0579685015a9eef46,Censored (Stopped by Design),2026-02-14 12:04:11.007586+00,2026-02-14 13:04:22.671224+00,60.19,false,,1,0.0522,-0.0104,1,0.00999945199182506,,"{""launch_dow"":5,""launch_utc_hour"":12,""price_zscore_6h"":-0.9811320754716981,""launch_local_hour"":12}",2026-02-14 13:04:23.142496+00,topup,
4371,aws,us-east-1,m6a.large,topup,min4_topup,60,meta_v3_ensemble_h1_hedge_persist,i-04c5b856165f3b43e,Censored (Stopped by Design),2026-02-14 12:04:16.099263+00,2026-02-14 13:04:25.581204+00,60.16,false,,1,0.0522,-0.0104,1,0.0100365960532851,,"{""launch_dow"":5,""launch_utc_hour"":12,""price_zscore_6h"":-0.9811320754716981,""launch_local_hour"":12}",2026-02-14 13:04:26.078318+00,topup,
4372,aws,us-east-1,c6i.large,topup,min4_topup,60,meta_v3_ensemble_h1_hedge_persist,i-0c6e196a5585b8027,Censored (Stopped by Design),2026-02-14 12:04:18.082055+00,2026-02-14 13:04:27.201191+00,60.15,false,,1,0.0381,0.0027,1,0.105950524280463,,"{""launch_dow"":5,""launch_utc_hour"":12,""price_zscore_6h"":0.9310344827586207,""launch_local_hour"":12}",2026-02-14 13:04:27.731139+00,topup,
4373,aws,us-east-1,c6i.large,topup,min4_topup,60,meta_v3_ensemble_h1_hedge_persist,i-0f029d13c81ed067c,Censored (Stopped by Design),2026-02-14 12:04:19.86875+00,2026-02-14 13:04:28.94121+00,60.15,false,,1,0.0381,0.0027,1,0.108596822976277,,"{""launch_dow"":5,""launch_utc_hour"":12,""price_zscore_6h"":0.9310344827586207,""launch_local_hour"":12}",2026-02-14 13:04:29.486235+00,topup,
4374,aws,us-east-1,c6i.large,topup,min4_topup,60,meta_v3_ensemble_h1_hedge_persist,i-0c6b101facbb01775,Censored (Stopped by Design),2026-02-14 12:04:21.888576+00,2026-02-14 13:04:31.101221+00,60.15,false,,1,0.0381,0.0027,1,0.10495456543459,,"{""launch_dow"":5,""launch_utc_hour"":12,""price_zscore_6h"":0.9310344827586207,""launch_local_hour"":12}",2026-02-14 13:04:31.565922+00,topup,
4375,aws,us-east-1,c6i.large,topup,min4_topup,60,meta_v3_ensemble_h1_hedge_persist,i-0fee4bc711e1ea97f,Censored (Stopped by Design),2026-02-14 12:04:23.835791+00,2026-02-14 13:04:32.895574+00,60.15,false,,1,0.0381,0.0027,1,0.106545223235627,,"{""launch_dow"":5,""launch_utc_hour"":12,""price_zscore_6h"":0.9310344827586207,""launch_local_hour"":12}",2026-02-14 13:04:33.364525+00,topup,
4400,aws,us-east-1,t3a.large,topup,min4_topup,60,meta_v3_ensemble_h1_hedge_persist,i-084ac3b84c4aec0f5,Censored (Stopped by Design),2026-02-14 13:06:12.133852+00,2026-02-14 14:06:24.571218+00,60.21,false,,1,0.0347,-0.0031,1,0.201124197199766,,"{""launch_dow"":5,""launch_utc_hour"":13,""price_zscore_6h"":-0.9393939393939393,""launch_local_hour"":13}",2026-02-14 14:06:25.318269+00,topup,
4401,aws,us-east-1,c6i.large,topup,min4_topup,60,meta_v3_ensemble_h1_hedge_persist,i-07bfd296491570e58,Censored (Stopped by Design),2026-02-14 13:06:17.135159+00,2026-02-14 14:06:29.711102+00,60.21,false,,1,0.0381,0.0027,1,0.0888434209851717,,"{""launch_dow"":5,""launch_utc_hour"":13,""price_zscore_6h"":0.9310344827586207,""launch_local_hour"":13}",2026-02-14 14:06:30.232586+00,topup,
4402,aws,us-east-1,c6i.large,topup,min4_topup,60,meta_v3_ensemble_h1_hedge_persist,i-0b35bcf2b2d8f4400,Censored (Stopped by Design),2026-02-14 13:06:22.112253+00,2026-02-14 14:06:34.001222+00,60.2,false,,1,0.0381,0.0027,1,0.0958274504761205,,"{""launch_dow"":5,""launch_utc_hour"":13,""price_zscore_6h"":0.9310344827586207,""launch_local_hour"":13}",2026-02-14 14:06:34.469574+00,topup,
4403,aws,us-east-1,c6i.large,topup,min4_topup,60,meta_v3_ensemble_h1_hedge_persist,i-0d0c02df19e1b822f,Censored (Stopped by Design),2026-02-14 13:06:27.285815+00,2026-02-14 14:06:39.701217+00,60.21,false,,1,0.0381,0.0027,1,0.0924929269503449,,"{""launch_dow"":5,""launch_utc_hour"":13,""price_zscore_6h"":0.9310344827586207,""launch_local_hour"":13}",2026-02-14 14:06:40.3095+00,topup,
4404,aws,us-east-1,c6i.large,topup,min4_topup,60,meta_v3_ensemble_h1_hedge_persist,i-0edde096ee2d9c9cd,Censored (Stopped by Design),2026-02-14 13:06:32.349149+00,2026-02-14 14:06:44.621213+00,60.2,false,,1,0.0381,0.0027,1,0.0912417454638421,,"{""launch_dow"":5,""launch_utc_hour"":13,""price_zscore_6h"":0.9310344827586207,""launch_local_hour"":13}",2026-02-14 14:06:45.140869+00,topup,
4429,aws,us-east-1,m6a.large,topup,min4_topup,60,meta_v3_ensemble_h1_hedge_persist,i-04352b4b765ec0990,Censored (Stopped by Design),2026-02-14 14:08:22.315998+00,2026-02-14 15:08:34.154653+00,60.2,false,,1,0.0624,0.0163,1,0.0102199692319343,,"{""launch_dow"":5,""launch_utc_hour"":14,""price_zscore_6h"":0.9878787878787879,""launch_local_hour"":14}",2026-02-14 15:08:34.652296+00,topup,
4430,aws,us-east-1,m6a.large,topup,min4_topup,60,meta_v3_ensemble_h1_hedge_persist,i-090715f6bd2e7d7af,Censored (Stopped by Design),2026-02-14 14:08:27.402506+00,2026-02-14 15:08:39.916242+00,60.21,false,,1,0.0624,0.0163,1,0.0093114061856708,,"{""launch_dow"":5,""launch_utc_hour"":14,""price_zscore_6h"":0.9878787878787879,""launch_local_hour"":14}",2026-02-14 15:08:40.523519+00,topup,
4431,aws,us-east-1,c6i.large,topup,min4_topup,60,meta_v3_ensemble_h1_hedge_persist,i-020b84f7264a987e3,Censored (Stopped by Design),2026-02-14 14:08:32.335823+00,2026-02-14 15:08:44.139664+00,60.2,false,,1,0.0355,-0.00260000000000001,1,0.090529990575852,,"{""launch_dow"":5,""launch_utc_hour"":14,""price_zscore_6h"":-0.9285714285714287,""launch_local_hour"":14}",2026-02-14 15:08:44.864959+00,topup,
4432,aws,us-east-1,c6i.large,topup,min4_topup,60,meta_v3_ensemble_h1_hedge_persist,i-0b103dcd02c036ae0,Censored (Stopped by Design),2026-02-14 14:08:37.227413+00,2026-02-14 15:08:46.211224+00,60.15,false,,1,0.0355,-0.00260000000000001,1,0.0938267059577465,,"{""launch_dow"":5,""launch_utc_hour"":14,""price_zscore_6h"":-0.9285714285714287,""launch_local_hour"":14}",2026-02-14 15:08:46.76796+00,topup,
4433,aws,us-east-1,c6i.large,topup,min4_topup,60,meta_v3_ensemble_h1_hedge_persist,i-02560df608eb1de0c,Censored (Stopped by Design),2026-02-14 14:08:39.098568+00,2026-02-14 15:08:48.201197+00,60.15,false,,1,0.0355,-0.00260000000000001,1,0.0925215772858692,,"{""launch_dow"":5,""launch_utc_hour"":14,""price_zscore_6h"":-0.9285714285714287,""launch_local_hour"":14}",2026-02-14 15:08:48.665084+00,topup,
4434,aws,us-east-1,c6i.large,topup,min4_topup,60,meta_v3_ensemble_h1_hedge_persist,i-026bd106137852805,Censored (Stopped by Design),2026-02-14 14:08:41.033206+00,2026-02-14 15:08:53.291205+00,60.2,false,,1,0.0355,-0.00260000000000001,1,0.0942759678107744,,"{""launch_dow"":5,""launch_utc_hour"":14,""price_zscore_6h"":-0.9285714285714287,""launch_local_hour"":14}",2026-02-14 15:08:53.840835+00,topup,
4435,aws,us-west-2,c6i.large,topup,min4_topup,60,meta_v3_ensemble_h1_hedge_persist,i-08dd00518c28865af,Censored (Stopped by Design),2026-02-14 14:08:46.286081+00,2026-02-14 15:08:58.377409+00,60.2,false,,1,0.04,-0.001,1,0.0389364535474314,,"{""launch_dow"":5,""launch_utc_hour"":14,""price_zscore_6h"":-0.8333333333333334,""launch_local_hour"":14}",2026-02-14 15:08:59.162116+00,topup,
4459,aws,us-east-1,m6a.large,topup,min4_topup,60,meta_v3_ensemble_h1_hedge_persist,i-0942241d48540bc07,Censored (Stopped by Design),2026-02-14 15:10:17.364169+00,2026-02-14 16:10:26.766836+00,60.16,false,,1,0.0624,0.0163,1,0.00894726419777546,,"{""launch_dow"":5,""launch_utc_hour"":15,""price_zscore_6h"":0.9878787878787879,""launch_local_hour"":15}",2026-02-14 16:10:27.323204+00,topup,
4461,aws,us-east-1,m6a.large,topup,min4_topup,60,meta_v3_ensemble_h1_hedge_persist,i-02b136024d3cd4fa7,Censored (Stopped by Design),2026-02-14 15:10:19.352163+00,2026-02-14 16:10:31.539495+00,60.2,false,,1,0.0624,0.0163,1,0.0106616250413105,,"{""launch_dow"":5,""launch_utc_hour"":15,""price_zscore_6h"":0.9878787878787879,""launch_local_hour"":15}",2026-02-14 16:10:32.144785+00,topup,
4462,aws,us-east-1,c6i.large,topup,min4_topup,60,meta_v3_ensemble_h1_hedge_persist,i-09b82ca046d5e00a1,Censored (Stopped by Design),2026-02-14 15:10:24.537026+00,2026-02-14 16:10:33.961212+00,60.16,false,,1,0.0355,-0.00260000000000001,1,0.0919913352741141,,"{""launch_dow"":5,""launch_utc_hour"":15,""price_zscore_6h"":-0.9285714285714287,""launch_local_hour"":15}",2026-02-14 16:10:34.476211+00,topup,
4463,aws,us-east-1,c6i.large,topup,min4_topup,60,meta_v3_ensemble_h1_hedge_persist,i-0052c27449291e3ac,Censored (Stopped by Design),2026-02-14 15:10:26.575944+00,2026-02-14 16:10:35.341228+00,60.15,false,,1,0.0355,-0.00260000000000001,1,0.0908624528251732,,"{""launch_dow"":5,""launch_utc_hour"":15,""price_zscore_6h"":-0.9285714285714287,""launch_local_hour"":15}",2026-02-14 16:10:35.795219+00,topup,
4464,aws,us-east-1,c6i.large,topup,min4_topup,60,meta_v3_ensemble_h1_hedge_persist,i-04c9b5fc416d0bc28,Censored (Stopped by Design),2026-02-14 15:10:28.355536+00,2026-02-14 16:10:37.561198+00,60.15,false,,1,0.0355,-0.00260000000000001,1,0.0905878392103618,,"{""launch_dow"":5,""launch_utc_hour"":15,""price_zscore_6h"":-0.9285714285714287,""launch_local_hour"":15}",2026-02-14 16:10:38.046874+00,topup,
4465,aws,us-east-1,c6i.large,topup,min4_topup,60,meta_v3_ensemble_h1_hedge_persist,i-0f3708bdb16af4164,Censored (Stopped by Design),2026-02-14 15:10:30.228429+00,2026-02-14 16:10:39.181225+00,60.15,false,,1,0.0355,-0.00260000000000001,1,0.0930185100467651,,"{""launch_dow"":5,""launch_utc_hour"":15,""price_zscore_6h"":-0.9285714285714287,""launch_local_hour"":15}",2026-02-14 16:10:39.627839+00,topup,
4489,aws,us-east-1,c6i.large,topup,min4_topup,60,meta_v3_ensemble_h1_hedge_persist,i-0a3766cd2a9d6a4b3,Censored (Stopped by Design),2026-02-14 16:12:11.08637+00,2026-02-14 17:12:20.268002+00,60.15,false,,1,0.0355,-0.00260000000000001,1,0.0922583797979319,,"{""launch_dow"":5,""launch_utc_hour"":16,""price_zscore_6h"":-0.9285714285714287,""launch_local_hour"":16}",2026-02-14 17:12:20.896245+00,topup,
4491,aws,us-east-1,c6i.large,topup,min4_topup,60,meta_v3_ensemble_h1_hedge_persist,i-0138bd1bc19f5ee1a,Censored (Stopped by Design),2026-02-14 16:12:13.099675+00,2026-02-14 17:12:22.521199+00,60.16,false,,1,0.0355,-0.00260000000000001,1,0.0880525761461457,,"{""launch_dow"":5,""launch_utc_hour"":16,""price_zscore_6h"":-0.9285714285714287,""launch_local_hour"":16}",2026-02-14 17:12:22.970666+00,topup,
4492,aws,us-east-1,c6i.large,topup,min4_topup,60,meta_v3_ensemble_h1_hedge_persist,i-0121b29976b22db89,Censored (Stopped by Design),2026-02-14 16:12:14.984277+00,2026-02-14 17:12:24.251205+00,60.15,false,,1,0.0355,-0.00260000000000001,1,0.0905826411743422,,"{""launch_dow"":5,""launch_utc_hour"":16,""price_zscore_6h"":-0.9285714285714287,""launch_local_hour"":16}",2026-02-14 17:12:24.736999+00,topup,
4493,aws,us-east-1,c6i.large,topup,min4_topup,60,meta_v3_ensemble_h1_hedge_persist,i-0467ac50c81f07249,Censored (Stopped by Design),2026-02-14 16:12:16.895822+00,2026-02-14 17:12:26.201191+00,60.16,false,,1,0.0355,-0.00260000000000001,1,0.0876425342264227,,"{""launch_dow"":5,""launch_utc_hour"":16,""price_zscore_6h"":-0.9285714285714287,""launch_local_hour"":16}",2026-02-14 17:12:26.747632+00,topup,
4494,aws,us-west-2,t3a.large,topup,min4_topup,60,meta_v3_ensemble_h1_hedge_persist,i-0666616d200f871bc,Censored (Stopped by Design),2026-02-14 16:12:18.819539+00,2026-02-14 17:12:30.66203+00,60.2,false,,1,0.0355,0.000499999999999994,1,0.00832723943383108,,"{""launch_dow"":5,""launch_utc_hour"":16,""price_zscore_6h"":0.7142857142857116,""launch_local_hour"":16}",2026-02-14 17:12:31.215814+00,topup,
4519,aws,us-east-1,t3a.large,topup,min4_topup,60,meta_v3_ensemble_h1_hedge_persist,i-092027b36bb864f22,Censored (Stopped by Design),2026-02-14 17:14:06.749759+00,2026-02-14 18:14:18.621211+00,60.2,false,,1,0.0377,0.0034,1,0.151543204311266,,"{""launch_dow"":5,""launch_utc_hour"":17,""price_zscore_6h"":0.9444444444444444,""launch_local_hour"":17}",2026-02-14 18:14:19.08695+00,topup,
4520,aws,us-east-1,c6i.large,topup,min4_topup,60,meta_v3_ensemble_h1_hedge_persist,i-0a474b6614e00c21c,Censored (Stopped by Design),2026-02-14 17:14:11.735988+00,2026-02-14 18:14:23.983138+00,60.2,false,,1,0.041,0.0055,1,0.0880990908415489,,"{""launch_dow"":5,""launch_utc_hour"":17,""price_zscore_6h"":0.9649122807017545,""launch_local_hour"":17}",2026-02-14 18:14:24.554777+00,topup,
4521,aws,us-east-1,c6i.large,topup,min4_topup,60,meta_v3_ensemble_h1_hedge_persist,i-08ae5a434331ba956,Censored (Stopped by Design),2026-02-14 17:14:16.719555+00,2026-02-14 18:14:25.621205+00,60.15,false,,1,0.041,0.0055,1,0.0884466285697862,,"{""launch_dow"":5,""launch_utc_hour"":17,""price_zscore_6h"":0.9649122807017545,""launch_local_hour"":17}",2026-02-14 18:14:26.180434+00,topup,
4522,aws,us-east-1,c6i.large,topup,min4_topup,60,meta_v3_ensemble_h1_hedge_persist,i-05e7b539dca0df00a,Censored (Stopped by Design),2026-02-14 17:14:18.59578+00,2026-02-14 18:14:30.449412+00,60.2,false,,1,0.041,0.0055,1,0.0888927652292414,,"{""launch_dow"":5,""launch_utc_hour"":17,""price_zscore_6h"":0.9649122807017545,""launch_local_hour"":17}",2026-02-14 18:14:30.978034+00,topup,
4523,aws,us-east-1,c6i.large,topup,min4_topup,60,meta_v3_ensemble_h1_hedge_persist,i-0c97e5c5845dabb3d,Censored (Stopped by Design),2026-02-14 17:14:23.517848+00,2026-02-14 18:14:32.78121+00,60.15,false,,1,0.041,0.0055,1,0.0879139765945337,,"{""launch_dow"":5,""launch_utc_hour"":17,""price_zscore_6h"":0.9649122807017545,""launch_local_hour"":17}",2026-02-14 18:14:33.382716+00,topup,
4524,aws,us-west-2,c6i.large,topup,min4_topup,60,meta_v3_ensemble_h1_hedge_persist,i-0f2e29dc2ca8476b7,Censored (Stopped by Design),2026-02-14 17:14:25.532717+00,2026-02-14 18:14:40.881198+00,60.26,false,,1,0.0386,-0.0014,1,0.0480664274212003,,"{""launch_dow"":5,""launch_utc_hour"":17,""price_zscore_6h"":-0.8749999999999998,""launch_local_hour"":17}",2026-02-14 18:14:41.63711+00,topup,
4525,aws,us-west-2,c6i.large,topup,min4_topup,60,meta_v3_ensemble_h1_hedge_persist,i-030361a949f053f2d,Censored (Stopped by Design),2026-02-14 17:14:30.845168+00,2026-02-14 18:14:46.221205+00,60.26,false,,1,0.0386,-0.0014,1,0.0482034794781688,,"{""launch_dow"":5,""launch_utc_hour"":17,""price_zscore_6h"":-0.8749999999999998,""launch_local_hour"":17}",2026-02-14 18:14:46.854254+00,topup,
4526,aws,us-west-2,c6i.large,topup,min4_topup,60,meta_v3_ensemble_h1_hedge_persist,i-02d4aabeb46c0ab8f,Censored (Stopped by Design),2026-02-14 17:14:36.153988+00,2026-02-14 18:14:51.171228+00,60.25,false,,1,0.0386,-0.0014,1,0.0480067791479753,,"{""launch_dow"":5,""launch_utc_hour"":17,""price_zscore_6h"":-0.8749999999999998,""launch_local_hour"":17}",2026-02-14 18:14:51.842375+00,topup,
4549,aws,us-east-1,m6a.large,topup,min4_topup,60,meta_v3_ensemble_h1_hedge_persist,i-0da6569aa82b274b8,Censored (Stopped by Design),2026-02-14 18:16:17.838309+00,2026-02-14 19:16:30.041223+00,60.2,false,,1,0.0518,0.0062,1,0.00875034236335664,,"{""launch_dow"":5,""launch_utc_hour"":18,""price_zscore_6h"":0.96875,""launch_local_hour"":18}",2026-02-14 19:16:30.592456+00,topup,
4550,aws,us-east-1,c6i.large,topup,min4_topup,60,meta_v3_ensemble_h1_hedge_persist,i-05621fc0de0332989,Censored (Stopped by Design),2026-02-14 18:16:22.778163+00,2026-02-14 19:16:31.520421+00,60.15,false,,1,0.041,0.0055,1,0.0901269754229404,,"{""launch_dow"":5,""launch_utc_hour"":18,""price_zscore_6h"":0.9649122807017545,""launch_local_hour"":18}",2026-02-14 19:16:32.062123+00,topup,
4551,aws,us-east-1,c6i.large,topup,min4_topup,60,meta_v3_ensemble_h1_hedge_persist,i-00caecb56ac1598aa,Censored (Stopped by Design),2026-02-14 18:16:24.640888+00,2026-02-14 19:16:33.725741+00,60.15,false,,1,0.041,0.0055,1,0.0875131490522714,,"{""launch_dow"":5,""launch_utc_hour"":18,""price_zscore_6h"":0.9649122807017545,""launch_local_hour"":18}",2026-02-14 19:16:34.241852+00,topup,
4552,aws,us-east-1,c6i.large,topup,min4_topup,60,meta_v3_ensemble_h1_hedge_persist,i-0e38af769e6c45f7b,Censored (Stopped by Design),2026-02-14 18:16:26.543962+00,2026-02-14 19:16:35.5512+00,60.15,false,,1,0.041,0.0055,1,0.0864542928364562,,"{""launch_dow"":5,""launch_utc_hour"":18,""price_zscore_6h"":0.9649122807017545,""launch_local_hour"":18}",2026-02-14 19:16:36.022518+00,topup,
4553,aws,us-east-1,c6i.large,topup,min4_topup,60,meta_v3_ensemble_h1_hedge_persist,i-073d866fe936034e5,Censored (Stopped by Design),2026-02-14 18:16:28.578974+00,2026-02-14 19:16:37.70121+00,60.15,false,,1,0.041,0.0055,1,0.0900389535131166,,"{""launch_dow"":5,""launch_utc_hour"":18,""price_zscore_6h"":0.9649122807017545,""launch_local_hour"":18}",2026-02-14 19:16:38.179291+00,topup,
4554,aws,us-west-2,c6i.large,topup,min4_topup,60,meta_v3_ensemble_h1_hedge_persist,i-0bf462f9f60d15a4b,Censored (Stopped by Design),2026-02-14 18:16:30.800116+00,2026-02-14 19:16:45.501278+00,60.25,false,,1,0.0386,-0.0014,1,0.0605063452763003,,"{""launch_dow"":5,""launch_utc_hour"":18,""price_zscore_6h"":-0.8749999999999998,""launch_local_hour"":18}",2026-02-14 19:16:46.032293+00,topup,
4578,aws,us-east-1,c6i.large,topup,min4_topup,60,meta_v3_ensemble_h1_hedge_persist,i-014ed785e6d1f8b1a,Censored (Stopped by Design),2026-02-14 19:18:10.403725+00,2026-02-14 20:18:19.855479+00,60.16,false,,1,0.041,0.0055,1,0.0890763381162188,,"{""launch_dow"":5,""launch_utc_hour"":19,""price_zscore_6h"":0.9649122807017545,""launch_local_hour"":19}",2026-02-14 20:18:20.433763+00,topup,
4579,aws,us-east-1,c6i.large,topup,min4_topup,60,meta_v3_ensemble_h1_hedge_persist,i-03d8e4b4000cbbe5f,Censored (Stopped by Design),2026-02-14 19:18:12.21827+00,2026-02-14 20:18:20.914027+00,60.14,false,,1,0.041,0.0055,1,0.0887810494320277,,"{""launch_dow"":5,""launch_utc_hour"":19,""price_zscore_6h"":0.9649122807017545,""launch_local_hour"":19}",2026-02-14 20:18:21.357526+00,topup,
4581,aws,us-east-1,c6i.large,topup,min4_topup,60,meta_v3_ensemble_h1_hedge_persist,i-002568722685a29d8,Censored (Stopped by Design),2026-02-14 19:18:14.127202+00,2026-02-14 20:18:22.781204+00,60.14,false,,1,0.041,0.0055,1,0.0915082621924813,,"{""launch_dow"":5,""launch_utc_hour"":19,""price_zscore_6h"":0.9649122807017545,""launch_local_hour"":19}",2026-02-14 20:18:23.256168+00,topup,
4582,aws,us-east-1,c6i.large,topup,min4_topup,60,meta_v3_ensemble_h1_hedge_persist,i-08625dd1a57f3c2ad,Censored (Stopped by Design),2026-02-14 19:18:16.108866+00,2026-02-14 20:18:25.453378+00,60.16,false,,1,0.041,0.0055,1,0.0903818145169248,,"{""launch_dow"":5,""launch_utc_hour"":19,""price_zscore_6h"":0.9649122807017545,""launch_local_hour"":19}",2026-02-14 20:18:25.96245+00,topup,
4583,aws,us-west-2,m6a.large,topup,min4_topup,60,meta_v3_ensemble_h1_hedge_persist,i-0a91ff7d712c0f9c1,Censored (Stopped by Design),2026-02-14 19:18:18.208134+00,2026-02-14 20:18:30.377459+00,60.2,false,,1,0.067,0.0178,1,0.0231166006085164,,"{""launch_dow"":5,""launch_utc_hour"":19,""price_zscore_6h"":0.9888888888888889,""launch_local_hour"":19}",2026-02-14 20:18:31.028376+00,topup,
4608,aws,us-east-1,t3a.large,topup,min4_topup,60,meta_v3_ensemble_h1_hedge_persist,i-043ec814ad53adecb,Censored (Stopped by Design),2026-02-14 20:20:05.216697+00,2026-02-14 21:20:17.438129+00,60.2,false,,1,0.0377,0.0034,1,0.148900960745215,,"{""launch_dow"":5,""launch_utc_hour"":20,""price_zscore_6h"":0.9444444444444444,""launch_local_hour"":20}",2026-02-14 21:20:18.012712+00,topup,
4609,aws,us-east-1,t3a.large,topup,min4_topup,60,meta_v3_ensemble_h1_hedge_persist,i-09ad2a955cc314e86,Censored (Stopped by Design),2026-02-14 20:20:10.255455+00,2026-02-14 21:20:22.059603+00,60.2,false,,1,0.0377,0.0034,1,0.147205976398931,,"{""launch_dow"":5,""launch_utc_hour"":20,""price_zscore_6h"":0.9444444444444444,""launch_local_hour"":20}",2026-02-14 21:20:22.581647+00,topup,
4610,aws,us-east-1,c6i.large,topup,min4_topup,60,meta_v3_ensemble_h1_hedge_persist,i-0302907fd624e71d1,Censored (Stopped by Design),2026-02-14 20:20:15.213831+00,2026-02-14 21:20:24.811263+00,60.16,false,,1,0.041,0.0055,1,0.0855461484018318,,"{""launch_dow"":5,""launch_utc_hour"":20,""price_zscore_6h"":0.9649122807017545,""launch_local_hour"":20}",2026-02-14 21:20:25.260548+00,topup,
4611,aws,us-east-1,c6i.large,topup,min4_topup,60,meta_v3_ensemble_h1_hedge_persist,i-014524edd1215ade3,Censored (Stopped by Design),2026-02-14 20:20:16.983+00,2026-02-14 21:20:25.931209+00,60.15,false,,1,0.041,0.0055,1,0.0848813253019784,,"{""launch_dow"":5,""launch_utc_hour"":20,""price_zscore_6h"":0.9649122807017545,""launch_local_hour"":20}",2026-02-14 21:20:26.433566+00,topup,
4612,aws,us-east-1,c6i.large,topup,min4_topup,60,meta_v3_ensemble_h1_hedge_persist,i-076d826bb5362f1c8,Censored (Stopped by Design),2026-02-14 20:20:18.968397+00,2026-02-14 21:20:27.769771+00,60.15,false,,1,0.041,0.0055,1,0.0878066166244033,,"{""launch_dow"":5,""launch_utc_hour"":20,""price_zscore_6h"":0.9649122807017545,""launch_local_hour"":20}",2026-02-14 21:20:28.277195+00,topup,
4613,aws,us-east-1,c6i.large,topup,min4_topup,60,meta_v3_ensemble_h1_hedge_persist,i-018b347ab6d3bc4fe,Censored (Stopped by Design),2026-02-14 20:20:20.676935+00,2026-02-14 21:20:29.541211+00,60.15,false,,1,0.041,0.0055,1,0.0884942725838302,,"{""launch_dow"":5,""launch_utc_hour"":20,""price_zscore_6h"":0.9649122807017545,""launch_local_hour"":20}",2026-02-14 21:20:30.085801+00,topup,
4614,aws,us-west-2,t3a.large,topup,min4_topup,60,meta_v3_ensemble_h1_hedge_persist,i-0bac719007982c3cc,Censored (Stopped by Design),2026-02-14 20:20:22.682833+00,2026-02-14 21:20:38.078861+00,60.26,false,,1,0.0353,0.0000999999999999959,1,0.00753676847463491,,"{""launch_dow"":5,""launch_utc_hour"":20,""price_zscore_6h"":0.3333333333333243,""launch_local_hour"":20}",2026-02-14 21:20:38.655827+00,topup,
4639,aws,us-east-1,c6i.large,topup,min4_topup,60,meta_v3_ensemble_h1_hedge_persist,i-054e27b293713892c,Censored (Stopped by Design),2026-02-14 21:22:09.402708+00,2026-02-14 22:22:18.601378+00,60.15,false,,1,0.0407,-0.000300000000000002,1,0.0839935883993332,,"{""launch_dow"":5,""launch_utc_hour"":21,""price_zscore_6h"":-0.6000000000000013,""launch_local_hour"":21}",2026-02-14 22:22:19.226658+00,topup,
4640,aws,us-east-1,c6i.large,topup,min4_topup,60,meta_v3_ensemble_h1_hedge_persist,i-04d8bcca691c1cc97,Censored (Stopped by Design),2026-02-14 21:22:11.483291+00,2026-02-14 22:22:20.607401+00,60.15,false,,1,0.0407,-0.000300000000000002,1,0.0859370129481992,,"{""launch_dow"":5,""launch_utc_hour"":21,""price_zscore_6h"":-0.6000000000000013,""launch_local_hour"":21}",2026-02-14 22:22:21.268543+00,topup,
4641,aws,us-east-1,c6i.large,topup,min4_topup,60,meta_v3_ensemble_h1_hedge_persist,i-008e4c3861cbc9fea,Censored (Stopped by Design),2026-02-14 21:22:13.43145+00,2026-02-14 22:22:22.681217+00,60.15,false,,1,0.0407,-0.000300000000000002,1,0.0858988842746424,,"{""launch_dow"":5,""launch_utc_hour"":21,""price_zscore_6h"":-0.6000000000000013,""launch_local_hour"":21}",2026-02-14 22:22:23.347293+00,topup,
4642,aws,us-east-1,c6i.large,topup,min4_topup,60,meta_v3_ensemble_h1_hedge_persist,i-0e3a0261f30b4be77,Censored (Stopped by Design),2026-02-14 21:22:15.27648+00,2026-02-14 22:22:23.841209+00,60.14,false,,1,0.0407,-0.000300000000000002,1,0.0867203896601763,,"{""launch_dow"":5,""launch_utc_hour"":21,""price_zscore_6h"":-0.6000000000000013,""launch_local_hour"":21}",2026-02-14 22:22:24.367685+00,topup,
4643,aws,us-west-2,t3a.large,topup,min4_topup,60,meta_v3_ensemble_h1_hedge_persist,i-05a314a121a9cb7cd,Censored (Stopped by Design),2026-02-14 21:22:17.294956+00,2026-02-14 22:22:29.28375+00,60.2,false,,1,0.0353,0.0000999999999999959,1,0.00869557933428052,,"{""launch_dow"":5,""launch_utc_hour"":21,""price_zscore_6h"":0.3333333333333243,""launch_local_hour"":21}",2026-02-14 22:22:29.871898+00,topup,
4644,aws,us-west-2,t3a.large,topup,min4_topup,60,meta_v3_ensemble_h1_hedge_persist,i-08443edb2c59d1d34,Censored (Stopped by Design),2026-02-14 21:22:19.300259+00,2026-02-14 22:22:35.121206+00,60.26,false,,1,0.0353,0.0000999999999999959,1,0.00834926822220666,,"{""launch_dow"":5,""launch_utc_hour"":21,""price_zscore_6h"":0.3333333333333243,""launch_local_hour"":21}",2026-02-14 22:22:35.832312+00,topup,
4669,aws,us-east-1,c6i.large,topup,min4_topup,60,meta_v3_ensemble_h1_hedge_persist,i-0fd8648008b305a7b,Censored (Stopped by Design),2026-02-14 22:23:57.482361+00,2026-02-14 23:24:06.341191+00,60.15,false,,1,0.0353,-0.0054,1,0.0820128399161038,,"{""launch_dow"":5,""launch_utc_hour"":22,""price_zscore_6h"":-0.9642857142857144,""launch_local_hour"":22}",2026-02-14 23:24:06.945563+00,topup,
4670,aws,us-east-1,c6i.large,topup,min4_topup,60,meta_v3_ensemble_h1_hedge_persist,i-0467bc6d50b06cde1,Censored (Stopped by Design),2026-02-14 22:23:59.274024+00,2026-02-14 23:24:08.071211+00,60.15,false,,1,0.0353,-0.0054,1,0.0841109676705288,,"{""launch_dow"":5,""launch_utc_hour"":22,""price_zscore_6h"":-0.9642857142857144,""launch_local_hour"":22}",2026-02-14 23:24:08.51717+00,topup,
4671,aws,us-east-1,c6i.large,topup,min4_topup,60,meta_v3_ensemble_h1_hedge_persist,i-0f8c41db7a0b8abde,Censored (Stopped by Design),2026-02-14 22:24:01.29605+00,2026-02-14 23:24:10.784865+00,60.16,false,,1,0.0353,-0.0054,1,0.0896429435969219,,"{""launch_dow"":5,""launch_utc_hour"":22,""price_zscore_6h"":-0.9642857142857144,""launch_local_hour"":22}",2026-02-14 23:24:11.499748+00,topup,
4672,aws,us-east-1,c6i.large,topup,min4_topup,60,meta_v3_ensemble_h1_hedge_persist,i-0274df627cf39e6bb,Censored (Stopped by Design),2026-02-14 22:24:03.190096+00,2026-02-14 23:24:12.511212+00,60.16,false,,1,0.0353,-0.0054,1,0.083204584955028,,"{""launch_dow"":5,""launch_utc_hour"":22,""price_zscore_6h"":-0.9642857142857144,""launch_local_hour"":22}",2026-02-14 23:24:13.027548+00,topup,
4673,aws,us-west-2,t3a.large,topup,min4_topup,60,meta_v3_ensemble_h1_hedge_persist,i-06032a8053cc01ab9,Censored (Stopped by Design),2026-02-14 22:24:05.357276+00,2026-02-14 23:24:18.259909+00,60.22,false,,1,0.0287,-0.0066,1,0.00790275215784442,,"{""launch_dow"":5,""launch_utc_hour"":22,""price_zscore_6h"":-0.9705882352941176,""launch_local_hour"":22}",2026-02-14 23:24:19.121095+00,topup,
4697,aws,us-east-1,c6i.large,topup,min4_topup,60,meta_v3_ensemble_h1_hedge_persist,i-0081af45d139ab77f,Censored (Stopped by Design),2026-02-14 23:25:39.444759+00,2026-02-15 00:25:48.811219+00,60.16,false,,1,0.0353,-0.0054,1,0.0830185768465288,,"{""launch_dow"":5,""launch_utc_hour"":23,""price_zscore_6h"":-0.9642857142857144,""launch_local_hour"":23}",2026-02-15 00:25:49.26038+00,topup,
4699,aws,us-east-1,c6i.large,topup,min4_topup,60,meta_v3_ensemble_h1_hedge_persist,i-0ee56123a6ea36804,Censored (Stopped by Design),2026-02-14 23:25:41.410664+00,2026-02-15 00:25:50.381195+00,60.15,false,,1,0.0353,-0.0054,1,0.0854777184359525,,"{""launch_dow"":5,""launch_utc_hour"":23,""price_zscore_6h"":-0.9642857142857144,""launch_local_hour"":23}",2026-02-15 00:25:50.938144+00,topup,
4700,aws,us-east-1,c6i.large,topup,min4_topup,60,meta_v3_ensemble_h1_hedge_persist,i-056beccb4347d612e,Censored (Stopped by Design),2026-02-14 23:25:43.243474+00,2026-02-15 00:25:52.051209+00,60.15,false,,1,0.0353,-0.0054,1,0.0843314697455399,,"{""launch_dow"":5,""launch_utc_hour"":23,""price_zscore_6h"":-0.9642857142857144,""launch_local_hour"":23}",2026-02-15 00:25:52.586879+00,topup,
4701,aws,us-east-1,c6i.large,topup,min4_topup,60,meta_v3_ensemble_h1_hedge_persist,i-0dfcac18f8fc14c5b,Censored (Stopped by Design),2026-02-14 23:25:45.086063+00,2026-02-15 00:25:54.148845+00,60.15,false,,1,0.0353,-0.0054,1,0.0817704509658286,,"{""launch_dow"":5,""launch_utc_hour"":23,""price_zscore_6h"":-0.9642857142857144,""launch_local_hour"":23}",2026-02-15 00:25:54.869098+00,topup,
4702,aws,us-west-2,c6i.large,topup,min4_topup,60,meta_v3_ensemble_h1_hedge_persist,i-0636cb7d70b233182,Censored (Stopped by Design),2026-02-14 23:25:47.100851+00,2026-02-15 00:26:02.546458+00,60.26,false,,1,0.0412,0.000899999999999998,1,0.059745456520967,,"{""launch_dow"":5,""launch_utc_hour"":23,""price_zscore_6h"":0.8181818181818178,""launch_local_hour"":23}",2026-02-15 00:26:03.192363+00,topup,
4703,aws,us-west-2,c6i.large,topup,min4_topup,60,meta_v3_ensemble_h1_hedge_persist,i-0988d415349577456,Censored (Stopped by Design),2026-02-14 23:25:52.602877+00,2026-02-15 00:26:05.021236+00,60.21,false,,1,0.0412,0.000899999999999998,1,0.0592096786539136,,"{""launch_dow"":5,""launch_utc_hour"":23,""price_zscore_6h"":0.8181818181818178,""launch_local_hour"":23}",2026-02-15 00:26:05.518305+00,topup,
4704,aws,us-west-2,c6i.large,topup,min4_topup,60,meta_v3_ensemble_h1_hedge_persist,i-0fad5c72d1f796b6e,Censored (Stopped by Design),2026-02-14 23:25:54.562798+00,2026-02-15 00:26:10.301217+00,60.26,false,,1,0.0412,0.000899999999999998,1,0.0583728059662708,,"{""launch_dow"":5,""launch_utc_hour"":23,""price_zscore_6h"":0.8181818181818178,""launch_local_hour"":23}",2026-02-15 00:26:11.054832+00,topup,
4728,aws,us-east-1,c6i.large,topup,min4_topup,60,meta_v3_ensemble_h1_hedge_persist,i-0208afc79e09538f6,Censored (Stopped by Design),2026-02-15 00:27:51.064507+00,2026-02-15 01:28:00.871216+00,60.16,false,,1,0.0353,-0.0054,1,0.0758925702565833,,"{""launch_dow"":6,""launch_utc_hour"":0,""price_zscore_6h"":-0.9642857142857144,""launch_local_hour"":0}",2026-02-15 01:28:01.459003+00,topup,
4730,aws,us-east-1,c6i.large,topup,min4_topup,60,meta_v3_ensemble_h1_hedge_persist,i-0dc96424c9ef2a8af,Censored (Stopped by Design),2026-02-15 00:27:52.782319+00,2026-02-15 01:28:01.638389+00,60.15,false,,1,0.0353,-0.0054,1,0.0756635469679374,,"{""launch_dow"":6,""launch_utc_hour"":0,""price_zscore_6h"":-0.9642857142857144,""launch_local_hour"":0}",2026-02-15 01:28:02.318461+00,topup,
4731,aws,us-east-1,c6i.large,topup,min4_topup,60,meta_v3_ensemble_h1_hedge_persist,i-07e8416c3dd810fe8,Censored (Stopped by Design),2026-02-15 00:27:54.679264+00,2026-02-15 01:28:03.581239+00,60.15,false,,1,0.0353,-0.0054,1,0.0745636321283261,,"{""launch_dow"":6,""launch_utc_hour"":0,""price_zscore_6h"":-0.9642857142857144,""launch_local_hour"":0}",2026-02-15 01:28:04.040589+00,topup,
4732,aws,us-east-1,c6i.large,topup,min4_topup,60,meta_v3_ensemble_h1_hedge_persist,i-0194433824579c490,Censored (Stopped by Design),2026-02-15 00:27:56.498729+00,2026-02-15 01:28:06.196472+00,60.16,false,,1,0.0353,-0.0054,1,0.0747119223278144,,"{""launch_dow"":6,""launch_utc_hour"":0,""price_zscore_6h"":-0.9642857142857144,""launch_local_hour"":0}",2026-02-15 01:28:06.73166+00,topup,
4733,aws,us-west-2,t3a.large,topup,min4_topup,60,meta_v3_ensemble_h1_hedge_persist,i-0f340e0d4ac20e1b4,Censored (Stopped by Design),2026-02-15 00:27:58.475514+00,2026-02-15 01:28:13.444313+00,60.25,false,,1,0.0287,-0.0066,1,0.00972682223726775,,"{""launch_dow"":6,""launch_utc_hour"":0,""price_zscore_6h"":-0.9705882352941176,""launch_local_hour"":0}",2026-02-15 01:28:14.160444+00,topup,
4734,aws,us-west-2,c6i.large,topup,min4_topup,60,meta_v3_ensemble_h1_hedge_persist,i-0a20e31accfff0ce8,Censored (Stopped by Design),2026-02-15 00:28:03.988071+00,2026-02-15 01:28:19.181281+00,60.25,false,,1,0.0412,0.000899999999999998,1,0.0347574265703875,,"{""launch_dow"":6,""launch_utc_hour"":0,""price_zscore_6h"":0.8181818181818178,""launch_local_hour"":0}",2026-02-15 01:28:19.76511+00,topup,
4759,aws,us-east-1,m6a.large,topup,min4_topup,60,meta_v3_ensemble_h1_hedge_persist,i-02eb93bb2505bf105,Censored (Stopped by Design),2026-02-15 01:30:00.524606+00,2026-02-15 02:30:13.437723+00,60.22,false,,1,0.0445,-0.0069,1,0.0075083473213023,,"{""launch_dow"":6,""launch_utc_hour"":1,""price_zscore_6h"":-0.971830985915493,""launch_local_hour"":1}",2026-02-15 02:30:14.187041+00,topup,
4760,aws,us-east-1,m6a.large,topup,min4_topup,60,meta_v3_ensemble_h1_hedge_persist,i-083d7de91d1a94a42,Censored (Stopped by Design),2026-02-15 01:30:05.80772+00,2026-02-15 02:30:15.524025+00,60.16,false,,1,0.0445,-0.0069,1,0.00704019940199219,,"{""launch_dow"":6,""launch_utc_hour"":1,""price_zscore_6h"":-0.971830985915493,""launch_local_hour"":1}",2026-02-15 02:30:16.111945+00,topup,
4761,aws,us-east-1,c6i.large,topup,min4_topup,60,meta_v3_ensemble_h1_hedge_persist,i-034582fa8068f85ea,Censored (Stopped by Design),2026-02-15 01:30:07.773464+00,2026-02-15 02:30:17.421232+00,60.16,false,,1,0.0353,-0.0054,1,0.0760611217918409,,"{""launch_dow"":6,""launch_utc_hour"":1,""price_zscore_6h"":-0.9642857142857144,""launch_local_hour"":1}",2026-02-15 02:30:17.939443+00,topup,
4762,aws,us-east-1,c6i.large,topup,min4_topup,60,meta_v3_ensemble_h1_hedge_persist,i-044de486ba6cdfed1,Censored (Stopped by Design),2026-02-15 01:30:09.720677+00,2026-02-15 02:30:18.361204+00,60.14,false,,1,0.0353,-0.0054,1,0.0782201930198305,,"{""launch_dow"":6,""launch_utc_hour"":1,""price_zscore_6h"":-0.9642857142857144,""launch_local_hour"":1}",2026-02-15 02:30:18.793514+00,topup,
4763,aws,us-east-1,c6i.large,topup,min4_topup,60,meta_v3_ensemble_h1_hedge_persist,i-0f9fd8add680c2acb,Censored (Stopped by Design),2026-02-15 01:30:11.749221+00,2026-02-15 02:30:20.781208+00,60.15,false,,1,0.0353,-0.0054,1,0.0729581652932081,,"{""launch_dow"":6,""launch_utc_hour"":1,""price_zscore_6h"":-0.9642857142857144,""launch_local_hour"":1}",2026-02-15 02:30:21.284701+00,topup,
4764,aws,us-east-1,c6i.large,topup,min4_topup,60,meta_v3_ensemble_h1_hedge_persist,i-0c000d9b00505841d,Censored (Stopped by Design),2026-02-15 01:30:13.55934+00,2026-02-15 02:30:25.994902+00,60.21,false,,1,0.0353,-0.0054,1,0.0755588085588319,,"{""launch_dow"":6,""launch_utc_hour"":1,""price_zscore_6h"":-0.9642857142857144,""launch_local_hour"":1}",2026-02-15 02:30:26.590403+00,topup,
4765,aws,us-west-2,m6a.large,topup,min4_topup,60,meta_v3_ensemble_h1_hedge_persist,i-0a64436a95662fc8b,Censored (Stopped by Design),2026-02-15 01:30:18.687403+00,2026-02-15 02:30:33.931218+00,60.25,false,,1,0.0667,0.0181,1,0.0105802714406338,,"{""launch_dow"":6,""launch_utc_hour"":1,""price_zscore_6h"":0.9890710382513662,""launch_local_hour"":1}",2026-02-15 02:30:34.520772+00,topup,
4766,aws,us-west-2,m6a.large,topup,min4_topup,60,meta_v3_ensemble_h1_hedge_persist,i-08e45c25d456db0c4,Censored (Stopped by Design),2026-02-15 01:30:24.068183+00,2026-02-15 02:30:38.911214+00,60.25,false,,1,0.0667,0.0181,1,0.0119753940542873,,"{""launch_dow"":6,""launch_utc_hour"":1,""price_zscore_6h"":0.9890710382513662,""launch_local_hour"":1}",2026-02-15 02:30:39.668388+00,topup,
4767,aws,us-west-2,m6a.large,topup,min4_topup,60,meta_v3_ensemble_h1_hedge_persist,i-0ee23668c4ea42204,Censored (Stopped by Design),2026-02-15 01:30:29.351744+00,2026-02-15 02:30:41.571202+00,60.2,false,,1,0.0667,0.0181,1,0.0103218691833783,,"{""launch_dow"":6,""launch_utc_hour"":1,""price_zscore_6h"":0.9890710382513662,""launch_local_hour"":1}",2026-02-15 02:30:42.261666+00,topup,
4768,aws,us-west-2,m6a.large,topup,min4_topup,60,meta_v3_ensemble_h1_hedge_persist,i-0377224aa546d013e,Censored (Stopped by Design),2026-02-15 01:30:31.345188+00,2026-02-15 02:30:46.061224+00,60.25,false,,1,0.0667,0.0181,1,0.0109857251224986,,"{""launch_dow"":6,""launch_utc_hour"":1,""price_zscore_6h"":0.9890710382513662,""launch_local_hour"":1}",2026-02-15 02:30:46.606639+00,topup,
4793,aws,us-east-1,c6i.large,topup,min4_topup,60,meta_v3_ensemble_h1_hedge_persist,i-0460fe40f096efe41,Censored (Stopped by Design),2026-02-15 02:32:09.684855+00,2026-02-15 03:32:21.626107+00,60.2,false,,1,0.0353,-0.0054,1,0.0741990891882919,,"{""launch_dow"":6,""launch_utc_hour"":2,""price_zscore_6h"":-0.9642857142857144,""launch_local_hour"":2}",2026-02-15 03:32:22.132511+00,topup,
4794,aws,us-east-1,c6i.large,topup,min4_topup,60,meta_v3_ensemble_h1_hedge_persist,i-06ba4bca8cb82a01a,Censored (Stopped by Design),2026-02-15 02:32:14.628596+00,2026-02-15 03:32:23.481209+00,60.15,false,,1,0.0353,-0.0054,1,0.0771068866461975,,"{""launch_dow"":6,""launch_utc_hour"":2,""price_zscore_6h"":-0.9642857142857144,""launch_local_hour"":2}",2026-02-15 03:32:24.071911+00,topup,
4795,aws,us-east-1,c6i.large,topup,min4_topup,60,meta_v3_ensemble_h1_hedge_persist,i-01e84232eb399cf79,Censored (Stopped by Design),2026-02-15 02:32:16.695966+00,2026-02-15 03:32:25.461297+00,60.15,false,,1,0.0353,-0.0054,1,0.0710303943872604,,"{""launch_dow"":6,""launch_utc_hour"":2,""price_zscore_6h"":-0.9642857142857144,""launch_local_hour"":2}",2026-02-15 03:32:25.997297+00,topup,
4796,aws,us-east-1,c6i.large,topup,min4_topup,60,meta_v3_ensemble_h1_hedge_persist,i-01514d68b10734934,Censored (Stopped by Design),2026-02-15 02:32:18.560993+00,2026-02-15 03:32:30.570739+00,60.2,false,,1,0.0353,-0.0054,1,0.0721100308702791,,"{""launch_dow"":6,""launch_utc_hour"":2,""price_zscore_6h"":-0.9642857142857144,""launch_local_hour"":2}",2026-02-15 03:32:31.054361+00,topup,
4797,aws,us-west-2,t3a.large,topup,min4_topup,60,meta_v3_ensemble_h1_hedge_persist,i-0473e78de8bd43b85,Censored (Stopped by Design),2026-02-15 02:32:23.72394+00,2026-02-15 03:32:35.694859+00,60.2,false,,1,0.0351,0.0064,1,0.00810729081978361,,"{""launch_dow"":6,""launch_utc_hour"":2,""price_zscore_6h"":0.9696969696969697,""launch_local_hour"":2}",2026-02-15 03:32:36.430416+00,topup,
4822,aws,us-east-1,m6a.large,topup,min4_topup,60,meta_v3_ensemble_h1_hedge_persist,i-0a4af95465e482001,Censored (Stopped by Design),2026-02-15 03:34:19.473183+00,2026-02-15 04:34:31.644203+00,60.2,false,,1,0.0621,0.0171,1,0.00774133149594222,,"{""launch_dow"":6,""launch_utc_hour"":3,""price_zscore_6h"":0.9884393063583816,""launch_local_hour"":3}",2026-02-15 04:34:32.169468+00,topup,
4823,aws,us-east-1,c6i.large,topup,min4_topup,60,meta_v3_ensemble_h1_hedge_persist,i-0314e96a7d473f194,Censored (Stopped by Design),2026-02-15 03:34:25.589666+00,2026-02-15 04:34:38.327255+00,60.21,false,,1,0.0405,0.0053,1,0.0723058298456383,,"{""launch_dow"":6,""launch_utc_hour"":3,""price_zscore_6h"":0.9636363636363637,""launch_local_hour"":3}",2026-02-15 04:34:38.814583+00,topup,
4824,aws,us-east-1,c6i.large,topup,min4_topup,60,meta_v3_ensemble_h1_hedge_persist,i-04f863b232d6493a4,Censored (Stopped by Design),2026-02-15 03:34:30.603686+00,2026-02-15 04:34:39.501287+00,60.15,false,,1,0.0405,0.0053,1,0.0700964708635427,,"{""launch_dow"":6,""launch_utc_hour"":3,""price_zscore_6h"":0.9636363636363637,""launch_local_hour"":3}",2026-02-15 04:34:40.009699+00,topup,
4825,aws,us-east-1,c6i.large,topup,min4_topup,60,meta_v3_ensemble_h1_hedge_persist,i-0ea539ac0757c4bc3,Censored (Stopped by Design),2026-02-15 03:34:32.442828+00,2026-02-15 04:34:41.681213+00,60.15,false,,1,0.0405,0.0053,1,0.0736006092318069,,"{""launch_dow"":6,""launch_utc_hour"":3,""price_zscore_6h"":0.9636363636363637,""launch_local_hour"":3}",2026-02-15 04:34:42.214441+00,topup,
4826,aws,us-east-1,c6i.large,topup,min4_topup,60,meta_v3_ensemble_h1_hedge_persist,i-07917616100cecf3f,Censored (Stopped by Design),2026-02-15 03:34:34.345805+00,2026-02-15 04:34:43.931227+00,60.16,false,,1,0.0405,0.0053,1,0.0755812887412978,,"{""launch_dow"":6,""launch_utc_hour"":3,""price_zscore_6h"":0.9636363636363637,""launch_local_hour"":3}",2026-02-15 04:34:44.452439+00,topup,
4827,aws,us-west-2,m6a.large,topup,min4_topup,60,meta_v3_ensemble_h1_hedge_persist,i-02bfb9e409fb032fd,Censored (Stopped by Design),2026-02-15 03:34:36.406121+00,2026-02-15 04:34:51.746938+00,60.26,false,,1,0.0557,-0.011,1,0.0104122442647421,,"{""launch_dow"":6,""launch_utc_hour"":3,""price_zscore_6h"":-0.9821428571428571,""launch_local_hour"":3}",2026-02-15 04:34:52.280872+00,topup,
4828,aws,us-west-2,m6a.large,topup,min4_topup,60,meta_v3_ensemble_h1_hedge_persist,i-05524de6dbc6441ed,Censored (Stopped by Design),2026-02-15 03:34:41.673915+00,2026-02-15 04:34:53.991215+00,60.21,false,,1,0.0557,-0.011,1,0.0108125467726619,,"{""launch_dow"":6,""launch_utc_hour"":3,""price_zscore_6h"":-0.9821428571428571,""launch_local_hour"":3}",2026-02-15 04:34:54.668978+00,topup,
4853,aws,us-east-1,m6a.large,topup,min4_topup,60,meta_v3_ensemble_h1_hedge_persist,i-0ec1844965e0185d1,Censored (Stopped by Design),2026-02-15 04:36:22.226878+00,2026-02-15 05:36:34.140199+00,60.2,false,,1,0.0444,-0.0177,1,0.00742798743853413,,"{""launch_dow"":6,""launch_utc_hour"":4,""price_zscore_6h"":-0.9888268156424581,""launch_local_hour"":4}",2026-02-15 05:36:34.744589+00,topup,
4854,aws,us-east-1,c6i.large,topup,min4_topup,60,meta_v3_ensemble_h1_hedge_persist,i-03df25dfc83feaafc,Censored (Stopped by Design),2026-02-15 04:36:27.161237+00,2026-02-15 05:36:39.738568+00,60.21,false,,1,0.0405,0.0053,1,0.0724702025386865,,"{""launch_dow"":6,""launch_utc_hour"":4,""price_zscore_6h"":0.9636363636363637,""launch_local_hour"":4}",2026-02-15 05:36:40.201475+00,topup,
4855,aws,us-east-1,c6i.large,topup,min4_topup,60,meta_v3_ensemble_h1_hedge_persist,i-0a3597ccec86baba5,Censored (Stopped by Design),2026-02-15 04:36:32.100572+00,2026-02-15 05:36:43.981218+00,60.2,false,,1,0.0405,0.0053,1,0.0714131788273467,,"{""launch_dow"":6,""launch_utc_hour"":4,""price_zscore_6h"":0.9636363636363637,""launch_local_hour"":4}",2026-02-15 05:36:44.476573+00,topup,
4856,aws,us-east-1,c6i.large,topup,min4_topup,60,meta_v3_ensemble_h1_hedge_persist,i-0bb4ffdd022dfb80d,Censored (Stopped by Design),2026-02-15 04:36:37.074757+00,2026-02-15 05:36:49.801217+00,60.21,false,,1,0.0405,0.0053,1,0.0735022393603534,,"{""launch_dow"":6,""launch_utc_hour"":4,""price_zscore_6h"":0.9636363636363637,""launch_local_hour"":4}",2026-02-15 05:36:50.278935+00,topup,
4857,aws,us-east-1,c6i.large,topup,min4_topup,60,meta_v3_ensemble_h1_hedge_persist,i-00ef689f917b604a4,Censored (Stopped by Design),2026-02-15 04:36:42.195438+00,2026-02-15 05:36:54.338443+00,60.2,false,,1,0.0405,0.0053,1,0.0713677672612634,,"{""launch_dow"":6,""launch_utc_hour"":4,""price_zscore_6h"":0.9636363636363637,""launch_local_hour"":4}",2026-02-15 05:36:54.825729+00,topup,
4858,aws,us-west-2,t3a.large,topup,min4_topup,60,meta_v3_ensemble_h1_hedge_persist,i-09123169d32f3ed8c,Censored (Stopped by Design),2026-02-15 04:36:47.288977+00,2026-02-15 05:37:02.121244+00,60.25,false,,1,0.035,-0.0000999999999999959,1,0.00846872367325167,,"{""launch_dow"":6,""launch_utc_hour"":4,""price_zscore_6h"":-0.3333333333333243,""launch_local_hour"":4}",2026-02-15 05:37:02.734218+00,topup,
4883,aws,us-east-1,t3a.large,topup,min4_topup,60,meta_v3_ensemble_h1_hedge_persist,i-0beca3e0e8424dc8e,Censored (Stopped by Design),2026-02-15 05:38:38.002473+00,2026-02-15 06:38:50.296629+00,60.2,false,,1,0.036,0.00199999999999999,1,0.10621021372886,,"{""launch_dow"":6,""launch_utc_hour"":5,""price_zscore_6h"":0.9090909090909088,""launch_local_hour"":5}",2026-02-15 06:38:50.805474+00,topup,
4884,aws,us-east-1,c6i.large,topup,min4_topup,60,meta_v3_ensemble_h1_hedge_persist,i-0d33b84f69ffa17b0,Censored (Stopped by Design),2026-02-15 05:38:42.948652+00,2026-02-15 06:38:52.041218+00,60.15,false,,1,0.0405,0.0053,1,0.0727957788298405,,"{""launch_dow"":6,""launch_utc_hour"":5,""price_zscore_6h"":0.9636363636363637,""launch_local_hour"":5}",2026-02-15 06:38:52.620106+00,topup,
4885,aws,us-east-1,c6i.large,topup,min4_topup,60,meta_v3_ensemble_h1_hedge_persist,i-023b8bf2e7cfca04c,Censored (Stopped by Design),2026-02-15 05:38:45.011508+00,2026-02-15 06:38:54.441214+00,60.16,false,,1,0.0405,0.0053,1,0.0707413049296415,,"{""launch_dow"":6,""launch_utc_hour"":5,""price_zscore_6h"":0.9636363636363637,""launch_local_hour"":5}",2026-02-15 06:38:54.904698+00,topup,
4886,aws,us-east-1,c6i.large,topup,min4_topup,60,meta_v3_ensemble_h1_hedge_persist,i-0b7732e4fea3267cd,Censored (Stopped by Design),2026-02-15 05:38:46.89056+00,2026-02-15 06:38:55.941226+00,60.15,false,,1,0.0405,0.0053,1,0.0711631452203607,,"{""launch_dow"":6,""launch_utc_hour"":5,""price_zscore_6h"":0.9636363636363637,""launch_local_hour"":5}",2026-02-15 06:38:56.415513+00,topup,
4887,aws,us-east-1,c6i.large,topup,min4_topup,60,meta_v3_ensemble_h1_hedge_persist,i-0ba37fb3dcf41457d,Censored (Stopped by Design),2026-02-15 05:38:48.638549+00,2026-02-15 06:38:57.45121+00,60.15,false,,1,0.0405,0.0053,1,0.0719565741179805,,"{""launch_dow"":6,""launch_utc_hour"":5,""price_zscore_6h"":0.9636363636363637,""launch_local_hour"":5}",2026-02-15 06:38:57.975573+00,topup,
4888,aws,us-west-2,t3a.large,topup,min4_topup,60,meta_v3_ensemble_h1_hedge_persist,i-0e47fc15f46c4f0f9,Censored (Stopped by Design),2026-02-15 05:38:50.567822+00,2026-02-15 06:39:05.981227+00,60.26,false,,1,0.0348,-0.000200000000000006,1,0.00854558440229189,,"{""launch_dow"":6,""launch_utc_hour"":5,""price_zscore_6h"":-0.5000000000000072,""launch_local_hour"":5}",2026-02-15 06:39:06.556979+00,topup,
4889,aws,us-west-2,t3a.large,topup,min4_topup,60,meta_v3_ensemble_h1_hedge_persist,i-0efe3e2c9bd6e74a5,Censored (Stopped by Design),2026-02-15 05:38:55.847858+00,2026-02-15 06:39:08.381204+00,60.21,false,,1,0.0348,-0.000200000000000006,1,0.00788587469683296,,"{""launch_dow"":6,""launch_utc_hour"":5,""price_zscore_6h"":-0.5000000000000072,""launch_local_hour"":5}",2026-02-15 06:39:08.882635+00,topup,
4914,aws,us-east-1,c6i.large,topup,min4_topup,60,meta_v3_ensemble_h1_hedge_persist,i-0ff635dfcb04c2189,Censored (Stopped by Design),2026-02-15 06:40:46.21034+00,2026-02-15 07:40:55.301222+00,60.15,false,,1,0.0405,0.0053,1,0.0757308737377439,,"{""launch_dow"":6,""launch_utc_hour"":6,""price_zscore_6h"":0.9636363636363637,""launch_local_hour"":6}",2026-02-15 07:40:55.769535+00,topup,
4915,aws,us-east-1,c6i.large,topup,min4_topup,60,meta_v3_ensemble_h1_hedge_persist,i-0acc8ab4b27883334,Censored (Stopped by Design),2026-02-15 06:40:48.040234+00,2026-02-15 07:40:56.741213+00,60.15,false,,1,0.0405,0.0053,1,0.078938362471926,,"{""launch_dow"":6,""launch_utc_hour"":6,""price_zscore_6h"":0.9636363636363637,""launch_local_hour"":6}",2026-02-15 07:40:57.211092+00,topup,
4916,aws,us-east-1,c6i.large,topup,min4_topup,60,meta_v3_ensemble_h1_hedge_persist,i-0a616a1e92b65d328,Censored (Stopped by Design),2026-02-15 06:40:49.873328+00,2026-02-15 07:40:58.901217+00,60.15,false,,1,0.0405,0.0053,1,0.0819738970268589,,"{""launch_dow"":6,""launch_utc_hour"":6,""price_zscore_6h"":0.9636363636363637,""launch_local_hour"":6}",2026-02-15 07:40:59.374811+00,topup,
4917,aws,us-east-1,c6i.large,topup,min4_topup,60,meta_v3_ensemble_h1_hedge_persist,i-0b0a9a3a264a8be0b,Censored (Stopped by Design),2026-02-15 06:40:51.70763+00,2026-02-15 07:41:00.621205+00,60.15,false,,1,0.0405,0.0053,1,0.0841792012453442,,"{""launch_dow"":6,""launch_utc_hour"":6,""price_zscore_6h"":0.9636363636363637,""launch_local_hour"":6}",2026-02-15 07:41:01.152119+00,topup,
4942,aws,us-east-1,c6i.large,topup,min4_topup,60,meta_v3_ensemble_h1_hedge_persist,i-05a3b1aae322f834a,Censored (Stopped by Design),2026-02-15 07:42:22.248676+00,2026-02-15 08:42:34.214207+00,60.2,false,,1,0.0405,0.0053,1,0.0766144702991249,,"{""launch_dow"":6,""launch_utc_hour"":7,""price_zscore_6h"":0.9636363636363637,""launch_local_hour"":7}",2026-02-15 08:42:34.780498+00,topup,
4943,aws,us-east-1,c6i.large,topup,min4_topup,60,meta_v3_ensemble_h1_hedge_persist,i-058244d063c5e50ac,Censored (Stopped by Design),2026-02-15 07:42:27.324468+00,2026-02-15 08:42:36.497751+00,60.15,false,,1,0.0405,0.0053,1,0.0796869894909139,,"{""launch_dow"":6,""launch_utc_hour"":7,""price_zscore_6h"":0.9636363636363637,""launch_local_hour"":7}",2026-02-15 08:42:36.986032+00,topup,
4944,aws,us-east-1,c6i.large,topup,min4_topup,60,meta_v3_ensemble_h1_hedge_persist,i-0bec624fec8b1e650,Censored (Stopped by Design),2026-02-15 07:42:29.164975+00,2026-02-15 08:42:38.123191+00,60.15,false,,1,0.0405,0.0053,1,0.0832380730882864,,"{""launch_dow"":6,""launch_utc_hour"":7,""price_zscore_6h"":0.9636363636363637,""launch_local_hour"":7}",2026-02-15 08:42:38.609762+00,topup,
4945,aws,us-east-1,c6i.large,topup,min4_topup,60,meta_v3_ensemble_h1_hedge_persist,i-0adff099867c18c8d,Censored (Stopped by Design),2026-02-15 07:42:31.162031+00,2026-02-15 08:42:40.260234+00,60.15,false,,1,0.0405,0.0053,1,0.0787084307352456,,"{""launch_dow"":6,""launch_utc_hour"":7,""price_zscore_6h"":0.9636363636363637,""launch_local_hour"":7}",2026-02-15 08:42:40.75225+00,topup,
4946,aws,us-west-2,m6a.large,topup,min4_topup,60,meta_v3_ensemble_h1_hedge_persist,i-05e033ccfcadfd403,Censored (Stopped by Design),2026-02-15 07:42:33.285517+00,2026-02-15 08:42:48.808313+00,60.26,false,,1,0.0555,-0.000199999999999999,1,0.0109138308791866,,"{""launch_dow"":6,""launch_utc_hour"":7,""price_zscore_6h"":-0.4999999999999985,""launch_local_hour"":7}",2026-02-15 08:42:49.329422+00,topup,
4947,aws,us-west-2,m6a.large,topup,min4_topup,60,meta_v3_ensemble_h1_hedge_persist,i-001a1a763c04fb6ec,Censored (Stopped by Design),2026-02-15 07:42:38.722308+00,2026-02-15 08:42:50.417443+00,60.19,false,,1,0.0555,-0.000199999999999999,1,0.00955392185985061,,"{""launch_dow"":6,""launch_utc_hour"":7,""price_zscore_6h"":-0.4999999999999985,""launch_local_hour"":7}",2026-02-15 08:42:50.901196+00,topup,
4971,aws,us-east-1,c6i.large,topup,min4_topup,60,meta_v3_ensemble_h1_hedge_persist,i-0a589b2ec37fd7589,Censored (Stopped by Design),2026-02-15 08:44:33.787923+00,2026-02-15 09:44:42.90122+00,60.15,false,,1,0.0402,0.005,1,0.0788974112584047,,"{""launch_dow"":6,""launch_utc_hour"":8,""price_zscore_6h"":0.9615384615384616,""launch_local_hour"":8}",2026-02-15 09:44:43.38218+00,topup,
4973,aws,us-east-1,c6i.large,topup,min4_topup,60,meta_v3_ensemble_h1_hedge_persist,i-0ab96dce89236469e,Censored (Stopped by Design),2026-02-15 08:44:35.795231+00,2026-02-15 09:44:44.771765+00,60.15,false,,1,0.0402,0.005,1,0.0784845223221188,,"{""launch_dow"":6,""launch_utc_hour"":8,""price_zscore_6h"":0.9615384615384616,""launch_local_hour"":8}",2026-02-15 09:44:45.319754+00,topup,
4974,aws,us-east-1,c6i.large,topup,min4_topup,60,meta_v3_ensemble_h1_hedge_persist,i-00179a1392b7a4bb5,Censored (Stopped by Design),2026-02-15 08:44:37.649825+00,2026-02-15 09:44:46.633916+00,60.15,false,,1,0.0402,0.005,1,0.0787088458551125,,"{""launch_dow"":6,""launch_utc_hour"":8,""price_zscore_6h"":0.9615384615384616,""launch_local_hour"":8}",2026-02-15 09:44:47.118133+00,topup,
4975,aws,us-east-1,c6i.large,topup,min4_topup,60,meta_v3_ensemble_h1_hedge_persist,i-07c499d9b4d60cf2c,Censored (Stopped by Design),2026-02-15 08:44:39.632476+00,2026-02-15 09:44:48.901207+00,60.15,false,,1,0.0402,0.005,1,0.0779733520847482,,"{""launch_dow"":6,""launch_utc_hour"":8,""price_zscore_6h"":0.9615384615384616,""launch_local_hour"":8}",2026-02-15 09:44:49.339499+00,topup,
4976,aws,us-west-2,m6a.large,topup,min4_topup,60,meta_v3_ensemble_h1_hedge_persist,i-015a8e0115968f28f,Censored (Stopped by Design),2026-02-15 08:44:41.636368+00,2026-02-15 09:44:57.239954+00,60.26,false,,1,0.0555,-0.000199999999999999,1,0.0113623168054308,,"{""launch_dow"":6,""launch_utc_hour"":8,""price_zscore_6h"":-0.4999999999999985,""launch_local_hour"":8}",2026-02-15 09:44:57.985189+00,topup,
4977,aws,us-west-2,m6a.large,topup,min4_topup,60,meta_v3_ensemble_h1_hedge_persist,i-0f743bcbc97f0ac61,Censored (Stopped by Design),2026-02-15 08:44:46.997988+00,2026-02-15 09:45:05.261215+00,60.3,false,,1,0.0555,-0.000199999999999999,1,0.0105680392726506,,"{""launch_dow"":6,""launch_utc_hour"":8,""price_zscore_6h"":-0.4999999999999985,""launch_local_hour"":8}",2026-02-15 09:45:05.839845+00,topup,
4978,aws,us-west-2,c6i.large,topup,min4_topup,60,meta_v3_ensemble_h1_hedge_persist,i-02678872ed4c45119,Censored (Stopped by Design),2026-02-15 08:44:52.410521+00,2026-02-15 09:45:07.661201+00,60.25,false,,1,0.0355,-0.0052,1,0.0470495686258806,,"{""launch_dow"":6,""launch_utc_hour"":8,""price_zscore_6h"":-0.962962962962963,""launch_local_hour"":8}",2026-02-15 09:45:08.232936+00,topup,
5002,aws,us-east-1,c6i.large,topup,min4_topup,60,meta_v3_ensemble_h1_hedge_persist,i-01208e28dda358eaa,Censored (Stopped by Design),2026-02-15 09:46:49.295852+00,2026-02-15 10:46:58.138137+00,60.15,false,,1,0.0402,0.005,1,0.0801511435597081,,"{""launch_dow"":6,""launch_utc_hour"":9,""price_zscore_6h"":0.9615384615384616,""launch_local_hour"":9}",2026-02-15 10:46:58.713979+00,topup,
5004,aws,us-east-1,c6i.large,topup,min4_topup,60,meta_v3_ensemble_h1_hedge_persist,i-0549fe788c8664076,Censored (Stopped by Design),2026-02-15 09:46:51.147991+00,2026-02-15 10:46:59.961208+00,60.15,false,,1,0.0402,0.005,1,0.0766851344053217,,"{""launch_dow"":6,""launch_utc_hour"":9,""price_zscore_6h"":0.9615384615384616,""launch_local_hour"":9}",2026-02-15 10:47:00.425781+00,topup,
5005,aws,us-east-1,c6i.large,topup,min4_topup,60,meta_v3_ensemble_h1_hedge_persist,i-06eef3493e351802b,Censored (Stopped by Design),2026-02-15 09:46:53.022909+00,2026-02-15 10:47:01.981223+00,60.15,false,,1,0.0402,0.005,1,0.0782307916909787,,"{""launch_dow"":6,""launch_utc_hour"":9,""price_zscore_6h"":0.9615384615384616,""launch_local_hour"":9}",2026-02-15 10:47:02.593148+00,topup,
5006,aws,us-east-1,c6i.large,topup,min4_topup,60,meta_v3_ensemble_h1_hedge_persist,i-026e3079ac4340c65,Censored (Stopped by Design),2026-02-15 09:46:54.860538+00,2026-02-15 10:47:04.10121+00,60.15,false,,1,0.0402,0.005,1,0.0767151046513821,,"{""launch_dow"":6,""launch_utc_hour"":9,""price_zscore_6h"":0.9615384615384616,""launch_local_hour"":9}",2026-02-15 10:47:04.587392+00,topup,
5007,aws,us-west-2,m6a.large,topup,min4_topup,60,meta_v3_ensemble_h1_hedge_persist,i-0436829827019c544,Censored (Stopped by Design),2026-02-15 09:46:56.934637+00,2026-02-15 10:47:12.381216+00,60.26,false,,1,0.055,-0.0112,1,0.0111015262091713,,"{""launch_dow"":6,""launch_utc_hour"":9,""price_zscore_6h"":-0.9824561403508771,""launch_local_hour"":9}",2026-02-15 10:47:13.113237+00,topup,
5031,aws,us-east-1,c6i.large,topup,min4_topup,60,meta_v3_ensemble_h1_hedge_persist,i-0f871f6253c8338f0,Censored (Stopped by Design),2026-02-15 10:48:52.920778+00,2026-02-15 11:49:01.469954+00,60.14,false,,1,0.0381,0.0032,1,0.07592411553434,,"{""launch_dow"":6,""launch_utc_hour"":10,""price_zscore_6h"":0.9411764705882353,""launch_local_hour"":10}",2026-02-15 11:49:01.969902+00,topup,
5033,aws,us-east-1,c6i.large,topup,min4_topup,60,meta_v3_ensemble_h1_hedge_persist,i-004f5af48934df544,Censored (Stopped by Design),2026-02-15 10:48:54.89949+00,2026-02-15 11:49:04.018521+00,60.15,false,,1,0.0381,0.0032,1,0.0783457053312405,,"{""launch_dow"":6,""launch_utc_hour"":10,""price_zscore_6h"":0.9411764705882353,""launch_local_hour"":10}",2026-02-15 11:49:04.492721+00,topup,
5034,aws,us-east-1,c6i.large,topup,min4_topup,60,meta_v3_ensemble_h1_hedge_persist,i-0dc59955b0a65ee0c,Censored (Stopped by Design),2026-02-15 10:48:56.671311+00,2026-02-15 11:49:05.751217+00,60.15,false,,1,0.0381,0.0032,1,0.0726195498576589,,"{""launch_dow"":6,""launch_utc_hour"":10,""price_zscore_6h"":0.9411764705882353,""launch_local_hour"":10}",2026-02-15 11:49:06.185303+00,topup,
5035,aws,us-east-1,c6i.large,topup,min4_topup,60,meta_v3_ensemble_h1_hedge_persist,i-0288eda77e29cc520,Censored (Stopped by Design),2026-02-15 10:48:58.534156+00,2026-02-15 11:49:07.721211+00,60.15,false,,1,0.0381,0.0032,1,0.0758766765222778,,"{""launch_dow"":6,""launch_utc_hour"":10,""price_zscore_6h"":0.9411764705882353,""launch_local_hour"":10}",2026-02-15 11:49:08.223985+00,topup,
5036,aws,us-west-2,c6i.large,topup,min4_topup,60,meta_v3_ensemble_h1_hedge_persist,i-0320c3b55bbdd0f27,Censored (Stopped by Design),2026-02-15 10:49:00.556581+00,2026-02-15 11:49:14.931219+00,60.24,false,,1,0.0415,0.00600000000000001,1,0.0429339472431715,,"{""launch_dow"":6,""launch_utc_hour"":10,""price_zscore_6h"":0.967741935483871,""launch_local_hour"":10}",2026-02-15 11:49:15.684146+00,topup,
5037,aws,us-west-2,c6i.large,topup,min4_topup,60,meta_v3_ensemble_h1_hedge_persist,i-03b0fb53476b89fb4,Censored (Stopped by Design),2026-02-15 10:49:02.551938+00,2026-02-15 11:49:15.496724+00,60.22,false,,1,0.0415,0.00600000000000001,1,0.0427558654024287,,"{""launch_dow"":6,""launch_utc_hour"":10,""price_zscore_6h"":0.967741935483871,""launch_local_hour"":10}",2026-02-15 11:49:16.212492+00,topup,
5062,aws,us-east-1,m6a.large,topup,min4_topup,60,meta_v3_ensemble_h1_hedge_persist,i-0729b9831fa15e3a1,Censored (Stopped by Design),2026-02-15 11:50:48.307984+00,2026-02-15 12:51:00.371207+00,60.2,false,,1,0.0441,-0.007,1,0.007480850359484,,"{""launch_dow"":6,""launch_utc_hour"":11,""price_zscore_6h"":-0.9722222222222223,""launch_local_hour"":11}",2026-02-15 12:51:00.912251+00,topup,
5063,aws,us-east-1,m6a.large,topup,min4_topup,60,meta_v3_ensemble_h1_hedge_persist,i-0af6a8bcd0d609dbb,Censored (Stopped by Design),2026-02-15 11:50:53.413343+00,2026-02-15 12:51:05.49581+00,60.2,false,,1,0.0441,-0.007,1,0.00878654372655546,,"{""launch_dow"":6,""launch_utc_hour"":11,""price_zscore_6h"":-0.9722222222222223,""launch_local_hour"":11}",2026-02-15 12:51:06.055857+00,topup,
5064,aws,us-east-1,m6a.large,topup,min4_topup,60,meta_v3_ensemble_h1_hedge_persist,i-048f3cd257a562574,Censored (Stopped by Design),2026-02-15 11:50:58.419136+00,2026-02-15 12:51:07.781219+00,60.16,false,,1,0.0441,-0.007,1,0.00850005655550388,,"{""launch_dow"":6,""launch_utc_hour"":11,""price_zscore_6h"":-0.9722222222222223,""launch_local_hour"":11}",2026-02-15 12:51:08.366454+00,topup,
5065,aws,us-east-1,c6i.large,topup,min4_topup,60,meta_v3_ensemble_h1_hedge_persist,i-08f9ae9813175025a,Censored (Stopped by Design),2026-02-15 11:51:00.219835+00,2026-02-15 12:51:08.82119+00,60.14,false,,1,0.0409,0.0028,1,0.0752436694689737,,"{""launch_dow"":6,""launch_utc_hour"":11,""price_zscore_6h"":0.9333333333333332,""launch_local_hour"":11}",2026-02-15 12:51:09.332638+00,topup,
5066,aws,us-east-1,c6i.large,topup,min4_topup,60,meta_v3_ensemble_h1_hedge_persist,i-0dc60e7f759222060,Censored (Stopped by Design),2026-02-15 11:51:02.094572+00,2026-02-15 12:51:11.183956+00,60.15,false,,1,0.0409,0.0028,1,0.072594089082451,,"{""launch_dow"":6,""launch_utc_hour"":11,""price_zscore_6h"":0.9333333333333332,""launch_local_hour"":11}",2026-02-15 12:51:11.684944+00,topup,
5067,aws,us-east-1,c6i.large,topup,min4_topup,60,meta_v3_ensemble_h1_hedge_persist,i-073c978f6167d07b2,Censored (Stopped by Design),2026-02-15 11:51:04.012909+00,2026-02-15 12:51:13.201207+00,60.15,false,,1,0.0409,0.0028,1,0.0720966930977341,,"{""launch_dow"":6,""launch_utc_hour"":11,""price_zscore_6h"":0.9333333333333332,""launch_local_hour"":11}",2026-02-15 12:51:13.686716+00,topup,
5068,aws,us-east-1,c6i.large,topup,min4_topup,60,meta_v3_ensemble_h1_hedge_persist,i-070b2be60eea6edd7,Censored (Stopped by Design),2026-02-15 11:51:05.976354+00,2026-02-15 12:51:14.941231+00,60.15,false,,1,0.0409,0.0028,1,0.0754675118311178,,"{""launch_dow"":6,""launch_utc_hour"":11,""price_zscore_6h"":0.9333333333333332,""launch_local_hour"":11}",2026-02-15 12:51:15.428869+00,topup,
5093,aws,us-east-1,c6i.large,topup,min4_topup,60,meta_v3_ensemble_h1_hedge_persist,i-0c29491f89c6458de,Censored (Stopped by Design),2026-02-15 12:53:00.203766+00,2026-02-15 13:53:09.145689+00,60.15,false,,1,0.0348,-0.0036,1,0.0761225675662836,,"{""launch_dow"":6,""launch_utc_hour"":12,""price_zscore_6h"":-0.9473684210526315,""launch_local_hour"":12}",2026-02-15 13:53:09.663315+00,topup,
5094,aws,us-east-1,c6i.large,topup,min4_topup,60,meta_v3_ensemble_h1_hedge_persist,i-0a2a6430a12d4f4f3,Censored (Stopped by Design),2026-02-15 12:53:02.030205+00,2026-02-15 13:53:11.399864+00,60.16,false,,1,0.0348,-0.0036,1,0.0762655717878329,,"{""launch_dow"":6,""launch_utc_hour"":12,""price_zscore_6h"":-0.9473684210526315,""launch_local_hour"":12}",2026-02-15 13:53:11.91007+00,topup,
5095,aws,us-east-1,c6i.large,topup,min4_topup,60,meta_v3_ensemble_h1_hedge_persist,i-08efb5bd65918ffe1,Censored (Stopped by Design),2026-02-15 12:53:03.987523+00,2026-02-15 13:53:13.144705+00,60.15,false,,1,0.0348,-0.0036,1,0.0770441054526094,,"{""launch_dow"":6,""launch_utc_hour"":12,""price_zscore_6h"":-0.9473684210526315,""launch_local_hour"":12}",2026-02-15 13:53:13.627285+00,topup,
5096,aws,us-east-1,c6i.large,topup,min4_topup,60,meta_v3_ensemble_h1_hedge_persist,i-01f7f29500de1f551,Censored (Stopped by Design),2026-02-15 12:53:05.950545+00,2026-02-15 13:53:14.522807+00,60.14,false,,1,0.0348,-0.0036,1,0.0766315947339791,,"{""launch_dow"":6,""launch_utc_hour"":12,""price_zscore_6h"":-0.9473684210526315,""launch_local_hour"":12}",2026-02-15 13:53:15.003769+00,topup,
5097,aws,us-west-2,m6a.large,topup,min4_topup,60,meta_v3_ensemble_h1_hedge_persist,i-02bd0a1f4b1bac0c2,Censored (Stopped by Design),2026-02-15 12:53:08.024776+00,2026-02-15 13:53:23.26122+00,60.25,false,,1,0.055,-0.0112,1,0.0172523538284712,,"{""launch_dow"":6,""launch_utc_hour"":12,""price_zscore_6h"":-0.9824561403508771,""launch_local_hour"":12}",2026-02-15 13:53:23.87081+00,topup,
5098,aws,us-west-2,m6a.large,topup,min4_topup,60,meta_v3_ensemble_h1_hedge_persist,i-0bda4343cca3262db,Censored (Stopped by Design),2026-02-15 12:53:13.334781+00,2026-02-15 13:53:25.321192+00,60.2,false,,1,0.055,-0.0112,1,0.016726351214858,,"{""launch_dow"":6,""launch_utc_hour"":12,""price_zscore_6h"":-0.9824561403508771,""launch_local_hour"":12}",2026-02-15 13:53:25.856422+00,topup,
5099,aws,us-west-2,m6a.large,topup,min4_topup,60,meta_v3_ensemble_h1_hedge_persist,i-00b34794dc797d7ad,Censored (Stopped by Design),2026-02-15 12:53:15.324189+00,2026-02-15 13:53:30.461277+00,60.25,false,,1,0.055,-0.0112,1,0.0167515520362017,,"{""launch_dow"":6,""launch_utc_hour"":12,""price_zscore_6h"":-0.9824561403508771,""launch_local_hour"":12}",2026-02-15 13:53:30.942509+00,topup,
5100,aws,us-west-2,m6a.large,topup,min4_topup,60,meta_v3_ensemble_h1_hedge_persist,i-01940eed91df4665f,Censored (Stopped by Design),2026-02-15 12:53:20.548084+00,2026-02-15 13:53:32.601912+00,60.2,false,,1,0.055,-0.0112,1,0.016762060462005,,"{""launch_dow"":6,""launch_utc_hour"":12,""price_zscore_6h"":-0.9824561403508771,""launch_local_hour"":12}",2026-02-15 13:53:33.608082+00,topup,
5125,aws,us-east-1,c6i.large,topup,min4_topup,60,meta_v3_ensemble_h1_hedge_persist,i-00433cea0cb011298,Censored (Stopped by Design),2026-02-15 13:55:09.996775+00,2026-02-15 14:55:21.981222+00,60.2,false,,1,0.0348,-0.0036,1,0.0766065940379235,,"{""launch_dow"":6,""launch_utc_hour"":13,""price_zscore_6h"":-0.9473684210526315,""launch_local_hour"":13}",2026-02-15 14:55:22.466153+00,topup,
5126,aws,us-east-1,c6i.large,topup,min4_topup,60,meta_v3_ensemble_h1_hedge_persist,i-0fe829cd2d6aabc70,Censored (Stopped by Design),2026-02-15 13:55:14.903931+00,2026-02-15 14:55:24.321212+00,60.16,false,,1,0.0348,-0.0036,1,0.0770771295220096,,"{""launch_dow"":6,""launch_utc_hour"":13,""price_zscore_6h"":-0.9473684210526315,""launch_local_hour"":13}",2026-02-15 14:55:24.862649+00,topup,
5127,aws,us-east-1,c6i.large,topup,min4_topup,60,meta_v3_ensemble_h1_hedge_persist,i-0adc922e5a6f729c0,Censored (Stopped by Design),2026-02-15 13:55:16.604171+00,2026-02-15 14:55:28.728209+00,60.2,false,,1,0.0348,-0.0036,1,0.0739690836402065,,"{""launch_dow"":6,""launch_utc_hour"":13,""price_zscore_6h"":-0.9473684210526315,""launch_local_hour"":13}",2026-02-15 14:55:29.260017+00,topup,
5128,aws,us-east-1,c6i.large,topup,min4_topup,60,meta_v3_ensemble_h1_hedge_persist,i-0c0e9373cd518084b,Censored (Stopped by Design),2026-02-15 13:55:21.579927+00,2026-02-15 14:55:33.761208+00,60.2,false,,1,0.0348,-0.0036,1,0.0742285300998038,,"{""launch_dow"":6,""launch_utc_hour"":13,""price_zscore_6h"":-0.9473684210526315,""launch_local_hour"":13}",2026-02-15 14:55:34.32741+00,topup,
5153,aws,us-east-1,c6i.large,topup,min4_topup,60,meta_v3_ensemble_h1_hedge_persist,i-0158fb9ae3b3905b6,Censored (Stopped by Design),2026-02-15 14:57:07.95676+00,2026-02-15 15:57:20.261204+00,60.21,false,,1,0.0408,0.00600000000000001,1,0.0714432455515674,,"{""launch_dow"":6,""launch_utc_hour"":14,""price_zscore_6h"":0.967741935483871,""launch_local_hour"":14}",2026-02-15 15:57:20.83434+00,topup,
5154,aws,us-east-1,c6i.large,topup,min4_topup,60,meta_v3_ensemble_h1_hedge_persist,i-0c401238d96f50560,Censored (Stopped by Design),2026-02-15 14:57:13.007405+00,2026-02-15 15:57:25.781204+00,60.21,false,,1,0.0408,0.00600000000000001,1,0.0757320955238826,,"{""launch_dow"":6,""launch_utc_hour"":14,""price_zscore_6h"":0.967741935483871,""launch_local_hour"":14}",2026-02-15 15:57:26.378014+00,topup,
5155,aws,us-east-1,c6i.large,topup,min4_topup,60,meta_v3_ensemble_h1_hedge_persist,i-09e75e245810cb247,Censored (Stopped by Design),2026-02-15 14:57:18.160354+00,2026-02-15 15:57:30.268117+00,60.2,false,,1,0.0408,0.00600000000000001,1,0.0748392623365961,,"{""launch_dow"":6,""launch_utc_hour"":14,""price_zscore_6h"":0.967741935483871,""launch_local_hour"":14}",2026-02-15 15:57:30.755187+00,topup,
5156,aws,us-east-1,c6i.large,topup,min4_topup,60,meta_v3_ensemble_h1_hedge_persist,i-0950b32a7d38e9eae,Censored (Stopped by Design),2026-02-15 14:57:23.451871+00,2026-02-15 15:57:35.651198+00,60.2,false,,1,0.0408,0.00600000000000001,1,0.0765695972842428,,"{""launch_dow"":6,""launch_utc_hour"":14,""price_zscore_6h"":0.967741935483871,""launch_local_hour"":14}",2026-02-15 15:57:36.186303+00,topup,
5157,aws,us-west-2,m6a.large,topup,min4_topup,60,meta_v3_ensemble_h1_hedge_persist,i-0bdcc219fe0336689,Censored (Stopped by Design),2026-02-15 14:57:28.715468+00,2026-02-15 15:57:41.70121+00,60.22,false,,1,0.0547,-0.0106,1,0.0168967366762938,,"{""launch_dow"":6,""launch_utc_hour"":14,""price_zscore_6h"":-0.9814814814814814,""launch_local_hour"":14}",2026-02-15 15:57:42.429644+00,topup,
5182,aws,us-east-1,t3a.large,topup,min4_topup,60,meta_v3_ensemble_h1_hedge_persist,i-0e6c9d6a627492647,Censored (Stopped by Design),2026-02-15 15:59:21.684205+00,2026-02-15 16:59:34.461269+00,60.21,false,,1,0.0374,0.0037,1,0.191596361749626,,"{""launch_dow"":6,""launch_utc_hour"":15,""price_zscore_6h"":0.9487179487179487,""launch_local_hour"":15}",2026-02-15 16:59:34.993158+00,topup,
5183,aws,us-east-1,t3a.large,topup,min4_topup,60,meta_v3_ensemble_h1_hedge_persist,i-0fe91d3fb22e07a73,Censored (Stopped by Design),2026-02-15 15:59:26.6327+00,2026-02-15 16:59:39.140731+00,60.21,false,,1,0.0374,0.0037,1,0.189376783006058,,"{""launch_dow"":6,""launch_utc_hour"":15,""price_zscore_6h"":0.9487179487179487,""launch_local_hour"":15}",2026-02-15 16:59:39.734201+00,topup,
5184,aws,us-east-1,c6i.large,topup,min4_topup,60,meta_v3_ensemble_h1_hedge_persist,i-0f271d6444277efe1,Censored (Stopped by Design),2026-02-15 15:59:31.678204+00,2026-02-15 16:59:40.83615+00,60.15,false,,1,0.04,-0.000800000000000002,1,0.075896332973233,,"{""launch_dow"":6,""launch_utc_hour"":15,""price_zscore_6h"":-0.8000000000000004,""launch_local_hour"":15}",2026-02-15 16:59:41.34679+00,topup,
5185,aws,us-east-1,c6i.large,topup,min4_topup,60,meta_v3_ensemble_h1_hedge_persist,i-04bfa9db3c6225575,Censored (Stopped by Design),2026-02-15 15:59:33.472747+00,2026-02-15 16:59:42.17106+00,60.14,false,,1,0.04,-0.000800000000000002,1,0.0765352183515206,,"{""launch_dow"":6,""launch_utc_hour"":15,""price_zscore_6h"":-0.8000000000000004,""launch_local_hour"":15}",2026-02-15 16:59:42.678282+00,topup,
5186,aws,us-east-1,c6i.large,topup,min4_topup,60,meta_v3_ensemble_h1_hedge_persist,i-021d858f53d30f6c2,Censored (Stopped by Design),2026-02-15 15:59:35.202925+00,2026-02-15 16:59:44.821208+00,60.16,false,,1,0.04,-0.000800000000000002,1,0.0737825113227128,,"{""launch_dow"":6,""launch_utc_hour"":15,""price_zscore_6h"":-0.8000000000000004,""launch_local_hour"":15}",2026-02-15 16:59:45.380939+00,topup,
5187,aws,us-east-1,c6i.large,topup,min4_topup,60,meta_v3_ensemble_h1_hedge_persist,i-07fea6eed1f74e24c,Censored (Stopped by Design),2026-02-15 15:59:37.062192+00,2026-02-15 16:59:45.962858+00,60.15,false,,1,0.04,-0.000800000000000002,1,0.0722959144800786,,"{""launch_dow"":6,""launch_utc_hour"":15,""price_zscore_6h"":-0.8000000000000004,""launch_local_hour"":15}",2026-02-15 16:59:46.435308+00,topup,
5212,aws,us-east-1,c6i.large,topup,min4_topup,60,meta_v3_ensemble_h1_hedge_persist,i-05d1bf8b1f85746c5,Censored (Stopped by Design),2026-02-15 17:01:26.916043+00,2026-02-15 18:01:35.90121+00,60.15,false,,1,0.04,-0.000800000000000002,1,0.0718071998379783,,"{""launch_dow"":6,""launch_utc_hour"":17,""price_zscore_6h"":-0.8000000000000004,""launch_local_hour"":17}",2026-02-15 18:01:36.393528+00,topup,
5213,aws,us-east-1,c6i.large,topup,min4_topup,60,meta_v3_ensemble_h1_hedge_persist,i-0c253f5c26f2c9077,Censored (Stopped by Design),2026-02-15 17:01:28.803476+00,2026-02-15 18:01:41.181256+00,60.21,false,,1,0.04,-0.000800000000000002,1,0.0716764957840266,,"{""launch_dow"":6,""launch_utc_hour"":17,""price_zscore_6h"":-0.8000000000000004,""launch_local_hour"":17}",2026-02-15 18:01:41.732281+00,topup,
5214,aws,us-east-1,c6i.large,topup,min4_topup,60,meta_v3_ensemble_h1_hedge_persist,i-0261357da3553c547,Censored (Stopped by Design),2026-02-15 17:01:33.731552+00,2026-02-15 18:01:45.441214+00,60.2,false,,1,0.04,-0.000800000000000002,1,0.0748134360171737,,"{""launch_dow"":6,""launch_utc_hour"":17,""price_zscore_6h"":-0.8000000000000004,""launch_local_hour"":17}",2026-02-15 18:01:45.967546+00,topup,
5215,aws,us-east-1,c6i.large,topup,min4_topup,60,meta_v3_ensemble_h1_hedge_persist,i-04c5a3872b896dd62,Censored (Stopped by Design),2026-02-15 17:01:38.698741+00,2026-02-15 18:01:47.92121+00,60.15,false,,1,0.04,-0.000800000000000002,1,0.0731213770518655,,"{""launch_dow"":6,""launch_utc_hour"":17,""price_zscore_6h"":-0.8000000000000004,""launch_local_hour"":17}",2026-02-15 18:01:48.443578+00,topup,
5216,aws,us-west-2,c6i.large,topup,min4_topup,60,meta_v3_ensemble_h1_hedge_persist,i-08056ccd423cde85e,Censored (Stopped by Design),2026-02-15 17:01:46.159471+00,2026-02-15 18:01:57.88123+00,60.2,false,,1,0.0356,-0.0053,1,0.0390020292057746,,"{""launch_dow"":6,""launch_utc_hour"":17,""price_zscore_6h"":-0.9636363636363637,""launch_local_hour"":17}",2026-02-15 18:01:58.527184+00,topup,
5217,aws,us-west-2,c6i.large,topup,min4_topup,60,meta_v3_ensemble_h1_hedge_persist,i-025654108f2a7db3d,Censored (Stopped by Design),2026-02-15 17:01:40.805254+00,2026-02-15 18:01:58.001292+00,60.29,false,,1,0.0356,-0.0053,1,0.0379235212737669,,"{""launch_dow"":6,""launch_utc_hour"":17,""price_zscore_6h"":-0.9636363636363637,""launch_local_hour"":17}",2026-02-15 18:01:58.813312+00,topup,
5242,aws,us-east-1,t3a.large,topup,min4_topup,60,meta_v3_ensemble_h1_hedge_persist,i-057bc4185692d61e3,Censored (Stopped by Design),2026-02-15 18:03:35.010214+00,2026-02-15 19:03:47.425004+00,60.21,false,,1,0.0363,0.003,1,0.148580572949436,,"{""launch_dow"":6,""launch_utc_hour"":18,""price_zscore_6h"":0.9374999999999999,""launch_local_hour"":18}",2026-02-15 19:03:47.985471+00,topup,
5243,aws,us-east-1,m6a.large,topup,min4_topup,60,meta_v3_ensemble_h1_hedge_persist,i-032c4093e076bfaf1,Censored (Stopped by Design),2026-02-15 18:03:40.242476+00,2026-02-15 19:03:52.141213+00,60.2,false,,1,0.0442,-0.0173,1,0.0074231985735095,,"{""launch_dow"":6,""launch_utc_hour"":18,""price_zscore_6h"":-0.9885714285714287,""launch_local_hour"":18}",2026-02-15 19:03:52.704324+00,topup,
5244,aws,us-east-1,c6i.large,topup,min4_topup,60,meta_v3_ensemble_h1_hedge_persist,i-0f7e826d8f775a912,Censored (Stopped by Design),2026-02-15 18:03:45.274046+00,2026-02-15 19:03:54.211223+00,60.15,false,,1,0.0345,-0.0055,1,0.0750151092531408,,"{""launch_dow"":6,""launch_utc_hour"":18,""price_zscore_6h"":-0.9649122807017544,""launch_local_hour"":18}",2026-02-15 19:03:54.75956+00,topup,
5245,aws,us-east-1,c6i.large,topup,min4_topup,60,meta_v3_ensemble_h1_hedge_persist,i-021f22aecb188b315,Censored (Stopped by Design),2026-02-15 18:03:47.093648+00,2026-02-15 19:03:55.801213+00,60.15,false,,1,0.0345,-0.0055,1,0.072539424623244,,"{""launch_dow"":6,""launch_utc_hour"":18,""price_zscore_6h"":-0.9649122807017544,""launch_local_hour"":18}",2026-02-15 19:03:56.279123+00,topup,
5246,aws,us-east-1,c6i.large,topup,min4_topup,60,meta_v3_ensemble_h1_hedge_persist,i-0e64e4ea148b034b7,Censored (Stopped by Design),2026-02-15 18:03:48.859934+00,2026-02-15 19:03:57.841223+00,60.15,false,,1,0.0345,-0.0055,1,0.0760715664288553,,"{""launch_dow"":6,""launch_utc_hour"":18,""price_zscore_6h"":-0.9649122807017544,""launch_local_hour"":18}",2026-02-15 19:03:58.321824+00,topup,
5247,aws,us-east-1,c6i.large,topup,min4_topup,60,meta_v3_ensemble_h1_hedge_persist,i-0eb9308c8f58c0bf4,Censored (Stopped by Design),2026-02-15 18:03:50.592879+00,2026-02-15 19:03:59.351211+00,60.15,false,,1,0.0345,-0.0055,1,0.0753418681505584,,"{""launch_dow"":6,""launch_utc_hour"":18,""price_zscore_6h"":-0.9649122807017544,""launch_local_hour"":18}",2026-02-15 19:03:59.849276+00,topup,
5271,aws,us-east-1,c6i.large,topup,min4_topup,60,meta_v3_ensemble_h1_hedge_persist,i-0506529d4e3e6c783,Censored (Stopped by Design),2026-02-15 19:05:45.198562+00,2026-02-15 20:05:54.191223+00,60.15,false,,1,0.0383,0.0038,1,0.0718123452713001,,"{""launch_dow"":6,""launch_utc_hour"":19,""price_zscore_6h"":0.9500000000000001,""launch_local_hour"":19}",2026-02-15 20:05:54.757891+00,topup,
5273,aws,us-east-1,c6i.large,topup,min4_topup,60,meta_v3_ensemble_h1_hedge_persist,i-0bf966a1cbd729863,Censored (Stopped by Design),2026-02-15 19:05:47.15119+00,2026-02-15 20:05:59.490922+00,60.21,false,,1,0.0383,0.0038,1,0.0755842280294415,,"{""launch_dow"":6,""launch_utc_hour"":19,""price_zscore_6h"":0.9500000000000001,""launch_local_hour"":19}",2026-02-15 20:05:59.999654+00,topup,
5274,aws,us-east-1,c6i.large,topup,min4_topup,60,meta_v3_ensemble_h1_hedge_persist,i-052a0a643120c74d2,Censored (Stopped by Design),2026-02-15 19:05:52.051702+00,2026-02-15 20:06:04.301238+00,60.2,false,,1,0.0383,0.0038,1,0.0727258384976626,,"{""launch_dow"":6,""launch_utc_hour"":19,""price_zscore_6h"":0.9500000000000001,""launch_local_hour"":19}",2026-02-15 20:06:04.868498+00,topup,
5275,aws,us-east-1,c6i.large,topup,min4_topup,60,meta_v3_ensemble_h1_hedge_persist,i-06142c2ff69518b4c,Censored (Stopped by Design),2026-02-15 19:05:57.081262+00,2026-02-15 20:06:09.011222+00,60.2,false,,1,0.0383,0.0038,1,0.0719562681634208,,"{""launch_dow"":6,""launch_utc_hour"":19,""price_zscore_6h"":0.9500000000000001,""launch_local_hour"":19}",2026-02-15 20:06:09.603385+00,topup,
5276,aws,us-west-2,m6a.large,topup,min4_topup,60,meta_v3_ensemble_h1_hedge_persist,i-0e8ec907004cb78b4,Censored (Stopped by Design),2026-02-15 19:06:02.222328+00,2026-02-15 20:06:18.051197+00,60.26,false,,1,0.0482,-0.0065,1,0.0108206532688062,,"{""launch_dow"":6,""launch_utc_hour"":19,""price_zscore_6h"":-0.9701492537313433,""launch_local_hour"":19}",2026-02-15 20:06:18.614797+00,topup,
5301,aws,us-east-1,c6i.large,topup,min4_topup,60,meta_v3_ensemble_h1_hedge_persist,i-0c087646e15f3520c,Censored (Stopped by Design),2026-02-15 20:08:08.241462+00,2026-02-15 21:08:20.671215+00,60.21,false,,1,0.0383,0.0038,1,0.0734903057929203,,"{""launch_dow"":6,""launch_utc_hour"":20,""price_zscore_6h"":0.9500000000000001,""launch_local_hour"":20}",2026-02-15 21:08:21.150854+00,topup,
5302,aws,us-east-1,c6i.large,topup,min4_topup,60,meta_v3_ensemble_h1_hedge_persist,i-0d1e0b12f6820e7ac,Censored (Stopped by Design),2026-02-15 20:08:13.057237+00,2026-02-15 21:08:25.471214+00,60.21,false,,1,0.0383,0.0038,1,0.0741649854390467,,"{""launch_dow"":6,""launch_utc_hour"":20,""price_zscore_6h"":0.9500000000000001,""launch_local_hour"":20}",2026-02-15 21:08:25.957394+00,topup,
5303,aws,us-east-1,c6i.large,topup,min4_topup,60,meta_v3_ensemble_h1_hedge_persist,i-0cf46128df842ba1e,Censored (Stopped by Design),2026-02-15 20:08:18.189329+00,2026-02-15 21:08:29.911234+00,60.2,false,,1,0.0383,0.0038,1,0.0722586596014981,,"{""launch_dow"":6,""launch_utc_hour"":20,""price_zscore_6h"":0.9500000000000001,""launch_local_hour"":20}",2026-02-15 21:08:30.478825+00,topup,
5304,aws,us-east-1,c6i.large,topup,min4_topup,60,meta_v3_ensemble_h1_hedge_persist,i-024d11f42ee090d48,Censored (Stopped by Design),2026-02-15 20:08:23.20034+00,2026-02-15 21:08:35.501202+00,60.21,false,,1,0.0383,0.0038,1,0.0717271546890706,,"{""launch_dow"":6,""launch_utc_hour"":20,""price_zscore_6h"":0.9500000000000001,""launch_local_hour"":20}",2026-02-15 21:08:36.050652+00,topup,
5305,aws,us-west-2,t3a.large,topup,min4_topup,60,meta_v3_ensemble_h1_hedge_persist,i-05f98ce0922e93792,Censored (Stopped by Design),2026-02-15 20:08:28.300417+00,2026-02-15 21:08:45.251278+00,60.28,false,,1,0.0348,-0.000900000000000005,1,0.00786667696677589,,"{""launch_dow"":6,""launch_utc_hour"":20,""price_zscore_6h"":-0.8181818181818189,""launch_local_hour"":20}",2026-02-15 21:08:46.058225+00,topup,
5306,aws,us-west-2,m6a.large,topup,min4_topup,60,meta_v3_ensemble_h1_hedge_persist,i-03d909dd4a14d2dc2,Censored (Stopped by Design),2026-02-15 20:08:33.557066+00,2026-02-15 21:08:45.991193+00,60.21,false,,1,0.0651,0.0169,1,0.0117039308540457,,"{""launch_dow"":6,""launch_utc_hour"":20,""price_zscore_6h"":0.9883040935672516,""launch_local_hour"":20}",2026-02-15 21:08:46.546065+00,topup,
5307,aws,us-west-2,m6a.large,topup,min4_topup,60,meta_v3_ensemble_h1_hedge_persist,i-0a95ef29e050d254c,Censored (Stopped by Design),2026-02-15 20:08:35.814356+00,2026-02-15 21:08:47.801226+00,60.2,false,,1,0.0651,0.0169,1,0.0116712740208742,,"{""launch_dow"":6,""launch_utc_hour"":20,""price_zscore_6h"":0.9883040935672516,""launch_local_hour"":20}",2026-02-15 21:08:48.379511+00,topup,
5308,aws,us-west-2,m6a.large,topup,min4_topup,60,meta_v3_ensemble_h1_hedge_persist,i-0655721ceb45fae6d,Censored (Stopped by Design),2026-02-15 20:08:37.853973+00,2026-02-15 21:08:50.151212+00,60.2,false,,1,0.0651,0.0169,1,0.00993779070605781,,"{""launch_dow"":6,""launch_utc_hour"":20,""price_zscore_6h"":0.9883040935672516,""launch_local_hour"":20}",2026-02-15 21:08:50.665575+00,topup,
5309,aws,us-west-2,m6a.large,topup,min4_topup,60,meta_v3_ensemble_h1_hedge_persist,i-016a077565b94ba5a,Censored (Stopped by Design),2026-02-15 20:08:40.109196+00,2026-02-15 21:08:52.328955+00,60.2,false,,1,0.0651,0.0169,1,0.010998964528114,,"{""launch_dow"":6,""launch_utc_hour"":20,""price_zscore_6h"":0.9883040935672516,""launch_local_hour"":20}",2026-02-15 21:08:53.085307+00,topup,
5334,aws,us-east-1,m6a.large,topup,min4_topup,60,meta_v3_ensemble_h1_hedge_persist,i-0a454cba449bf9c03,Censored (Stopped by Design),2026-02-15 21:10:44.150586+00,2026-02-15 22:10:56.011211+00,60.2,false,,1,0.0506,0.0081,1,0.00700764436081947,,"{""launch_dow"":6,""launch_utc_hour"":21,""price_zscore_6h"":0.9759036144578312,""launch_local_hour"":21}",2026-02-15 22:10:56.654623+00,topup,
5335,aws,us-east-1,m6a.large,topup,min4_topup,60,meta_v3_ensemble_h1_hedge_persist,i-08ac9a73efd665fef,Censored (Stopped by Design),2026-02-15 21:10:49.267708+00,2026-02-15 22:11:01.561235+00,60.2,false,,1,0.0506,0.0081,1,0.00811190300369436,,"{""launch_dow"":6,""launch_utc_hour"":21,""price_zscore_6h"":0.9759036144578312,""launch_local_hour"":21}",2026-02-15 22:11:02.255975+00,topup,
5336,aws,us-east-1,m6a.large,topup,min4_topup,60,meta_v3_ensemble_h1_hedge_persist,i-036483fd1ae58f765,Censored (Stopped by Design),2026-02-15 21:10:54.428047+00,2026-02-15 22:11:06.60499+00,60.2,false,,1,0.0506,0.0081,1,0.00823938718359613,,"{""launch_dow"":6,""launch_utc_hour"":21,""price_zscore_6h"":0.9759036144578312,""launch_local_hour"":21}",2026-02-15 22:11:07.125392+00,topup,
5337,aws,us-east-1,m6a.large,topup,min4_topup,60,meta_v3_ensemble_h1_hedge_persist,i-03ae14cb070ba9d03,Censored (Stopped by Design),2026-02-15 21:10:59.351227+00,2026-02-15 22:11:11.481206+00,60.2,false,,1,0.0506,0.0081,1,0.00728077099920354,,"{""launch_dow"":6,""launch_utc_hour"":21,""price_zscore_6h"":0.9759036144578312,""launch_local_hour"":21}",2026-02-15 22:11:12.015959+00,topup,
5338,aws,us-east-1,c6i.large,topup,min4_topup,60,meta_v3_ensemble_h1_hedge_persist,i-01a3dd5c242457b2d,Censored (Stopped by Design),2026-02-15 21:11:04.428797+00,2026-02-15 22:11:16.591211+00,60.2,false,,1,0.0383,0.0038,1,0.0702755776883487,,"{""launch_dow"":6,""launch_utc_hour"":21,""price_zscore_6h"":0.9500000000000001,""launch_local_hour"":21}",2026-02-15 22:11:17.162098+00,topup,
5339,aws,us-east-1,c6i.large,topup,min4_topup,60,meta_v3_ensemble_h1_hedge_persist,i-06b7c8da3bba41e6a,Censored (Stopped by Design),2026-02-15 21:11:09.417673+00,2026-02-15 22:11:21.602272+00,60.2,false,,1,0.0383,0.0038,1,0.0726390391181677,,"{""launch_dow"":6,""launch_utc_hour"":21,""price_zscore_6h"":0.9500000000000001,""launch_local_hour"":21}",2026-02-15 22:11:22.112738+00,topup,
5340,aws,us-east-1,c6i.large,topup,min4_topup,60,meta_v3_ensemble_h1_hedge_persist,i-057fd52ec07392724,Censored (Stopped by Design),2026-02-15 21:11:14.380595+00,2026-02-15 22:11:23.081207+00,60.15,false,,1,0.0383,0.0038,1,0.0696160633727165,,"{""launch_dow"":6,""launch_utc_hour"":21,""price_zscore_6h"":0.9500000000000001,""launch_local_hour"":21}",2026-02-15 22:11:23.54695+00,topup,
5341,aws,us-east-1,c6i.large,topup,min4_topup,60,meta_v3_ensemble_h1_hedge_persist,i-066a0d841b7724dc1,Censored (Stopped by Design),2026-02-15 21:11:16.284055+00,2026-02-15 22:11:25.241222+00,60.15,false,,1,0.0383,0.0038,1,0.071266771917727,,"{""launch_dow"":6,""launch_utc_hour"":21,""price_zscore_6h"":0.9500000000000001,""launch_local_hour"":21}",2026-02-15 22:11:25.803111+00,topup,
5366,aws,us-east-1,m6a.large,topup,min4_topup,60,meta_v3_ensemble_h1_hedge_persist,i-0df8b068161568c37,Censored (Stopped by Design),2026-02-15 22:13:11.415756+00,2026-02-15 23:13:24.021368+00,60.21,false,,1,0.0443,-0.0063,1,0.00850445127707856,,"{""launch_dow"":6,""launch_utc_hour"":22,""price_zscore_6h"":-0.9692307692307692,""launch_local_hour"":22}",2026-02-15 23:13:24.609499+00,topup,
5367,aws,us-east-1,m6a.large,topup,min4_topup,60,meta_v3_ensemble_h1_hedge_persist,i-0a0e3536601baf7b9,Censored (Stopped by Design),2026-02-15 22:13:16.381883+00,2026-02-15 23:13:28.971215+00,60.21,false,,1,0.0443,-0.0063,1,0.00700410875727185,,"{""launch_dow"":6,""launch_utc_hour"":22,""price_zscore_6h"":-0.9692307692307692,""launch_local_hour"":22}",2026-02-15 23:13:29.621165+00,topup,
5368,aws,us-east-1,m6a.large,topup,min4_topup,60,meta_v3_ensemble_h1_hedge_persist,i-0457763917754ff69,Censored (Stopped by Design),2026-02-15 22:13:21.383027+00,2026-02-15 23:13:33.591211+00,60.2,false,,1,0.0443,-0.0063,1,0.0082816405904014,,"{""launch_dow"":6,""launch_utc_hour"":22,""price_zscore_6h"":-0.9692307692307692,""launch_local_hour"":22}",2026-02-15 23:13:34.310543+00,topup,
5369,aws,us-east-1,m6a.large,topup,min4_topup,60,meta_v3_ensemble_h1_hedge_persist,i-061f938f10040f7f7,Censored (Stopped by Design),2026-02-15 22:13:26.459551+00,2026-02-15 23:13:38.945904+00,60.21,false,,1,0.0443,-0.0063,1,0.00846453284136995,,"{""launch_dow"":6,""launch_utc_hour"":22,""price_zscore_6h"":-0.9692307692307692,""launch_local_hour"":22}",2026-02-15 23:13:39.642734+00,topup,
5370,aws,us-east-1,c6i.large,topup,min4_topup,60,meta_v3_ensemble_h1_hedge_persist,i-09eecf00367b5ff1a,Censored (Stopped by Design),2026-02-15 22:13:31.375822+00,2026-02-15 23:13:40.342255+00,60.15,false,,1,0.0383,0.0038,1,0.0696848174275432,,"{""launch_dow"":6,""launch_utc_hour"":22,""price_zscore_6h"":0.9500000000000001,""launch_local_hour"":22}",2026-02-15 23:13:40.830746+00,topup,
5371,aws,us-east-1,c6i.large,topup,min4_topup,60,meta_v3_ensemble_h1_hedge_persist,i-03f7c017af6916d27,Censored (Stopped by Design),2026-02-15 22:13:33.223256+00,2026-02-15 23:13:42.012684+00,60.15,false,,1,0.0383,0.0038,1,0.0727456523073274,,"{""launch_dow"":6,""launch_utc_hour"":22,""price_zscore_6h"":0.9500000000000001,""launch_local_hour"":22}",2026-02-15 23:13:42.572921+00,topup,
5372,aws,us-east-1,c6i.large,topup,min4_topup,60,meta_v3_ensemble_h1_hedge_persist,i-043ef374b0bc487c4,Censored (Stopped by Design),2026-02-15 22:13:35.218017+00,2026-02-15 23:13:44.171174+00,60.15,false,,1,0.0383,0.0038,1,0.0719854035677329,,"{""launch_dow"":6,""launch_utc_hour"":22,""price_zscore_6h"":0.9500000000000001,""launch_local_hour"":22}",2026-02-15 23:13:44.694678+00,topup,
5373,aws,us-east-1,c6i.large,topup,min4_topup,60,meta_v3_ensemble_h1_hedge_persist,i-0c762143bec9a447b,Censored (Stopped by Design),2026-02-15 22:13:37.048992+00,2026-02-15 23:13:46.071221+00,60.15,false,,1,0.0383,0.0038,1,0.0730567219795743,,"{""launch_dow"":6,""launch_utc_hour"":22,""price_zscore_6h"":0.9500000000000001,""launch_local_hour"":22}",2026-02-15 23:13:46.620756+00,topup,
5374,aws,us-west-2,m6a.large,topup,min4_topup,60,meta_v3_ensemble_h1_hedge_persist,i-0d554ac01025a93fc,Censored (Stopped by Design),2026-02-15 22:13:38.970181+00,2026-02-15 23:13:54.32908+00,60.26,false,,1,0.0481,0.00679999999999999,1,0.0114751237529977,,"{""launch_dow"":6,""launch_utc_hour"":22,""price_zscore_6h"":0.9714285714285714,""launch_local_hour"":22}",2026-02-15 23:13:54.882535+00,topup,
5399,aws,us-east-1,m6a.large,topup,min4_topup,60,meta_v3_ensemble_h1_hedge_persist,i-0d7e3b659502f882e,Censored (Stopped by Design),2026-02-15 23:15:40.066955+00,2026-02-16 00:15:52.571227+00,60.21,false,,1,0.0443,-0.0063,1,0.00721579343967305,,"{""launch_dow"":6,""launch_utc_hour"":23,""price_zscore_6h"":-0.9692307692307692,""launch_local_hour"":23}",2026-02-16 00:15:53.09712+00,topup,
5400,aws,us-east-1,m6a.large,topup,min4_topup,60,meta_v3_ensemble_h1_hedge_persist,i-0d4f89e41d57b923d,Censored (Stopped by Design),2026-02-15 23:15:44.888943+00,2026-02-16 00:15:57.261212+00,60.21,false,,1,0.0443,-0.0063,1,0.00807128217776371,,"{""launch_dow"":6,""launch_utc_hour"":23,""price_zscore_6h"":-0.9692307692307692,""launch_local_hour"":23}",2026-02-16 00:15:57.739892+00,topup,
5401,aws,us-east-1,m6a.large,topup,min4_topup,60,meta_v3_ensemble_h1_hedge_persist,i-0f2b6188dc9d56c53,Censored (Stopped by Design),2026-02-15 23:15:49.923823+00,2026-02-16 00:16:02.054156+00,60.2,false,,1,0.0443,-0.0063,1,0.00836261296896263,,"{""launch_dow"":6,""launch_utc_hour"":23,""price_zscore_6h"":-0.9692307692307692,""launch_local_hour"":23}",2026-02-16 00:16:02.609793+00,topup,
5402,aws,us-east-1,m6a.large,topup,min4_topup,60,meta_v3_ensemble_h1_hedge_persist,i-0894f77e3deeaaded,Censored (Stopped by Design),2026-02-15 23:15:54.864889+00,2026-02-16 00:16:07.691214+00,60.21,false,,1,0.0443,-0.0063,1,0.00831496886214808,,"{""launch_dow"":6,""launch_utc_hour"":23,""price_zscore_6h"":-0.9692307692307692,""launch_local_hour"":23}",2026-02-16 00:16:08.334692+00,topup,
5403,aws,us-east-1,c6i.large,topup,min4_topup,60,meta_v3_ensemble_h1_hedge_persist,i-0ad48b73bd40921d7,Censored (Stopped by Design),2026-02-15 23:15:59.806407+00,2026-02-16 00:16:11.781202+00,60.2,false,,1,0.0399,0.0055,1,0.073591794839936,,"{""launch_dow"":6,""launch_utc_hour"":23,""price_zscore_6h"":0.9649122807017544,""launch_local_hour"":23}",2026-02-16 00:16:12.36561+00,topup,
5404,aws,us-east-1,c6i.large,topup,min4_topup,60,meta_v3_ensemble_h1_hedge_persist,i-0e760dc061123ed24,Censored (Stopped by Design),2026-02-15 23:16:04.736398+00,2026-02-16 00:16:16.821214+00,60.2,false,,1,0.0399,0.0055,1,0.0699472055645097,,"{""launch_dow"":6,""launch_utc_hour"":23,""price_zscore_6h"":0.9649122807017544,""launch_local_hour"":23}",2026-02-16 00:16:17.343808+00,topup,
5405,aws,us-east-1,c6i.large,topup,min4_topup,60,meta_v3_ensemble_h1_hedge_persist,i-05e80d0fb38fc7a8e,Censored (Stopped by Design),2026-02-15 23:16:09.707469+00,2026-02-16 00:16:22.221202+00,60.21,false,,1,0.0399,0.0055,1,0.0652477905998946,,"{""launch_dow"":6,""launch_utc_hour"":23,""price_zscore_6h"":0.9649122807017544,""launch_local_hour"":23}",2026-02-16 00:16:22.80166+00,topup,
5406,aws,us-west-2,t3a.large,topup,min4_topup,60,meta_v3_ensemble_h1_hedge_persist,i-0e0f9eb0957a2862e,Censored (Stopped by Design),2026-02-15 23:16:14.757383+00,2026-02-16 00:16:30.081212+00,60.26,false,,1,0.0342,-0.0016,1,0.00779959314439483,,"{""launch_dow"":6,""launch_utc_hour"":23,""price_zscore_6h"":-0.8888888888888887,""launch_local_hour"":23}",2026-02-16 00:16:30.826615+00,topup,
5407,aws,us-west-2,t3a.large,topup,min4_topup,60,meta_v3_ensemble_h1_hedge_persist,i-0739cb2622c31cf34,Censored (Stopped by Design),2026-02-15 23:16:19.955673+00,2026-02-16 00:16:35.057177+00,60.25,false,,1,0.0342,-0.0016,1,0.00759529732816821,,"{""launch_dow"":6,""launch_utc_hour"":23,""price_zscore_6h"":-0.8888888888888887,""launch_local_hour"":23}",2026-02-16 00:16:35.731104+00,topup,
5432,aws,us-east-1,m6a.large,topup,min4_topup,60,meta_v3_ensemble_h1_hedge_persist,i-050ca06b0ad52e2fd,Censored (Stopped by Design),2026-02-16 00:18:29.496198+00,2026-02-16 01:18:42.221222+00,60.21,false,,1,0.0439,-0.0172,1,0.0082569960163004,,"{""launch_dow"":0,""launch_utc_hour"":0,""price_zscore_6h"":-0.9885057471264368,""launch_local_hour"":0}",2026-02-16 01:18:42.757007+00,topup,
5433,aws,us-east-1,m6a.large,topup,min4_topup,60,meta_v3_ensemble_h1_hedge_persist,i-03a11ab8ed4cdc650,Censored (Stopped by Design),2026-02-16 00:18:34.558897+00,2026-02-16 01:18:46.561225+00,60.2,false,,1,0.0439,-0.0172,1,0.00855875943585357,,"{""launch_dow"":0,""launch_utc_hour"":0,""price_zscore_6h"":-0.9885057471264368,""launch_local_hour"":0}",2026-02-16 01:18:47.072663+00,topup,
5434,aws,us-east-1,m6a.large,topup,min4_topup,60,meta_v3_ensemble_h1_hedge_persist,i-04d107fa6e12d9805,Censored (Stopped by Design),2026-02-16 00:18:39.464422+00,2026-02-16 01:18:51.961215+00,60.21,false,,1,0.0439,-0.0172,1,0.0080622135841818,,"{""launch_dow"":0,""launch_utc_hour"":0,""price_zscore_6h"":-0.9885057471264368,""launch_local_hour"":0}",2026-02-16 01:18:52.570633+00,topup,
5435,aws,us-east-1,m6a.large,topup,min4_topup,60,meta_v3_ensemble_h1_hedge_persist,i-08dcecc63c4966d44,Censored (Stopped by Design),2026-02-16 00:18:44.587501+00,2026-02-16 01:18:53.711226+00,60.15,false,,1,0.0439,-0.0172,1,0.00844541502087207,,"{""launch_dow"":0,""launch_utc_hour"":0,""price_zscore_6h"":-0.9885057471264368,""launch_local_hour"":0}",2026-02-16 01:18:54.296883+00,topup,
5436,aws,us-east-1,c6i.large,topup,min4_topup,60,meta_v3_ensemble_h1_hedge_persist,i-026d5e4ab386967e7,Censored (Stopped by Design),2026-02-16 00:18:46.507656+00,2026-02-16 01:18:55.211221+00,60.15,false,,1,0.0405,0.000600000000000003,1,0.0628317157679309,,"{""launch_dow"":0,""launch_utc_hour"":0,""price_zscore_6h"":0.750000000000001,""launch_local_hour"":0}",2026-02-16 01:18:55.661184+00,topup,
5437,aws,us-east-1,c6i.large,topup,min4_topup,60,meta_v3_ensemble_h1_hedge_persist,i-0f2c3eb37f51067bd,Censored (Stopped by Design),2026-02-16 00:18:48.47706+00,2026-02-16 01:18:57.30229+00,60.15,false,,1,0.0405,0.000600000000000003,1,0.0674411580631222,,"{""launch_dow"":0,""launch_utc_hour"":0,""price_zscore_6h"":0.750000000000001,""launch_local_hour"":0}",2026-02-16 01:18:57.792005+00,topup,
5438,aws,us-east-1,c6i.large,topup,min4_topup,60,meta_v3_ensemble_h1_hedge_persist,i-0b34c6408a517b526,Censored (Stopped by Design),2026-02-16 00:18:50.274938+00,2026-02-16 01:19:02.872565+00,60.21,false,,1,0.0405,0.000600000000000003,1,0.0682733589429594,,"{""launch_dow"":0,""launch_utc_hour"":0,""price_zscore_6h"":0.750000000000001,""launch_local_hour"":0}",2026-02-16 01:19:03.499673+00,topup,
5439,aws,us-east-1,c6i.large,topup,min4_topup,60,meta_v3_ensemble_h1_hedge_persist,i-02673816c415aaae9,Censored (Stopped by Design),2026-02-16 00:18:55.156775+00,2026-02-16 01:19:04.041225+00,60.15,false,,1,0.0405,0.000600000000000003,1,0.0645074618655805,,"{""launch_dow"":0,""launch_utc_hour"":0,""price_zscore_6h"":0.750000000000001,""launch_local_hour"":0}",2026-02-16 01:19:04.538287+00,topup,
5464,aws,us-east-1,m6a.large,topup,min4_topup,60,meta_v3_ensemble_h1_hedge_persist,i-0143cc68254d399b9,Censored (Stopped by Design),2026-02-16 01:20:48.58389+00,2026-02-16 02:21:00.991218+00,60.21,false,,1,0.0421,-0.0018,1,0.0083610915751731,,"{""launch_dow"":0,""launch_utc_hour"":1,""price_zscore_6h"":-0.9000000000000001,""launch_local_hour"":1}",2026-02-16 02:21:01.606558+00,topup,
5465,aws,us-east-1,m6a.large,topup,min4_topup,60,meta_v3_ensemble_h1_hedge_persist,i-0c755cb47dada183f,Censored (Stopped by Design),2026-02-16 01:20:53.561995+00,2026-02-16 02:21:06.871238+00,60.22,false,,1,0.0421,-0.0018,1,0.00852500284038293,,"{""launch_dow"":0,""launch_utc_hour"":1,""price_zscore_6h"":-0.9000000000000001,""launch_local_hour"":1}",2026-02-16 02:21:07.675675+00,topup,
5466,aws,us-east-1,m6a.large,topup,min4_topup,60,meta_v3_ensemble_h1_hedge_persist,i-07b976bd2a75c1f5b,Censored (Stopped by Design),2026-02-16 01:20:58.504993+00,2026-02-16 02:21:11.060177+00,60.21,false,,1,0.0421,-0.0018,1,0.00798349678139727,,"{""launch_dow"":0,""launch_utc_hour"":1,""price_zscore_6h"":-0.9000000000000001,""launch_local_hour"":1}",2026-02-16 02:21:11.715879+00,topup,
5467,aws,us-east-1,m6a.large,topup,min4_topup,60,meta_v3_ensemble_h1_hedge_persist,i-06c2778329579e91d,Censored (Stopped by Design),2026-02-16 01:21:03.533751+00,2026-02-16 02:21:15.49121+00,60.2,false,,1,0.0421,-0.0018,1,0.00686869813674255,,"{""launch_dow"":0,""launch_utc_hour"":1,""price_zscore_6h"":-0.9000000000000001,""launch_local_hour"":1}",2026-02-16 02:21:16.079696+00,topup,
5468,aws,us-east-1,c6i.large,topup,min4_topup,60,meta_v3_ensemble_h1_hedge_persist,i-001b6c64a0e9db8fa,Censored (Stopped by Design),2026-02-16 01:21:08.385018+00,2026-02-16 02:21:17.1512+00,60.15,false,,1,0.0346,-0.0059,1,0.061648581152728,,"{""launch_dow"":0,""launch_utc_hour"":1,""price_zscore_6h"":-0.9672131147540984,""launch_local_hour"":1}",2026-02-16 02:21:17.69239+00,topup,
5469,aws,us-east-1,c6i.large,topup,min4_topup,60,meta_v3_ensemble_h1_hedge_persist,i-0bf2438e18e3ae1c1,Censored (Stopped by Design),2026-02-16 01:21:10.184131+00,2026-02-16 02:21:19.341213+00,60.15,false,,1,0.0346,-0.0059,1,0.0608874338519257,,"{""launch_dow"":0,""launch_utc_hour"":1,""price_zscore_6h"":-0.9672131147540984,""launch_local_hour"":1}",2026-02-16 02:21:19.897077+00,topup,
5494,aws,us-east-1,m6a.large,topup,min4_topup,60,meta_v3_ensemble_h1_hedge_persist,i-0d08529009642b7af,Censored (Stopped by Design),2026-02-16 02:22:59.631926+00,2026-02-16 03:23:12.351223+00,60.21,false,,1,0.0421,-0.0018,1,0.00923535366607231,,"{""launch_dow"":0,""launch_utc_hour"":2,""price_zscore_6h"":-0.9000000000000001,""launch_local_hour"":2}",2026-02-16 03:23:12.932526+00,topup,
5495,aws,us-east-1,m6a.large,topup,min4_topup,60,meta_v3_ensemble_h1_hedge_persist,i-059c5d69a95f90783,Censored (Stopped by Design),2026-02-16 02:23:04.565017+00,2026-02-16 03:23:16.829807+00,60.2,false,,1,0.0421,-0.0018,1,0.00941394557098395,,"{""launch_dow"":0,""launch_utc_hour"":2,""price_zscore_6h"":-0.9000000000000001,""launch_local_hour"":2}",2026-02-16 03:23:17.367507+00,topup,
5496,aws,us-east-1,m6a.large,topup,min4_topup,60,meta_v3_ensemble_h1_hedge_persist,i-0ae7e43c078d965e5,Censored (Stopped by Design),2026-02-16 02:23:09.597482+00,2026-02-16 03:23:21.730302+00,60.2,false,,1,0.0421,-0.0018,1,0.00989001302751147,,"{""launch_dow"":0,""launch_utc_hour"":2,""price_zscore_6h"":-0.9000000000000001,""launch_local_hour"":2}",2026-02-16 03:23:22.259896+00,topup,
5497,aws,us-east-1,m6a.large,topup,min4_topup,60,meta_v3_ensemble_h1_hedge_persist,i-0b6ab5747a2ea483d,Censored (Stopped by Design),2026-02-16 02:23:14.629103+00,2026-02-16 03:23:26.771181+00,60.2,false,,1,0.0421,-0.0018,1,0.0097119560040643,,"{""launch_dow"":0,""launch_utc_hour"":2,""price_zscore_6h"":-0.9000000000000001,""launch_local_hour"":2}",2026-02-16 03:23:27.362538+00,topup,
5498,aws,us-west-2,t3a.large,topup,min4_topup,60,meta_v3_ensemble_h1_hedge_persist,i-0b3f76c27e93597b4,Censored (Stopped by Design),2026-02-16 02:23:19.915027+00,2026-02-16 03:23:35.34121+00,60.26,false,,1,0.0282,-0.006,1,0.0078678936326903,,"{""launch_dow"":0,""launch_utc_hour"":2,""price_zscore_6h"":-0.967741935483871,""launch_local_hour"":2}",2026-02-16 03:23:36.044742+00,topup,
5523,aws,us-east-1,m6a.large,topup,min4_topup,60,meta_v3_ensemble_h1_hedge_persist,i-0ebb59b2d97ba5922,Censored (Stopped by Design),2026-02-16 03:25:19.663991+00,2026-02-16 04:25:31.871197+00,60.2,false,,1,0.0421,-0.0018,1,0.00906775583946818,,"{""launch_dow"":0,""launch_utc_hour"":3,""price_zscore_6h"":-0.9000000000000001,""launch_local_hour"":3}",2026-02-16 04:25:32.481851+00,topup,
5524,aws,us-east-1,m6a.large,topup,min4_topup,60,meta_v3_ensemble_h1_hedge_persist,i-02402198249364f8d,Censored (Stopped by Design),2026-02-16 03:25:24.56233+00,2026-02-16 04:25:36.981213+00,60.21,false,,1,0.0421,-0.0018,1,0.00716509648041783,,"{""launch_dow"":0,""launch_utc_hour"":3,""price_zscore_6h"":-0.9000000000000001,""launch_local_hour"":3}",2026-02-16 04:25:37.525945+00,topup,
5525,aws,us-east-1,m6a.large,topup,min4_topup,60,meta_v3_ensemble_h1_hedge_persist,i-02f874e6be7d805fd,Censored (Stopped by Design),2026-02-16 03:25:29.592822+00,2026-02-16 04:25:41.301213+00,60.2,false,,1,0.0421,-0.0018,1,0.00956786133593906,,"{""launch_dow"":0,""launch_utc_hour"":3,""price_zscore_6h"":-0.9000000000000001,""launch_local_hour"":3}",2026-02-16 04:25:41.81882+00,topup,
5526,aws,us-east-1,m6a.large,topup,min4_topup,60,meta_v3_ensemble_h1_hedge_persist,i-0cb29f4c907f14b2a,Censored (Stopped by Design),2026-02-16 03:25:34.515005+00,2026-02-16 04:25:46.70122+00,60.2,false,,1,0.0421,-0.0018,1,0.00838389195434046,,"{""launch_dow"":0,""launch_utc_hour"":3,""price_zscore_6h"":-0.9000000000000001,""launch_local_hour"":3}",2026-02-16 04:25:47.219616+00,topup,
5527,aws,us-east-1,c6i.large,topup,min4_topup,60,meta_v3_ensemble_h1_hedge_persist,i-038d045109d273593,Censored (Stopped by Design),2026-02-16 03:25:39.503753+00,2026-02-16 04:25:48.545999+00,60.15,false,,1,0.0397,0.0051,1,0.0635612825184964,,"{""launch_dow"":0,""launch_utc_hour"":3,""price_zscore_6h"":0.9622641509433963,""launch_local_hour"":3}",2026-02-16 04:25:49.063322+00,topup,
5528,aws,us-east-1,c6i.large,topup,min4_topup,60,meta_v3_ensemble_h1_hedge_persist,i-0c3cbf614b4d9583a,Censored (Stopped by Design),2026-02-16 03:25:41.620406+00,2026-02-16 04:25:50.618134+00,60.15,false,,1,0.0397,0.0051,1,0.0644293697506031,,"{""launch_dow"":0,""launch_utc_hour"":3,""price_zscore_6h"":0.9622641509433963,""launch_local_hour"":3}",2026-02-16 04:25:51.061305+00,topup,
5529,aws,us-east-1,c6i.large,topup,min4_topup,60,meta_v3_ensemble_h1_hedge_persist,i-03437f218809dab31,Censored (Stopped by Design),2026-02-16 03:25:43.353053+00,2026-02-16 04:25:52.501204+00,60.15,false,,1,0.0397,0.0051,1,0.0650069036144408,,"{""launch_dow"":0,""launch_utc_hour"":3,""price_zscore_6h"":0.9622641509433963,""launch_local_hour"":3}",2026-02-16 04:25:53.004794+00,topup,
5530,aws,us-west-2,t3a.large,topup,min4_topup,60,meta_v3_ensemble_h1_hedge_persist,i-0fab6d0f79a3a3c82,Censored (Stopped by Design),2026-02-16 03:25:45.371423+00,2026-02-16 04:26:00.691194+00,60.26,false,,1,0.0347,-0.0013,1,0.00836271102080057,,"{""launch_dow"":0,""launch_utc_hour"":3,""price_zscore_6h"":-0.8666666666666663,""launch_local_hour"":3}",2026-02-16 04:26:01.266872+00,topup,
5555,aws,us-east-1,m6a.large,topup,min4_topup,60,meta_v3_ensemble_h1_hedge_persist,i-0593905920f850741,Censored (Stopped by Design),2026-02-16 04:27:45.370469+00,2026-02-16 05:27:57.821214+00,60.21,false,,1,0.0503,0.00609999999999999,1,0.00882335123929997,,"{""launch_dow"":0,""launch_utc_hour"":4,""price_zscore_6h"":0.9682539682539683,""launch_local_hour"":4}",2026-02-16 05:27:58.361455+00,topup,
5556,aws,us-east-1,m6a.large,topup,min4_topup,60,meta_v3_ensemble_h1_hedge_persist,i-0af9a9536e135d573,Censored (Stopped by Design),2026-02-16 04:27:50.38304+00,2026-02-16 05:28:03.00025+00,60.21,false,,1,0.0503,0.00609999999999999,1,0.00909083899419097,,"{""launch_dow"":0,""launch_utc_hour"":4,""price_zscore_6h"":0.9682539682539683,""launch_local_hour"":4}",2026-02-16 05:28:03.551299+00,topup,
5557,aws,us-east-1,m6a.large,topup,min4_topup,60,meta_v3_ensemble_h1_hedge_persist,i-08facd61be6d8dd22,Censored (Stopped by Design),2026-02-16 04:27:55.274453+00,2026-02-16 05:28:07.241243+00,60.2,false,,1,0.0503,0.00609999999999999,1,0.00891656540409669,,"{""launch_dow"":0,""launch_utc_hour"":4,""price_zscore_6h"":0.9682539682539683,""launch_local_hour"":4}",2026-02-16 05:28:07.973665+00,topup,
5558,aws,us-east-1,m6a.large,topup,min4_topup,60,meta_v3_ensemble_h1_hedge_persist,i-0a6bf0338513d2b8d,Censored (Stopped by Design),2026-02-16 04:28:00.177011+00,2026-02-16 05:28:12.216951+00,60.2,false,,1,0.0503,0.00609999999999999,1,0.00866753651557185,,"{""launch_dow"":0,""launch_utc_hour"":4,""price_zscore_6h"":0.9682539682539683,""launch_local_hour"":4}",2026-02-16 05:28:12.727014+00,topup,
5559,aws,us-east-1,c6i.large,topup,min4_topup,60,meta_v3_ensemble_h1_hedge_persist,i-0a3c2385f34e92e4d,Censored (Stopped by Design),2026-02-16 04:28:05.100533+00,2026-02-16 05:28:14.569596+00,60.16,false,,1,0.0384,-0.0013,1,0.0636369174829853,,"{""launch_dow"":0,""launch_utc_hour"":4,""price_zscore_6h"":-0.8666666666666668,""launch_local_hour"":4}",2026-02-16 05:28:15.073672+00,topup,
5560,aws,us-east-1,c6i.large,topup,min4_topup,60,meta_v3_ensemble_h1_hedge_persist,i-01924adf30759d997,Censored (Stopped by Design),2026-02-16 04:28:07.021346+00,2026-02-16 05:28:16.061207+00,60.15,false,,1,0.0384,-0.0013,1,0.0660971494625638,,"{""launch_dow"":0,""launch_utc_hour"":4,""price_zscore_6h"":-0.8666666666666668,""launch_local_hour"":4}",2026-02-16 05:28:16.538478+00,topup,
5561,aws,us-east-1,c6i.large,topup,min4_topup,60,meta_v3_ensemble_h1_hedge_persist,i-06ab12632cda48d92,Censored (Stopped by Design),2026-02-16 04:28:08.819117+00,2026-02-16 05:28:21.061208+00,60.2,false,,1,0.0384,-0.0013,1,0.0631431533810286,,"{""launch_dow"":0,""launch_utc_hour"":4,""price_zscore_6h"":-0.8666666666666668,""launch_local_hour"":4}",2026-02-16 05:28:21.563572+00,topup,
5562,aws,us-east-1,c6i.large,topup,min4_topup,60,meta_v3_ensemble_h1_hedge_persist,i-025967e5aa1330884,Censored (Stopped by Design),2026-02-16 04:28:13.676504+00,2026-02-16 05:28:22.302173+00,60.14,false,,1,0.0384,-0.0013,1,0.0630640987307752,,"{""launch_dow"":0,""launch_utc_hour"":4,""price_zscore_6h"":-0.8666666666666668,""launch_local_hour"":4}",2026-02-16 05:28:22.785737+00,topup,
5563,aws,us-west-2,c6i.large,topup,min4_topup,60,meta_v3_ensemble_h1_hedge_persist,i-072ac2505b628b713,Censored (Stopped by Design),2026-02-16 04:28:15.626921+00,2026-02-16 05:28:31.301198+00,60.26,false,,1,0.0421,0.0035,1,0.033866184636584,,"{""launch_dow"":0,""launch_utc_hour"":4,""price_zscore_6h"":0.9459459459459458,""launch_local_hour"":4}",2026-02-16 05:28:31.880618+00,topup,
5588,aws,us-east-1,m6a.large,topup,min4_topup,60,meta_v3_ensemble_h1_hedge_persist,i-0a1271cc8f6593c81,Censored (Stopped by Design),2026-02-16 05:30:12.523015+00,2026-02-16 06:30:24.551221+00,60.2,false,,1,0.0503,0.00609999999999999,1,0.0099559395356785,,"{""launch_dow"":0,""launch_utc_hour"":5,""price_zscore_6h"":0.9682539682539683,""launch_local_hour"":5}",2026-02-16 06:30:25.093936+00,topup,
5589,aws,us-east-1,m6a.large,topup,min4_topup,60,meta_v3_ensemble_h1_hedge_persist,i-087f09a36ee356eba,Censored (Stopped by Design),2026-02-16 05:30:17.552648+00,2026-02-16 06:30:29.781271+00,60.2,false,,1,0.0503,0.00609999999999999,1,0.00990682768045786,,"{""launch_dow"":0,""launch_utc_hour"":5,""price_zscore_6h"":0.9682539682539683,""launch_local_hour"":5}",2026-02-16 06:30:30.298136+00,topup,
5590,aws,us-east-1,c6i.large,topup,min4_topup,60,meta_v3_ensemble_h1_hedge_persist,i-037abb15b9c69376f,Censored (Stopped by Design),2026-02-16 05:30:22.462155+00,2026-02-16 06:30:31.592232+00,60.15,false,,1,0.0404,0.002,1,0.0630211267965573,,"{""launch_dow"":0,""launch_utc_hour"":5,""price_zscore_6h"":0.9090909090909092,""launch_local_hour"":5}",2026-02-16 06:30:32.062838+00,topup,
5591,aws,us-east-1,c6i.large,topup,min4_topup,60,meta_v3_ensemble_h1_hedge_persist,i-0594ee2f8c5b22c1f,Censored (Stopped by Design),2026-02-16 05:30:24.258565+00,2026-02-16 06:30:33.141222+00,60.15,false,,1,0.0404,0.002,1,0.0624110187482502,,"{""launch_dow"":0,""launch_utc_hour"":5,""price_zscore_6h"":0.9090909090909092,""launch_local_hour"":5}",2026-02-16 06:30:33.589637+00,topup,
5592,aws,us-east-1,c6i.large,topup,min4_topup,60,meta_v3_ensemble_h1_hedge_persist,i-0af8d957a835d92c4,Censored (Stopped by Design),2026-02-16 05:30:26.250181+00,2026-02-16 06:30:35.003816+00,60.15,false,,1,0.0404,0.002,1,0.0655849059981161,,"{""launch_dow"":0,""launch_utc_hour"":5,""price_zscore_6h"":0.9090909090909092,""launch_local_hour"":5}",2026-02-16 06:30:35.479309+00,topup,
5593,aws,us-east-1,c6i.large,topup,min4_topup,60,meta_v3_ensemble_h1_hedge_persist,i-0731d2ab9f6cf409c,Censored (Stopped by Design),2026-02-16 05:30:27.982737+00,2026-02-16 06:30:36.861219+00,60.15,false,,1,0.0404,0.002,1,0.0618971459418211,,"{""launch_dow"":0,""launch_utc_hour"":5,""price_zscore_6h"":0.9090909090909092,""launch_local_hour"":5}",2026-02-16 06:30:37.392125+00,topup,
5594,aws,us-west-2,t3a.large,topup,min4_topup,60,meta_v3_ensemble_h1_hedge_persist,i-077b37d123e547c2f,Censored (Stopped by Design),2026-02-16 05:30:29.975498+00,2026-02-16 06:30:45.076327+00,60.25,false,,1,0.0339,-0.000800000000000002,1,0.00767986995889161,,"{""launch_dow"":0,""launch_utc_hour"":5,""price_zscore_6h"":-0.8000000000000004,""launch_local_hour"":5}",2026-02-16 06:30:45.896531+00,topup,
5619,aws,us-east-1,m6a.large,topup,min4_topup,60,meta_v3_ensemble_h1_hedge_persist,i-0586f273da5692edc,Censored (Stopped by Design),2026-02-16 06:32:57.683903+00,2026-02-16 07:33:10.190688+00,60.21,false,,1,0.0437,-0.00659999999999999,1,0.00835004689658787,,"{""launch_dow"":0,""launch_utc_hour"":6,""price_zscore_6h"":-0.9705882352941176,""launch_local_hour"":6}",2026-02-16 07:33:10.907718+00,topup,
5620,aws,us-west-2,t3a.large,topup,min4_topup,60,meta_v3_ensemble_h1_hedge_persist,i-0f8c57b16f9f5dbfa,Censored (Stopped by Design),2026-02-16 06:33:02.739202+00,2026-02-16 07:33:18.291213+00,60.26,false,,1,0.028,-0.0059,1,0.00750942472584225,,"{""launch_dow"":0,""launch_utc_hour"":6,""price_zscore_6h"":-0.9672131147540984,""launch_local_hour"":6}",2026-02-16 07:33:19.015654+00,topup,
5621,aws,us-west-2,t3a.large,topup,min4_topup,60,meta_v3_ensemble_h1_hedge_persist,i-06412f130dc4ed6a2,Censored (Stopped by Design),2026-02-16 06:33:08.270643+00,2026-02-16 07:33:23.659002+00,60.26,false,,1,0.028,-0.0059,1,0.00877144361548741,,"{""launch_dow"":0,""launch_utc_hour"":6,""price_zscore_6h"":-0.9672131147540984,""launch_local_hour"":6}",2026-02-16 07:33:24.275976+00,topup,
5622,aws,us-west-2,t3a.large,topup,min4_topup,60,meta_v3_ensemble_h1_hedge_persist,i-09093583959ff947b,Censored (Stopped by Design),2026-02-16 06:33:13.572212+00,2026-02-16 07:33:28.511216+00,60.25,false,,1,0.028,-0.0059,1,0.00820777147633338,,"{""launch_dow"":0,""launch_utc_hour"":6,""price_zscore_6h"":-0.9672131147540984,""launch_local_hour"":6}",2026-02-16 07:33:29.1142+00,topup,
5623,aws,us-west-2,t3a.large,topup,min4_topup,60,meta_v3_ensemble_h1_hedge_persist,i-012d9d1b055e47aee,Censored (Stopped by Design),2026-02-16 06:33:18.754744+00,2026-02-16 07:33:30.636614+00,60.2,false,,1,0.028,-0.0059,1,0.00751648941192445,,"{""launch_dow"":0,""launch_utc_hour"":6,""price_zscore_6h"":-0.9672131147540984,""launch_local_hour"":6}",2026-02-16 07:33:31.322042+00,topup,
5624,aws,us-west-2,m6a.large,topup,min4_topup,60,meta_v3_ensemble_h1_hedge_persist,i-04a911cc0a6e41850,Censored (Stopped by Design),2026-02-16 06:33:21.025115+00,2026-02-16 07:33:32.679093+00,60.19,false,,1,0.0535,0.0055,1,0.00918433533628132,,"{""launch_dow"":0,""launch_utc_hour"":6,""price_zscore_6h"":0.9649122807017544,""launch_local_hour"":6}",2026-02-16 07:33:33.19373+00,topup,
5625,aws,us-west-2,m6a.large,topup,min4_topup,60,meta_v3_ensemble_h1_hedge_persist,i-0f913ddcf87b6f5c9,Censored (Stopped by Design),2026-02-16 06:33:23.041472+00,2026-02-16 07:33:34.941216+00,60.2,false,,1,0.0535,0.0055,1,0.0102742513969975,,"{""launch_dow"":0,""launch_utc_hour"":6,""price_zscore_6h"":0.9649122807017544,""launch_local_hour"":6}",2026-02-16 07:33:35.516052+00,topup,
5626,aws,us-west-2,m6a.large,topup,min4_topup,60,meta_v3_ensemble_h1_hedge_persist,i-076526bd9c8523005,Censored (Stopped by Design),2026-02-16 06:33:25.09523+00,2026-02-16 07:33:40.271205+00,60.25,false,,1,0.0535,0.0055,1,0.00930941926837296,,"{""launch_dow"":0,""launch_utc_hour"":6,""price_zscore_6h"":0.9649122807017544,""launch_local_hour"":6}",2026-02-16 07:33:41.027518+00,topup,
5627,aws,us-west-2,m6a.large,topup,min4_topup,60,meta_v3_ensemble_h1_hedge_persist,i-0d32fc8b546ae4d0a,Censored (Stopped by Design),2026-02-16 06:33:30.226254+00,2026-02-16 07:33:45.651219+00,60.26,false,,1,0.0535,0.0055,1,0.00832330167831941,,"{""launch_dow"":0,""launch_utc_hour"":6,""price_zscore_6h"":0.9649122807017544,""launch_local_hour"":6}",2026-02-16 07:33:46.267822+00,topup,
5652,aws,us-east-1,t3a.large,topup,min4_topup,60,meta_v3_ensemble_h1_hedge_persist,i-0098a57ca7a54c74f,Censored (Stopped by Design),2026-02-16 07:35:18.914409+00,2026-02-16 08:35:31.488184+00,60.21,false,,1,0.0259,-0.0018,1,0.0838758737810438,,"{""launch_dow"":0,""launch_utc_hour"":7,""price_zscore_6h"":-0.8999999999999999,""launch_local_hour"":7}",2026-02-16 08:35:32.003217+00,topup,
5653,aws,us-west-2,m6a.large,topup,min4_topup,60,meta_v3_ensemble_h1_hedge_persist,i-0c1251c6499d64d72,Censored (Stopped by Design),2026-02-16 07:35:24.065225+00,2026-02-16 08:35:36.270869+00,60.2,false,,1,0.0535,0.0055,1,0.00872043670521515,,"{""launch_dow"":0,""launch_utc_hour"":7,""price_zscore_6h"":0.9649122807017544,""launch_local_hour"":7}",2026-02-16 08:35:36.882552+00,topup,
5654,aws,us-west-2,m6a.large,topup,min4_topup,60,meta_v3_ensemble_h1_hedge_persist,i-00cbb861304b7ae67,Censored (Stopped by Design),2026-02-16 07:35:26.026329+00,2026-02-16 08:35:41.901213+00,60.26,false,,1,0.0535,0.0055,1,0.00930702295978637,,"{""launch_dow"":0,""launch_utc_hour"":7,""price_zscore_6h"":0.9649122807017544,""launch_local_hour"":7}",2026-02-16 08:35:42.473214+00,topup,
5655,aws,us-west-2,m6a.large,topup,min4_topup,60,meta_v3_ensemble_h1_hedge_persist,i-0786306eeee7ec9e1,Censored (Stopped by Design),2026-02-16 07:35:31.447108+00,2026-02-16 08:35:47.071185+00,60.26,false,,1,0.0535,0.0055,1,0.010222465029399,,"{""launch_dow"":0,""launch_utc_hour"":7,""price_zscore_6h"":0.9649122807017544,""launch_local_hour"":7}",2026-02-16 08:35:47.551631+00,topup,
5656,aws,us-west-2,m6a.large,topup,min4_topup,60,meta_v3_ensemble_h1_hedge_persist,i-081cd0cf7aefa3e3c,Censored (Stopped by Design),2026-02-16 07:35:36.699832+00,2026-02-16 08:35:53.985216+00,60.29,false,,1,0.0535,0.0055,1,0.00901842823533607,,"{""launch_dow"":0,""launch_utc_hour"":7,""price_zscore_6h"":0.9649122807017544,""launch_local_hour"":7}",2026-02-16 08:35:54.523988+00,topup,
5657,aws,us-west-2,c6i.large,topup,min4_topup,60,meta_v3_ensemble_h1_hedge_persist,i-0c337628b635f6e85,Censored (Stopped by Design),2026-02-16 07:35:41.974506+00,2026-02-16 08:35:57.920566+00,60.27,false,,1,0.0385,-0.0036,1,0.027293895694756,,"{""launch_dow"":0,""launch_utc_hour"":7,""price_zscore_6h"":-0.9473684210526315,""launch_local_hour"":7}",2026-02-16 08:35:58.593173+00,topup,
5658,aws,us-west-2,c6i.large,topup,min4_topup,60,meta_v3_ensemble_h1_hedge_persist,i-0743ed724ae0dd46b,Censored (Stopped by Design),2026-02-16 07:35:47.292872+00,2026-02-16 08:35:59.721893+00,60.21,false,,1,0.0385,-0.0036,1,0.0284169920404268,,"{""launch_dow"":0,""launch_utc_hour"":7,""price_zscore_6h"":-0.9473684210526315,""launch_local_hour"":7}",2026-02-16 08:36:00.340127+00,topup,
5659,aws,us-west-2,c6i.large,topup,min4_topup,60,meta_v3_ensemble_h1_hedge_persist,i-0a2c5f58a1453e062,Censored (Stopped by Design),2026-02-16 07:35:49.23809+00,2026-02-16 08:36:00.681219+00,60.19,false,,1,0.0385,-0.0036,1,0.0280958188349978,,"{""launch_dow"":0,""launch_utc_hour"":7,""price_zscore_6h"":-0.9473684210526315,""launch_local_hour"":7}",2026-02-16 08:36:01.24767+00,topup,
5660,aws,us-west-2,c6i.large,topup,min4_topup,60,meta_v3_ensemble_h1_hedge_persist,i-0f2292259ba931115,Censored (Stopped by Design),2026-02-16 07:35:51.215405+00,2026-02-16 08:36:06.41121+00,60.25,false,,1,0.0385,-0.0036,1,0.0273894141484565,,"{""launch_dow"":0,""launch_utc_hour"":7,""price_zscore_6h"":-0.9473684210526315,""launch_local_hour"":7}",2026-02-16 08:36:07.08514+00,topup,
5685,aws,us-east-1,t3a.large,topup,min4_topup,60,meta_v3_ensemble_h1_hedge_persist,i-008fc1fb8ad012a3e,Censored (Stopped by Design),2026-02-16 08:37:57.107649+00,2026-02-16 09:38:09.774478+00,60.21,false,,1,0.0371,0.0112,1,0.0847291769140871,,"{""launch_dow"":0,""launch_utc_hour"":8,""price_zscore_6h"":0.9824561403508771,""launch_local_hour"":8}",2026-02-16 09:38:10.331025+00,topup,
5686,aws,us-east-1,c6i.large,topup,min4_topup,60,meta_v3_ensemble_h1_hedge_persist,i-0ce772ee2f0c42b74,Censored (Stopped by Design),2026-02-16 08:38:02.048892+00,2026-02-16 09:38:14.031202+00,60.2,false,,1,0.0385,-0.0013,1,0.066952278976325,,"{""launch_dow"":0,""launch_utc_hour"":8,""price_zscore_6h"":-0.8666666666666668,""launch_local_hour"":8}",2026-02-16 09:38:14.511663+00,topup,
5687,aws,us-west-2,m6a.large,topup,min4_topup,60,meta_v3_ensemble_h1_hedge_persist,i-0dbefecf342beb993,Censored (Stopped by Design),2026-02-16 08:38:07.235103+00,2026-02-16 09:38:19.141222+00,60.2,false,,1,0.0535,0.0055,1,0.00917694183608168,,"{""launch_dow"":0,""launch_utc_hour"":8,""price_zscore_6h"":0.9649122807017544,""launch_local_hour"":8}",2026-02-16 09:38:19.781786+00,topup,
5688,aws,us-west-2,m6a.large,topup,min4_topup,60,meta_v3_ensemble_h1_hedge_persist,i-0cd1a9378fc1f1443,Censored (Stopped by Design),2026-02-16 08:38:09.364979+00,2026-02-16 09:38:22.141213+00,60.21,false,,1,0.0535,0.0055,1,0.00913197240488532,,"{""launch_dow"":0,""launch_utc_hour"":8,""price_zscore_6h"":0.9649122807017544,""launch_local_hour"":8}",2026-02-16 09:38:22.67998+00,topup,
5689,aws,us-west-2,c6i.large,topup,min4_topup,60,meta_v3_ensemble_h1_hedge_persist,i-097c7c5fbeeac5218,Censored (Stopped by Design),2026-02-16 08:38:11.403743+00,2026-02-16 09:38:23.161213+00,60.2,false,,1,0.0385,-0.0036,1,0.0273661139536504,,"{""launch_dow"":0,""launch_utc_hour"":8,""price_zscore_6h"":-0.9473684210526315,""launch_local_hour"":8}",2026-02-16 09:38:23.697207+00,topup,
5690,aws,us-west-2,c6i.large,topup,min4_topup,60,meta_v3_ensemble_h1_hedge_persist,i-08fefcf0fc859b2ba,Censored (Stopped by Design),2026-02-16 08:38:13.565611+00,2026-02-16 09:38:29.341215+00,60.26,false,,1,0.0385,-0.0036,1,0.027491285675895,,"{""launch_dow"":0,""launch_utc_hour"":8,""price_zscore_6h"":-0.9473684210526315,""launch_local_hour"":8}",2026-02-16 09:38:30.155089+00,topup,
5691,aws,us-west-2,c6i.large,topup,min4_topup,60,meta_v3_ensemble_h1_hedge_persist,i-02d9a4f411c755a32,Censored (Stopped by Design),2026-02-16 08:38:18.861963+00,2026-02-16 09:38:34.36135+00,60.26,false,,1,0.0385,-0.0036,1,0.0276319573427799,,"{""launch_dow"":0,""launch_utc_hour"":8,""price_zscore_6h"":-0.9473684210526315,""launch_local_hour"":8}",2026-02-16 09:38:35.104865+00,topup,
5692,aws,us-west-2,c6i.large,topup,min4_topup,60,meta_v3_ensemble_h1_hedge_persist,i-04e1e9e73a79e24c1,Censored (Stopped by Design),2026-02-16 08:38:24.251168+00,2026-02-16 09:38:36.286222+00,60.2,false,,1,0.0385,-0.0036,1,0.0286317631090701,,"{""launch_dow"":0,""launch_utc_hour"":8,""price_zscore_6h"":-0.9473684210526315,""launch_local_hour"":8}",2026-02-16 09:38:36.850005+00,topup,
5717,aws,us-east-1,t3a.large,topup,min4_topup,60,meta_v3_ensemble_h1_hedge_persist,i-027e80a8db76bca14,Censored (Stopped by Design),2026-02-16 09:40:09.624797+00,2026-02-16 10:40:22.039271+00,60.21,false,,1,0.0363,-0.000800000000000002,1,0.0858865899722263,,"{""launch_dow"":0,""launch_utc_hour"":9,""price_zscore_6h"":-0.8000000000000004,""launch_local_hour"":9}",2026-02-16 10:40:22.578569+00,topup,
5718,aws,us-east-1,t3a.large,topup,min4_topup,60,meta_v3_ensemble_h1_hedge_persist,i-01643a2cdf7a85cf0,Censored (Stopped by Design),2026-02-16 09:40:14.515371+00,2026-02-16 10:40:26.815219+00,60.2,false,,1,0.0363,-0.000800000000000002,1,0.0878104496561945,,"{""launch_dow"":0,""launch_utc_hour"":9,""price_zscore_6h"":-0.8000000000000004,""launch_local_hour"":9}",2026-02-16 10:40:27.343569+00,topup,
5719,aws,us-east-1,t3a.large,topup,min4_topup,60,meta_v3_ensemble_h1_hedge_persist,i-0643baf6f0c9b1265,Censored (Stopped by Design),2026-02-16 09:40:19.409323+00,2026-02-16 10:40:31.094239+00,60.19,false,,1,0.0363,-0.000800000000000002,1,0.0891293864610944,,"{""launch_dow"":0,""launch_utc_hour"":9,""price_zscore_6h"":-0.8000000000000004,""launch_local_hour"":9}",2026-02-16 10:40:31.602616+00,topup,
5720,aws,us-west-2,t3a.large,topup,min4_topup,60,meta_v3_ensemble_h1_hedge_persist,i-041065888ea993158,Censored (Stopped by Design),2026-02-16 09:40:24.394675+00,2026-02-16 10:40:39.42121+00,60.25,false,,1,0.028,-0.0059,1,0.00690972352596007,,"{""launch_dow"":0,""launch_utc_hour"":9,""price_zscore_6h"":-0.9672131147540984,""launch_local_hour"":9}",2026-02-16 10:40:40.589454+00,topup,
5721,aws,us-west-2,t3a.large,topup,min4_topup,60,meta_v3_ensemble_h1_hedge_persist,i-0fd4eb3f2a37e34a8,Censored (Stopped by Design),2026-02-16 09:40:29.689696+00,2026-02-16 10:40:45.206421+00,60.26,false,,1,0.028,-0.0059,1,0.00719191686888813,,"{""launch_dow"":0,""launch_utc_hour"":9,""price_zscore_6h"":-0.9672131147540984,""launch_local_hour"":9}",2026-02-16 10:40:46.064342+00,topup,
5722,aws,us-west-2,t3a.large,topup,min4_topup,60,meta_v3_ensemble_h1_hedge_persist,i-00624d2d89e85eaa7,Censored (Stopped by Design),2026-02-16 09:40:34.949901+00,2026-02-16 10:40:50.061209+00,60.25,false,,1,0.028,-0.0059,1,0.00715061612808761,,"{""launch_dow"":0,""launch_utc_hour"":9,""price_zscore_6h"":-0.9672131147540984,""launch_local_hour"":9}",2026-02-16 10:40:50.6853+00,topup,
5723,aws,us-west-2,t3a.large,topup,min4_topup,60,meta_v3_ensemble_h1_hedge_persist,i-0e37f6efee8f3b9c9,Censored (Stopped by Design),2026-02-16 09:40:40.178434+00,2026-02-16 10:40:55.361224+00,60.25,false,,1,0.028,-0.0059,1,0.00677909239096448,,"{""launch_dow"":0,""launch_utc_hour"":9,""price_zscore_6h"":-0.9672131147540984,""launch_local_hour"":9}",2026-02-16 10:40:56.01149+00,topup,
5724,aws,us-west-2,c6i.large,topup,min4_topup,60,meta_v3_ensemble_h1_hedge_persist,i-0ddb6e64b76040d49,Censored (Stopped by Design),2026-02-16 09:40:45.520286+00,2026-02-16 10:41:01.121228+00,60.26,false,,1,0.0385,-0.0036,1,0.0280299201489547,,"{""launch_dow"":0,""launch_utc_hour"":9,""price_zscore_6h"":-0.9473684210526315,""launch_local_hour"":9}",2026-02-16 10:41:01.872706+00,topup,
5725,aws,us-west-2,c6i.large,topup,min4_topup,60,meta_v3_ensemble_h1_hedge_persist,i-05533226ee7b2494f,Censored (Stopped by Design),2026-02-16 09:40:50.799377+00,2026-02-16 10:41:05.981207+00,60.25,false,,1,0.0385,-0.0036,1,0.0284554149001045,,"{""launch_dow"":0,""launch_utc_hour"":9,""price_zscore_6h"":-0.9473684210526315,""launch_local_hour"":9}",2026-02-16 10:41:06.620444+00,topup,
5726,aws,us-west-2,c6i.large,topup,min4_topup,60,meta_v3_ensemble_h1_hedge_persist,i-0e353829add6d0f07,Censored (Stopped by Design),2026-02-16 09:40:56.071457+00,2026-02-16 10:41:11.301281+00,60.25,false,,1,0.0385,-0.0036,1,0.0271094691509692,,"{""launch_dow"":0,""launch_utc_hour"":9,""price_zscore_6h"":-0.9473684210526315,""launch_local_hour"":9}",2026-02-16 10:41:12.443345+00,topup,
5727,aws,us-west-2,c6i.large,topup,min4_topup,60,meta_v3_ensemble_h1_hedge_persist,i-0618512843bbe116e,Censored (Stopped by Design),2026-02-16 09:41:01.3792+00,2026-02-16 10:41:16.700283+00,60.26,false,,1,0.0385,-0.0036,1,0.0282588777147891,,"{""launch_dow"":0,""launch_utc_hour"":9,""price_zscore_6h"":-0.9473684210526315,""launch_local_hour"":9}",2026-02-16 10:41:17.200587+00,topup,
5752,aws,us-east-1,t3a.large,topup,min4_topup,60,meta_v3_ensemble_h1_hedge_persist,i-05f3aca861bd187e0,Censored (Stopped by Design),2026-02-16 10:42:29.784154+00,2026-02-16 11:42:42.341206+00,60.21,false,,1,0.0363,-0.000800000000000002,1,0.0837261888714959,,"{""launch_dow"":0,""launch_utc_hour"":10,""price_zscore_6h"":-0.8000000000000004,""launch_local_hour"":10}",2026-02-16 11:42:42.962235+00,topup,
5753,aws,us-east-1,t3a.large,topup,min4_topup,60,meta_v3_ensemble_h1_hedge_persist,i-0f33d6332affabbb9,Censored (Stopped by Design),2026-02-16 10:42:34.787663+00,2026-02-16 11:42:47.431206+00,60.21,false,,1,0.0363,-0.000800000000000002,1,0.0868642576327533,,"{""launch_dow"":0,""launch_utc_hour"":10,""price_zscore_6h"":-0.8000000000000004,""launch_local_hour"":10}",2026-02-16 11:42:47.972536+00,topup,
5754,aws,us-east-1,t3a.large,topup,min4_topup,60,meta_v3_ensemble_h1_hedge_persist,i-0156614291a315e2f,Censored (Stopped by Design),2026-02-16 10:42:39.685838+00,2026-02-16 11:42:51.901215+00,60.2,false,,1,0.0363,-0.000800000000000002,1,0.0873350570120994,,"{""launch_dow"":0,""launch_utc_hour"":10,""price_zscore_6h"":-0.8000000000000004,""launch_local_hour"":10}",2026-02-16 11:42:52.40737+00,topup,
5755,aws,us-east-1,t3a.large,topup,min4_topup,60,meta_v3_ensemble_h1_hedge_persist,i-0e03fdfdba9d20d2c,Censored (Stopped by Design),2026-02-16 10:42:44.706882+00,2026-02-16 11:42:56.611214+00,60.2,false,,1,0.0363,-0.000800000000000002,1,0.0854940919579295,,"{""launch_dow"":0,""launch_utc_hour"":10,""price_zscore_6h"":-0.8000000000000004,""launch_local_hour"":10}",2026-02-16 11:42:57.169139+00,topup,
5756,aws,us-west-2,t3a.large,topup,min4_topup,60,meta_v3_ensemble_h1_hedge_persist,i-0f1a73535475f2f37,Censored (Stopped by Design),2026-02-16 10:42:50.008783+00,2026-02-16 11:43:05.795677+00,60.26,false,,1,0.0338,0.0058,1,0.00809311733652908,,"{""launch_dow"":0,""launch_utc_hour"":10,""price_zscore_6h"":0.9666666666666667,""launch_local_hour"":10}",2026-02-16 11:43:06.504115+00,topup,
5757,aws,us-west-2,t3a.large,topup,min4_topup,60,meta_v3_ensemble_h1_hedge_persist,i-0f216cc0c0ccc7ec1,Censored (Stopped by Design),2026-02-16 10:42:55.37089+00,2026-02-16 11:43:13.09121+00,60.3,false,,1,0.0338,0.0058,1,0.0081445540535255,,"{""launch_dow"":0,""launch_utc_hour"":10,""price_zscore_6h"":0.9666666666666667,""launch_local_hour"":10}",2026-02-16 11:43:13.572552+00,topup,
5758,aws,us-west-2,t3a.large,topup,min4_topup,60,meta_v3_ensemble_h1_hedge_persist,i-0abad55c5f36b0092,Censored (Stopped by Design),2026-02-16 10:43:00.623189+00,2026-02-16 11:43:15.791205+00,60.25,false,,1,0.0338,0.0058,1,0.00747825031154638,,"{""launch_dow"":0,""launch_utc_hour"":10,""price_zscore_6h"":0.9666666666666667,""launch_local_hour"":10}",2026-02-16 11:43:16.274076+00,topup,
5759,aws,us-west-2,t3a.large,topup,min4_topup,60,meta_v3_ensemble_h1_hedge_persist,i-064184e78cf28c225,Censored (Stopped by Design),2026-02-16 10:43:05.879042+00,2026-02-16 11:43:21.681216+00,60.26,false,,1,0.0338,0.0058,1,0.0071907532184105,,"{""launch_dow"":0,""launch_utc_hour"":10,""price_zscore_6h"":0.9666666666666667,""launch_local_hour"":10}",2026-02-16 11:43:22.275648+00,topup,
5760,aws,us-west-2,m6a.large,topup,min4_topup,60,meta_v3_ensemble_h1_hedge_persist,i-0d6f92b5168a2247a,Censored (Stopped by Design),2026-02-16 10:43:11.556208+00,2026-02-16 11:43:23.851205+00,60.2,false,,1,0.0479,-0.0159,1,0.00972115135470205,,"{""launch_dow"":0,""launch_utc_hour"":10,""price_zscore_6h"":-0.9875776397515529,""launch_local_hour"":10}",2026-02-16 11:43:24.341138+00,topup,
5761,aws,us-west-2,m6a.large,topup,min4_topup,60,meta_v3_ensemble_h1_hedge_persist,i-0e0c280b97b1e9890,Censored (Stopped by Design),2026-02-16 10:43:13.53536+00,2026-02-16 11:43:25.17122+00,60.19,false,,1,0.0479,-0.0159,1,0.00912238114431067,,"{""launch_dow"":0,""launch_utc_hour"":10,""price_zscore_6h"":-0.9875776397515529,""launch_local_hour"":10}",2026-02-16 11:43:25.73434+00,topup,
5762,aws,us-west-2,m6a.large,topup,min4_topup,60,meta_v3_ensemble_h1_hedge_persist,i-06be594475d9bf0b6,Censored (Stopped by Design),2026-02-16 10:43:15.648033+00,2026-02-16 11:43:31.411226+00,60.26,false,,1,0.0479,-0.0159,1,0.00914632417906291,,"{""launch_dow"":0,""launch_utc_hour"":10,""price_zscore_6h"":-0.9875776397515529,""launch_local_hour"":10}",2026-02-16 11:43:32.015151+00,topup,
5763,aws,us-west-2,m6a.large,topup,min4_topup,60,meta_v3_ensemble_h1_hedge_persist,i-034843072aea4585c,Censored (Stopped by Design),2026-02-16 10:43:20.906926+00,2026-02-16 11:43:35.988861+00,60.25,false,,1,0.0479,-0.0159,1,0.00853934052425498,,"{""launch_dow"":0,""launch_utc_hour"":10,""price_zscore_6h"":-0.9875776397515529,""launch_local_hour"":10}",2026-02-16 11:43:37.041238+00,topup,
5764,aws,us-west-2,c6i.large,topup,min4_topup,60,meta_v3_ensemble_h1_hedge_persist,i-017d1d87d6b2a2fe4,Censored (Stopped by Design),2026-02-16 10:43:26.134005+00,2026-02-16 11:43:37.611779+00,60.19,false,,1,0.0422,0.0037,1,0.0272368161506728,,"{""launch_dow"":0,""launch_utc_hour"":10,""price_zscore_6h"":0.9487179487179487,""launch_local_hour"":10}",2026-02-16 11:43:38.103478+00,topup,
5765,aws,us-west-2,c6i.large,topup,min4_topup,60,meta_v3_ensemble_h1_hedge_persist,i-0f25a70c2811b6fa7,Censored (Stopped by Design),2026-02-16 10:43:28.18009+00,2026-02-16 11:43:43.452082+00,60.25,false,,1,0.0422,0.0037,1,0.0264281768965881,,"{""launch_dow"":0,""launch_utc_hour"":10,""price_zscore_6h"":0.9487179487179487,""launch_local_hour"":10}",2026-02-16 11:43:44.189512+00,topup,
5766,aws,us-west-2,c6i.large,topup,min4_topup,60,meta_v3_ensemble_h1_hedge_persist,i-0a1df37415972e12b,Censored (Stopped by Design),2026-02-16 10:43:33.466908+00,2026-02-16 11:43:49.311208+00,60.26,false,,1,0.0422,0.0037,1,0.0267389682661327,,"{""launch_dow"":0,""launch_utc_hour"":10,""price_zscore_6h"":0.9487179487179487,""launch_local_hour"":10}",2026-02-16 11:43:49.820366+00,topup,
5767,aws,us-west-2,c6i.large,topup,min4_topup,60,meta_v3_ensemble_h1_hedge_persist,i-01cc7a46e0b9b1550,Censored (Stopped by Design),2026-02-16 10:43:38.830729+00,2026-02-16 11:43:50.835941+00,60.2,false,,1,0.0422,0.0037,1,0.0263915787874242,,"{""launch_dow"":0,""launch_utc_hour"":10,""price_zscore_6h"":0.9487179487179487,""launch_local_hour"":10}",2026-02-16 11:43:51.382467+00,topup,
5792,aws,us-east-1,t3a.large,topup,min4_topup,60,meta_v3_ensemble_h1_hedge_persist,i-0f2100d362ab1d091,Censored (Stopped by Design),2026-02-16 11:45:23.232207+00,2026-02-16 12:45:35.441208+00,60.2,false,,1,0.0331,0.0056,1,0.08799929063992,,"{""launch_dow"":0,""launch_utc_hour"":11,""price_zscore_6h"":0.9655172413793104,""launch_local_hour"":11}",2026-02-16 12:45:36.331276+00,topup,
5793,aws,us-east-1,t3a.large,topup,min4_topup,60,meta_v3_ensemble_h1_hedge_persist,i-02def6897ab969b2a,Censored (Stopped by Design),2026-02-16 11:45:28.234566+00,2026-02-16 12:45:40.213876+00,60.2,false,,1,0.0331,0.0056,1,0.0887803227258096,,"{""launch_dow"":0,""launch_utc_hour"":11,""price_zscore_6h"":0.9655172413793104,""launch_local_hour"":11}",2026-02-16 12:45:40.786253+00,topup,
5794,aws,us-east-1,t3a.large,topup,min4_topup,60,meta_v3_ensemble_h1_hedge_persist,i-0ac78e27a0e6e4fee,Censored (Stopped by Design),2026-02-16 11:45:33.118728+00,2026-02-16 12:45:45.521222+00,60.21,false,,1,0.0331,0.0056,1,0.0849753224285822,,"{""launch_dow"":0,""launch_utc_hour"":11,""price_zscore_6h"":0.9655172413793104,""launch_local_hour"":11}",2026-02-16 12:45:46.076662+00,topup,
5795,aws,us-east-1,t3a.large,topup,min4_topup,60,meta_v3_ensemble_h1_hedge_persist,i-0dcbca578e80b1661,Censored (Stopped by Design),2026-02-16 11:45:38.170379+00,2026-02-16 12:45:51.019141+00,60.21,false,,1,0.0331,0.0056,1,0.0878765143229439,,"{""launch_dow"":0,""launch_utc_hour"":11,""price_zscore_6h"":0.9655172413793104,""launch_local_hour"":11}",2026-02-16 12:45:51.586662+00,topup,
5796,aws,us-east-1,c6i.large,topup,min4_topup,60,meta_v3_ensemble_h1_hedge_persist,i-0b7d18394e59836b7,Censored (Stopped by Design),2026-02-16 11:45:43.076836+00,2026-02-16 12:45:55.381256+00,60.21,false,,1,0.0341,-0.000199999999999999,1,0.0589337914736824,,"{""launch_dow"":0,""launch_utc_hour"":11,""price_zscore_6h"":-0.4999999999999985,""launch_local_hour"":11}",2026-02-16 12:45:55.835158+00,topup,
5797,aws,us-east-1,c6i.large,topup,min4_topup,60,meta_v3_ensemble_h1_hedge_persist,i-058c2797e21af735f,Censored (Stopped by Design),2026-02-16 11:45:47.856155+00,2026-02-16 12:45:59.501272+00,60.19,false,,1,0.0341,-0.000199999999999999,1,0.0590216157477046,,"{""launch_dow"":0,""launch_utc_hour"":11,""price_zscore_6h"":-0.4999999999999985,""launch_local_hour"":11}",2026-02-16 12:45:59.96705+00,topup,
5798,aws,us-east-1,c6i.large,topup,min4_topup,60,meta_v3_ensemble_h1_hedge_persist,i-066ff61cc0ea52768,Censored (Stopped by Design),2026-02-16 11:45:52.837192+00,2026-02-16 12:46:02.281228+00,60.16,false,,1,0.0341,-0.000199999999999999,1,0.0609415002957104,,"{""launch_dow"":0,""launch_utc_hour"":11,""price_zscore_6h"":-0.4999999999999985,""launch_local_hour"":11}",2026-02-16 12:46:02.815533+00,topup,
5823,aws,us-east-1,m6a.large,topup,min4_topup,60,meta_v3_ensemble_h1_hedge_persist,i-06c0dc3dcb00cdc58,Censored (Stopped by Design),2026-02-16 12:47:48.783372+00,2026-02-16 13:48:01.248859+00,60.21,false,,1,0.0501,0.006,1,0.00690675360198776,,"{""launch_dow"":0,""launch_utc_hour"":12,""price_zscore_6h"":0.967741935483871,""launch_local_hour"":12}",2026-02-16 13:48:01.995555+00,topup,
5824,aws,us-east-1,m6a.large,topup,min4_topup,60,meta_v3_ensemble_h1_hedge_persist,i-02a4ee3c39c201833,Censored (Stopped by Design),2026-02-16 12:47:53.811588+00,2026-02-16 13:48:06.377405+00,60.21,false,,1,0.0501,0.006,1,0.00753550814237397,,"{""launch_dow"":0,""launch_utc_hour"":12,""price_zscore_6h"":0.967741935483871,""launch_local_hour"":12}",2026-02-16 13:48:06.989085+00,topup,
5825,aws,us-east-1,c6i.large,topup,min4_topup,60,meta_v3_ensemble_h1_hedge_persist,i-069460f1ed8bde7d9,Censored (Stopped by Design),2026-02-16 12:47:58.650792+00,2026-02-16 13:48:10.761204+00,60.2,false,,1,0.0341,-0.000199999999999999,1,0.0651762746335351,,"{""launch_dow"":0,""launch_utc_hour"":12,""price_zscore_6h"":-0.4999999999999985,""launch_local_hour"":12}",2026-02-16 13:48:11.299029+00,topup,
5826,aws,us-east-1,c6i.large,topup,min4_topup,60,meta_v3_ensemble_h1_hedge_persist,i-09cbf61c99692d6d1,Censored (Stopped by Design),2026-02-16 12:48:03.815484+00,2026-02-16 13:48:15.201205+00,60.19,false,,1,0.0341,-0.000199999999999999,1,0.0624571349688324,,"{""launch_dow"":0,""launch_utc_hour"":12,""price_zscore_6h"":-0.4999999999999985,""launch_local_hour"":12}",2026-02-16 13:48:15.774653+00,topup,
5827,aws,us-east-1,c6i.large,topup,min4_topup,60,meta_v3_ensemble_h1_hedge_persist,i-09c358eb1c7552901,Censored (Stopped by Design),2026-02-16 12:48:08.704084+00,2026-02-16 13:48:17.661203+00,60.15,false,,1,0.0341,-0.000199999999999999,1,0.0679004357124106,,"{""launch_dow"":0,""launch_utc_hour"":12,""price_zscore_6h"":-0.4999999999999985,""launch_local_hour"":12}",2026-02-16 13:48:18.203173+00,topup,
5828,aws,us-east-1,c6i.large,topup,min4_topup,60,meta_v3_ensemble_h1_hedge_persist,i-0c23d3ff0d691309d,Censored (Stopped by Design),2026-02-16 12:48:10.649797+00,2026-02-16 13:48:20.301202+00,60.16,false,,1,0.0341,-0.000199999999999999,1,0.0626010512823611,,"{""launch_dow"":0,""launch_utc_hour"":12,""price_zscore_6h"":-0.4999999999999985,""launch_local_hour"":12}",2026-02-16 13:48:20.86322+00,topup,
5829,aws,us-west-2,c6i.large,topup,min4_topup,60,meta_v3_ensemble_h1_hedge_persist,i-04c47356090494e46,Censored (Stopped by Design),2026-02-16 12:48:12.884619+00,2026-02-16 13:48:25.041215+00,60.2,false,,1,0.0413,-0.000899999999999998,1,0.0418400499530089,,"{""launch_dow"":0,""launch_utc_hour"":12,""price_zscore_6h"":-0.8181818181818178,""launch_local_hour"":12}",2026-02-16 13:48:25.646647+00,topup,
5830,aws,us-west-2,c6i.large,topup,min4_topup,60,meta_v3_ensemble_h1_hedge_persist,i-02559bb034d05344a,Censored (Stopped by Design),2026-02-16 12:48:14.882331+00,2026-02-16 13:48:26.86976+00,60.2,false,,1,0.0413,-0.000899999999999998,1,0.0421036961877,,"{""launch_dow"":0,""launch_utc_hour"":12,""price_zscore_6h"":-0.8181818181818178,""launch_local_hour"":12}",2026-02-16 13:48:27.440102+00,topup,
5831,aws,us-west-2,c6i.large,topup,min4_topup,60,meta_v3_ensemble_h1_hedge_persist,i-0df363cf120d3be90,Censored (Stopped by Design),2026-02-16 12:48:16.861389+00,2026-02-16 13:48:28.785841+00,60.2,false,,1,0.0413,-0.000899999999999998,1,0.0427225398468652,,"{""launch_dow"":0,""launch_utc_hour"":12,""price_zscore_6h"":-0.8181818181818178,""launch_local_hour"":12}",2026-02-16 13:48:29.381701+00,topup,
5832,aws,us-west-2,c6i.large,topup,min4_topup,60,meta_v3_ensemble_h1_hedge_persist,i-03c1a606feffcb42d,Censored (Stopped by Design),2026-02-16 12:48:18.86175+00,2026-02-16 13:48:34.221204+00,60.26,false,,1,0.0413,-0.000899999999999998,1,0.0406286608621551,,"{""launch_dow"":0,""launch_utc_hour"":12,""price_zscore_6h"":-0.8181818181818178,""launch_local_hour"":12}",2026-02-16 13:48:35.525374+00,topup,
5833,aws,us-west-2,c6i.large,topup,min4_topup,60,meta_v3_ensemble_h1_hedge_persist,i-0d5519a0e59fd0c76,Interrupted,2026-02-16 13:50:21.855207+00,2026-02-16 14:31:30.170607+00,41.14,true,1,0,0.0413,-0.000899999999999998,1,0.0412336144871557,,"{""launch_dow"":0,""launch_utc_hour"":13,""price_zscore_6h"":-0.8181818181818178,""launch_local_hour"":13}",2026-02-16 14:31:30.994653+00,topup,
5858,aws,us-west-2,t3a.large,topup,min4_topup,60,meta_v3_ensemble_h1_hedge_persist,i-07bdb7fa920b0bf12,Censored (Stopped by Design),2026-02-16 13:49:53.171472+00,2026-02-16 14:50:08.901204+00,60.26,false,,1,0.0338,0.0058,1,0.00734800105521825,,"{""launch_dow"":0,""launch_utc_hour"":13,""price_zscore_6h"":0.9666666666666667,""launch_local_hour"":13}",2026-02-16 14:50:09.514833+00,topup,
5859,aws,us-west-2,t3a.large,topup,min4_topup,60,meta_v3_ensemble_h1_hedge_persist,i-042dd728cd279b996,Censored (Stopped by Design),2026-02-16 13:49:58.370523+00,2026-02-16 14:50:13.76626+00,60.26,false,,1,0.0338,0.0058,1,0.00703922616879115,,"{""launch_dow"":0,""launch_utc_hour"":13,""price_zscore_6h"":0.9666666666666667,""launch_local_hour"":13}",2026-02-16 14:50:14.3419+00,topup,
5860,aws,us-west-2,t3a.large,topup,min4_topup,60,meta_v3_ensemble_h1_hedge_persist,i-048ef9a040dbb117c,Censored (Stopped by Design),2026-02-16 13:50:03.854456+00,2026-02-16 14:50:18.96121+00,60.25,false,,1,0.0338,0.0058,1,0.00669536094793792,,"{""launch_dow"":0,""launch_utc_hour"":13,""price_zscore_6h"":0.9666666666666667,""launch_local_hour"":13}",2026-02-16 14:50:19.516876+00,topup,
5861,aws,us-west-2,t3a.large,topup,min4_topup,60,meta_v3_ensemble_h1_hedge_persist,i-005895e01a3ad0ed4,Censored (Stopped by Design),2026-02-16 13:50:09.212058+00,2026-02-16 14:50:24.5812+00,60.26,false,,1,0.0338,0.0058,1,0.00666113635532443,,"{""launch_dow"":0,""launch_utc_hour"":13,""price_zscore_6h"":0.9666666666666667,""launch_local_hour"":13}",2026-02-16 14:50:25.226577+00,topup,
5862,aws,us-west-2,c6i.large,topup,min4_topup,60,meta_v3_ensemble_h1_hedge_persist,i-01ed4c6b42abfccb9,Censored (Stopped by Design),2026-02-16 13:50:14.577048+00,2026-02-16 14:50:26.46127+00,60.2,false,,1,0.0413,-0.000899999999999998,1,0.0418506611046721,,"{""launch_dow"":0,""launch_utc_hour"":13,""price_zscore_6h"":-0.8181818181818178,""launch_local_hour"":13}",2026-02-16 14:50:27.052462+00,topup,
5863,aws,us-west-2,c6i.large,topup,min4_topup,60,meta_v3_ensemble_h1_hedge_persist,i-0e1adf81924a0c84e,Censored (Stopped by Design),2026-02-16 13:50:16.584927+00,2026-02-16 14:50:32.043762+00,60.26,false,,1,0.0413,-0.000899999999999998,1,0.041376039577337,,"{""launch_dow"":0,""launch_utc_hour"":13,""price_zscore_6h"":-0.8181818181818178,""launch_local_hour"":13}",2026-02-16 14:50:32.729321+00,topup,
5864,aws,us-west-2,c6i.large,topup,min4_topup,60,meta_v3_ensemble_h1_hedge_persist,i-0d8324831ae962cfa,Censored (Stopped by Design),2026-02-16 13:50:23.941957+00,2026-02-16 14:50:35.791211+00,60.2,false,,1,0.0413,-0.000899999999999998,1,0.0415449136332703,,"{""launch_dow"":0,""launch_utc_hour"":13,""price_zscore_6h"":-0.8181818181818178,""launch_local_hour"":13}",2026-02-16 14:50:36.429481+00,topup,
5889,aws,us-east-1,c6i.large,topup,min4_topup,60,meta_v3_ensemble_h1_hedge_persist,i-0489b6b1881cfdbbf,Censored (Stopped by Design),2026-02-16 14:51:59.92317+00,2026-02-16 15:52:12.641205+00,60.21,false,,1,0.0386,-0.0017,1,0.0625935592142275,,"{""launch_dow"":0,""launch_utc_hour"":14,""price_zscore_6h"":-0.8947368421052632,""launch_local_hour"":14}",2026-02-16 15:52:13.139172+00,topup,
5890,aws,us-east-1,c6i.large,topup,min4_topup,60,meta_v3_ensemble_h1_hedge_persist,i-037b3bc65bb5793ae,Censored (Stopped by Design),2026-02-16 14:52:04.825508+00,2026-02-16 15:52:13.901219+00,60.15,false,,1,0.0386,-0.0017,1,0.0597087045340709,,"{""launch_dow"":0,""launch_utc_hour"":14,""price_zscore_6h"":-0.8947368421052632,""launch_local_hour"":14}",2026-02-16 15:52:14.486654+00,topup,
5891,aws,us-west-2,t3a.large,topup,min4_topup,60,meta_v3_ensemble_h1_hedge_persist,i-0a0cc8a5e9fed429f,Censored (Stopped by Design),2026-02-16 14:52:06.900669+00,2026-02-16 15:52:21.941217+00,60.25,false,,1,0.0279,-0.0059,1,0.00723426302723043,,"{""launch_dow"":0,""launch_utc_hour"":14,""price_zscore_6h"":-0.9672131147540984,""launch_local_hour"":14}",2026-02-16 15:52:22.49418+00,topup,
5892,aws,us-west-2,t3a.large,topup,min4_topup,60,meta_v3_ensemble_h1_hedge_persist,i-0c0e6fda0410ba4f4,Censored (Stopped by Design),2026-02-16 14:52:12.243607+00,2026-02-16 15:52:27.411209+00,60.25,false,,1,0.0279,-0.0059,1,0.00826974605510216,,"{""launch_dow"":0,""launch_utc_hour"":14,""price_zscore_6h"":-0.9672131147540984,""launch_local_hour"":14}",2026-02-16 15:52:27.996227+00,topup,
5893,aws,us-west-2,t3a.large,topup,min4_topup,60,meta_v3_ensemble_h1_hedge_persist,i-0757f678f5eb8b60a,Censored (Stopped by Design),2026-02-16 14:52:17.434386+00,2026-02-16 15:52:32.847426+00,60.26,false,,1,0.0279,-0.0059,1,0.00872324089022092,,"{""launch_dow"":0,""launch_utc_hour"":14,""price_zscore_6h"":-0.9672131147540984,""launch_local_hour"":14}",2026-02-16 15:52:33.467923+00,topup,
5894,aws,us-west-2,t3a.large,topup,min4_topup,60,meta_v3_ensemble_h1_hedge_persist,i-062d5c234c956de76,Censored (Stopped by Design),2026-02-16 14:52:22.812709+00,2026-02-16 15:52:38.161211+00,60.26,false,,1,0.0279,-0.0059,1,0.00772586676142228,,"{""launch_dow"":0,""launch_utc_hour"":14,""price_zscore_6h"":-0.9672131147540984,""launch_local_hour"":14}",2026-02-16 15:52:38.742509+00,topup,
5895,aws,us-west-2,c6i.large,topup,min4_topup,60,meta_v3_ensemble_h1_hedge_persist,i-0e278133c0423c118,Censored (Stopped by Design),2026-02-16 14:52:27.970424+00,2026-02-16 15:52:43.201212+00,60.25,false,,1,0.0413,-0.000899999999999998,1,0.0519900556164294,,"{""launch_dow"":0,""launch_utc_hour"":14,""price_zscore_6h"":-0.8181818181818178,""launch_local_hour"":14}",2026-02-16 15:52:43.77752+00,topup,
5896,aws,us-west-2,c6i.large,topup,min4_topup,60,meta_v3_ensemble_h1_hedge_persist,i-0a6d05e1f3de5cd46,Censored (Stopped by Design),2026-02-16 14:52:33.265423+00,2026-02-16 15:52:48.961243+00,60.26,false,,1,0.0413,-0.000899999999999998,1,0.049885335946477,,"{""launch_dow"":0,""launch_utc_hour"":14,""price_zscore_6h"":-0.8181818181818178,""launch_local_hour"":14}",2026-02-16 15:52:49.827223+00,topup,
5897,aws,us-west-2,c6i.large,topup,min4_topup,60,meta_v3_ensemble_h1_hedge_persist,i-0be84d81d591e3e9b,Censored (Stopped by Design),2026-02-16 14:52:38.604489+00,2026-02-16 15:52:53.711217+00,60.25,false,,1,0.0413,-0.000899999999999998,1,0.0490954967632349,,"{""launch_dow"":0,""launch_utc_hour"":14,""price_zscore_6h"":-0.8181818181818178,""launch_local_hour"":14}",2026-02-16 15:52:54.210045+00,topup,
5898,aws,us-west-2,c6i.large,topup,min4_topup,60,meta_v3_ensemble_h1_hedge_persist,i-0fff95675960ee0c5,Censored (Stopped by Design),2026-02-16 14:52:43.888703+00,2026-02-16 15:52:58.909903+00,60.25,false,,1,0.0413,-0.000899999999999998,1,0.0507548997447079,,"{""launch_dow"":0,""launch_utc_hour"":14,""price_zscore_6h"":-0.8181818181818178,""launch_local_hour"":14}",2026-02-16 15:52:59.471714+00,topup,
5899,aws,us-west-2,c6i.large,topup,min4_topup,60,meta_v3_ensemble_h1_hedge_persist,i-05cc6c8d796287229,Interrupted,2026-02-16 15:55:07.99014+00,2026-02-16 16:45:22.152636+00,50.24,true,1,0,0.0423,0.0067,1,0.0502143908879907,,"{""launch_dow"":0,""launch_utc_hour"":15,""price_zscore_6h"":0.9710144927536233,""launch_local_hour"":15}",2026-02-16 16:45:23.391109+00,topup,
5924,aws,us-east-1,t3a.large,topup,min4_topup,60,meta_v3_ensemble_h1_hedge_persist,i-0abf262627bbae22e,Censored (Stopped by Design),2026-02-16 15:54:29.170914+00,2026-02-16 16:54:37.86121+00,60.14,false,,1,0.037,0.0114,1,0.245106240059435,,"{""launch_dow"":0,""launch_utc_hour"":15,""price_zscore_6h"":0.9827586206896551,""launch_local_hour"":15}",2026-02-16 16:54:38.494125+00,topup,
5925,aws,us-east-1,t3a.large,topup,min4_topup,60,meta_v3_ensemble_h1_hedge_persist,i-0253589e06e59f1ff,Censored (Stopped by Design),2026-02-16 15:54:31.192924+00,2026-02-16 16:54:40.581234+00,60.16,false,,1,0.037,0.0114,1,0.239038788029468,,"{""launch_dow"":0,""launch_utc_hour"":15,""price_zscore_6h"":0.9827586206896551,""launch_local_hour"":15}",2026-02-16 16:54:41.083298+00,topup,
5926,aws,us-east-1,t3a.large,topup,min4_topup,60,meta_v3_ensemble_h1_hedge_persist,i-081dbf024125dde0d,Censored (Stopped by Design),2026-02-16 15:54:33.010374+00,2026-02-16 16:54:42.221222+00,60.15,false,,1,0.037,0.0114,1,0.241103806693861,,"{""launch_dow"":0,""launch_utc_hour"":15,""price_zscore_6h"":0.9827586206896551,""launch_local_hour"":15}",2026-02-16 16:54:42.753474+00,topup,
5927,aws,us-east-1,t3a.large,topup,min4_topup,60,meta_v3_ensemble_h1_hedge_persist,i-07d03cdb6ec36daab,Censored (Stopped by Design),2026-02-16 15:54:34.816978+00,2026-02-16 16:54:43.907876+00,60.15,false,,1,0.037,0.0114,1,0.238772324942658,,"{""launch_dow"":0,""launch_utc_hour"":15,""price_zscore_6h"":0.9827586206896551,""launch_local_hour"":15}",2026-02-16 16:54:44.416047+00,topup,
5928,aws,us-west-2,t3a.large,topup,min4_topup,60,meta_v3_ensemble_h1_hedge_persist,i-0f410c9904c35f26e,Censored (Stopped by Design),2026-02-16 15:54:36.899+00,2026-02-16 16:54:52.341204+00,60.26,false,,1,0.0279,-0.0059,1,0.00852513608298294,,"{""launch_dow"":0,""launch_utc_hour"":15,""price_zscore_6h"":-0.9672131147540984,""launch_local_hour"":15}",2026-02-16 16:54:53.14776+00,topup,
5929,aws,us-west-2,t3a.large,topup,min4_topup,60,meta_v3_ensemble_h1_hedge_persist,i-0afc85fc0f2dcd922,Censored (Stopped by Design),2026-02-16 15:54:43.142835+00,2026-02-16 16:54:59.015373+00,60.26,false,,1,0.0279,-0.0059,1,0.00768343939024692,,"{""launch_dow"":0,""launch_utc_hour"":15,""price_zscore_6h"":-0.9672131147540984,""launch_local_hour"":15}",2026-02-16 16:54:59.587981+00,topup,
5930,aws,us-west-2,c6i.large,topup,min4_topup,60,meta_v3_ensemble_h1_hedge_persist,i-03e7af7c0e2d310d3,Censored (Stopped by Design),2026-02-16 15:54:49.158106+00,2026-02-16 16:55:06.801165+00,60.29,false,,1,0.0423,0.0067,1,0.049687755334674,,"{""launch_dow"":0,""launch_utc_hour"":15,""price_zscore_6h"":0.9710144927536233,""launch_local_hour"":15}",2026-02-16 16:55:07.48559+00,topup,
5931,aws,us-west-2,c6i.large,topup,min4_topup,60,meta_v3_ensemble_h1_hedge_persist,i-095ac95c2b5467ec9,Censored (Stopped by Design),2026-02-16 15:54:54.860432+00,2026-02-16 16:55:11.131333+00,60.27,false,,1,0.0423,0.0067,1,0.0510953199709078,,"{""launch_dow"":0,""launch_utc_hour"":15,""price_zscore_6h"":0.9710144927536233,""launch_local_hour"":15}",2026-02-16 16:55:11.719674+00,topup,
5932,aws,us-west-2,c6i.large,topup,min4_topup,60,meta_v3_ensemble_h1_hedge_persist,i-0ebbc15cbee54eb4b,Censored (Stopped by Design),2026-02-16 15:55:01.071334+00,2026-02-16 16:55:17.741208+00,60.28,false,,1,0.0423,0.0067,1,0.0497122254141645,,"{""launch_dow"":0,""launch_utc_hour"":15,""price_zscore_6h"":0.9710144927536233,""launch_local_hour"":15}",2026-02-16 16:55:18.359346+00,topup,
5933,aws,us-east-1,t3a.large,topup,min4_topup,60,meta_v3_ensemble_h1_hedge_persist,i-0a8e51a341ed88bc7,Interrupted,2026-02-16 16:56:43.93702+00,2026-02-16 17:34:49.995119+00,38.1,true,1,0,0.037,0.0114,1,0.241985117138091,,"{""launch_dow"":0,""launch_utc_hour"":16,""price_zscore_6h"":0.9827586206896551,""launch_local_hour"":16}",2026-02-16 17:34:50.822078+00,topup,
5934,aws,us-west-2,c6i.large,topup,min4_topup,60,meta_v3_ensemble_h1_hedge_persist,i-0b0697d028a5754c4,Interrupted,2026-02-16 16:57:02.189406+00,2026-02-16 17:43:11.520627+00,46.16,true,1,0,0.0423,0.0067,1,0.0595425252414919,,"{""launch_dow"":0,""launch_utc_hour"":16,""price_zscore_6h"":0.9710144927536233,""launch_local_hour"":16}",2026-02-16 17:43:12.472575+00,topup,
5959,aws,us-east-1,t3a.large,topup,min4_topup,60,meta_v3_ensemble_h1_hedge_persist,i-0e5389bcfe1a68ca8,Censored (Stopped by Design),2026-02-16 16:56:45.798011+00,2026-02-16 17:56:54.836776+00,60.15,false,,1,0.037,0.0114,1,0.238908323228216,,"{""launch_dow"":0,""launch_utc_hour"":16,""price_zscore_6h"":0.9827586206896551,""launch_local_hour"":16}",2026-02-16 17:56:55.346853+00,topup,
5960,aws,us-east-1,t3a.large,topup,min4_topup,60,meta_v3_ensemble_h1_hedge_persist,i-03c009a1c4e6598ee,Censored (Stopped by Design),2026-02-16 16:56:47.531358+00,2026-02-16 17:56:56.547723+00,60.15,false,,1,0.037,0.0114,1,0.242088235640625,,"{""launch_dow"":0,""launch_utc_hour"":16,""price_zscore_6h"":0.9827586206896551,""launch_local_hour"":16}",2026-02-16 17:56:57.029205+00,topup,
5961,aws,us-east-1,t3a.large,topup,min4_topup,60,meta_v3_ensemble_h1_hedge_persist,i-00d3e94e01f3df0ca,Censored (Stopped by Design),2026-02-16 16:56:49.387724+00,2026-02-16 17:56:58.377389+00,60.15,false,,1,0.037,0.0114,1,0.233639985457293,,"{""launch_dow"":0,""launch_utc_hour"":16,""price_zscore_6h"":0.9827586206896551,""launch_local_hour"":16}",2026-02-16 17:56:58.846109+00,topup,
5962,aws,us-west-2,m6a.large,topup,min4_topup,60,meta_v3_ensemble_h1_hedge_persist,i-0b61fcf64e0e9b977,Censored (Stopped by Design),2026-02-16 16:56:51.424662+00,2026-02-16 17:57:09.101208+00,60.29,false,,1,0.041,-0.0122,1,0.0149867550820225,,"{""launch_dow"":0,""launch_utc_hour"":16,""price_zscore_6h"":-0.9838709677419354,""launch_local_hour"":16}",2026-02-16 17:57:09.705062+00,topup,
5963,aws,us-west-2,m6a.large,topup,min4_topup,60,meta_v3_ensemble_h1_hedge_persist,i-01ee09b20952d7d03,Censored (Stopped by Design),2026-02-16 16:56:56.711039+00,2026-02-16 17:57:12.607368+00,60.26,false,,1,0.041,-0.0122,1,0.0159416835834071,,"{""launch_dow"":0,""launch_utc_hour"":16,""price_zscore_6h"":-0.9838709677419354,""launch_local_hour"":16}",2026-02-16 17:57:13.179333+00,topup,
5964,aws,us-west-2,c6i.large,topup,min4_topup,60,meta_v3_ensemble_h1_hedge_persist,i-0005fa31aee18c012,Censored (Stopped by Design),2026-02-16 16:57:04.343235+00,2026-02-16 17:57:16.799159+00,60.21,false,,1,0.0423,0.0067,1,0.0592566786375484,,"{""launch_dow"":0,""launch_utc_hour"":16,""price_zscore_6h"":0.9710144927536233,""launch_local_hour"":16}",2026-02-16 17:57:17.571154+00,topup,
5965,aws,us-west-2,c6i.large,topup,min4_topup,60,meta_v3_ensemble_h1_hedge_persist,i-0ced8b45dd87249d2,Censored (Stopped by Design),2026-02-16 16:57:06.542593+00,2026-02-16 17:57:18.461309+00,60.2,false,,1,0.0423,0.0067,1,0.0606495044593566,,"{""launch_dow"":0,""launch_utc_hour"":16,""price_zscore_6h"":0.9710144927536233,""launch_local_hour"":16}",2026-02-16 17:57:19.028283+00,topup,
5966,aws,us-west-2,c6i.large,topup,min4_topup,60,meta_v3_ensemble_h1_hedge_persist,i-059e2e0baa29cc70d,Censored (Stopped by Design),2026-02-16 16:57:08.701239+00,2026-02-16 17:57:20.791818+00,60.2,false,,1,0.0423,0.0067,1,0.0600567499170801,,"{""launch_dow"":0,""launch_utc_hour"":16,""price_zscore_6h"":0.9710144927536233,""launch_local_hour"":16}",2026-02-16 17:57:21.376936+00,topup,
5969,aws,us-west-2,c6i.large,topup,min4_topup,60,meta_v3_ensemble_h1_hedge_persist,i-06b74c818f2087c92,Interrupted,2026-02-16 17:59:04.576467+00,2026-02-16 18:37:12.911211+00,38.14,true,1,0,0.0423,0.0067,1,0.0691504544286071,,"{""launch_dow"":0,""launch_utc_hour"":17,""price_zscore_6h"":0.9710144927536233,""launch_local_hour"":17}",2026-02-16 18:37:13.689636+00,topup,
5970,aws,us-east-1,t3a.large,topup,min4_topup,60,meta_v3_ensemble_h1_hedge_persist,i-0dc737e604bdc66ef,Interrupted,2026-02-16 17:58:44.216485+00,2026-02-16 18:51:52.36321+00,53.14,true,1,0,0.0327,-0.0043,1,0.245532351810974,,"{""launch_dow"":0,""launch_utc_hour"":17,""price_zscore_6h"":-0.9555555555555556,""launch_local_hour"":17}",2026-02-16 18:51:53.325301+00,topup,
5971,aws,us-east-1,t3a.large,topup,min4_topup,60,meta_v3_ensemble_h1_hedge_persist,i-02583e6cc3f0ea8cc,Interrupted,2026-02-16 17:58:46.044496+00,2026-02-16 18:51:54.272312+00,53.14,true,1,0,0.0327,-0.0043,1,0.242266704834776,,"{""launch_dow"":0,""launch_utc_hour"":17,""price_zscore_6h"":-0.9555555555555556,""launch_local_hour"":17}",2026-02-16 18:51:54.556969+00,topup,
5972,aws,us-east-1,t3a.large,topup,min4_topup,60,meta_v3_ensemble_h1_hedge_persist,i-00e08ac01d3903bf6,Interrupted,2026-02-16 17:58:47.850813+00,2026-02-16 18:51:56.038567+00,53.14,true,1,0,0.0327,-0.0043,1,0.242954677801306,,"{""launch_dow"":0,""launch_utc_hour"":17,""price_zscore_6h"":-0.9555555555555556,""launch_local_hour"":17}",2026-02-16 18:51:56.198462+00,topup,
5973,aws,us-east-1,t3a.large,topup,min4_topup,60,meta_v3_ensemble_h1_hedge_persist,i-0e5b6fe1a0cec55d6,Interrupted,2026-02-16 17:58:49.882235+00,2026-02-16 18:51:57.671301+00,53.13,true,1,0,0.0327,-0.0043,1,0.249379981769454,,"{""launch_dow"":0,""launch_utc_hour"":17,""price_zscore_6h"":-0.9555555555555556,""launch_local_hour"":17}",2026-02-16 18:51:57.821906+00,topup,
5996,aws,us-west-2,m6a.large,topup,min4_topup,60,meta_v3_ensemble_h1_hedge_persist,i-0b0c975946940f261,Censored (Stopped by Design),2026-02-16 17:58:51.951949+00,2026-02-16 18:59:09.611256+00,60.29,false,,1,0.0478,0.0068,1,0.0150422239256587,,"{""launch_dow"":0,""launch_utc_hour"":17,""price_zscore_6h"":0.9714285714285715,""launch_local_hour"":17}",2026-02-16 18:59:10.171288+00,topup,
5997,aws,us-west-2,m6a.large,topup,min4_topup,60,meta_v3_ensemble_h1_hedge_persist,i-0137aa3ffef7f60b2,Censored (Stopped by Design),2026-02-16 17:58:57.263103+00,2026-02-16 18:59:10.091201+00,60.21,false,,1,0.0478,0.0068,1,0.0152805804291753,,"{""launch_dow"":0,""launch_utc_hour"":17,""price_zscore_6h"":0.9714285714285715,""launch_local_hour"":17}",2026-02-16 18:59:10.652096+00,topup,
5998,aws,us-west-2,m6a.large,topup,min4_topup,60,meta_v3_ensemble_h1_hedge_persist,i-0ada3e9e0306694d7,Censored (Stopped by Design),2026-02-16 17:58:59.186231+00,2026-02-16 18:59:14.77123+00,60.26,false,,1,0.0478,0.0068,1,0.0149118932422891,,"{""launch_dow"":0,""launch_utc_hour"":17,""price_zscore_6h"":0.9714285714285715,""launch_local_hour"":17}",2026-02-16 18:59:15.375234+00,topup,
5999,aws,us-west-2,c6i.large,topup,min4_topup,60,meta_v3_ensemble_h1_hedge_persist,i-0d76ca0ca68808a56,Censored (Stopped by Design),2026-02-16 17:59:06.571442+00,2026-02-16 18:59:22.081209+00,60.26,false,,1,0.0423,0.0067,1,0.0701054228485001,,"{""launch_dow"":0,""launch_utc_hour"":17,""price_zscore_6h"":0.9710144927536233,""launch_local_hour"":17}",2026-02-16 18:59:22.621189+00,topup,
6000,aws,us-west-2,c6i.large,topup,min4_topup,60,meta_v3_ensemble_h1_hedge_persist,i-0ba32f7cb6361de16,Censored (Stopped by Design),2026-02-16 17:59:11.994939+00,2026-02-16 18:59:27.501281+00,60.26,false,,1,0.0423,0.0067,1,0.0709995624753119,,"{""launch_dow"":0,""launch_utc_hour"":17,""price_zscore_6h"":0.9710144927536233,""launch_local_hour"":17}",2026-02-16 18:59:28.34514+00,topup,
6001,aws,us-east-1,t3a.large,topup,min4_topup,60,meta_v3_ensemble_h1_hedge_persist,i-0ca3afae6465cc27f,Interrupted,2026-02-16 19:00:13.463459+00,2026-02-16 19:05:14.715535+00,5.02,true,1,0,0.0364,0.0091,1,0.240565240960171,,"{""launch_dow"":0,""launch_utc_hour"":19,""price_zscore_6h"":0.9784946236559139,""launch_local_hour"":19}",2026-02-16 19:05:15.401604+00,topup,
6002,aws,us-east-1,t3a.large,topup,min4_topup,60,meta_v3_ensemble_h1_hedge_persist,i-0a12abe95dc7f3608,Interrupted,2026-02-16 19:00:15.333666+00,2026-02-16 19:05:16.70839+00,5.02,true,1,0,0.0364,0.0091,1,0.245913609547027,,"{""launch_dow"":0,""launch_utc_hour"":19,""price_zscore_6h"":0.9784946236559139,""launch_local_hour"":19}",2026-02-16 19:05:16.898038+00,topup,
6003,aws,us-east-1,t3a.large,topup,min4_topup,60,meta_v3_ensemble_h1_hedge_persist,i-069c8f01b9cbe284a,Interrupted,2026-02-16 19:00:17.222455+00,2026-02-16 19:05:18.516155+00,5.02,true,1,0,0.0364,0.0091,1,0.23938471541467,,"{""launch_dow"":0,""launch_utc_hour"":19,""price_zscore_6h"":0.9784946236559139,""launch_local_hour"":19}",2026-02-16 19:05:18.669282+00,topup,
6028,aws,us-east-1,m6a.large,topup,min4_topup,60,meta_v3_ensemble_h1_hedge_persist,i-07e3fb8fd335dafe3,Censored (Stopped by Design),2026-02-16 19:00:19.089355+00,2026-02-16 20:00:31.91712+00,60.21,false,,1,0.0497,0.0065,1,0.005388188854864,,"{""launch_dow"":0,""launch_utc_hour"":19,""price_zscore_6h"":0.9701492537313433,""launch_local_hour"":19}",2026-02-16 20:00:32.741042+00,topup,
6029,aws,us-east-1,m6a.large,topup,min4_topup,60,meta_v3_ensemble_h1_hedge_persist,i-03ec0f38a68ec43e4,Censored (Stopped by Design),2026-02-16 19:00:24.379435+00,2026-02-16 20:00:36.781209+00,60.21,false,,1,0.0497,0.0065,1,0.00671812830051515,,"{""launch_dow"":0,""launch_utc_hour"":19,""price_zscore_6h"":0.9701492537313433,""launch_local_hour"":19}",2026-02-16 20:00:37.36772+00,topup,
6030,aws,us-east-1,m6a.large,topup,min4_topup,60,meta_v3_ensemble_h1_hedge_persist,i-0372aec8de331eb1c,Censored (Stopped by Design),2026-02-16 19:00:29.531959+00,2026-02-16 20:00:41.701208+00,60.2,false,,1,0.0497,0.0065,1,0.00693118037374522,,"{""launch_dow"":0,""launch_utc_hour"":19,""price_zscore_6h"":0.9701492537313433,""launch_local_hour"":19}",2026-02-16 20:00:42.322953+00,topup,
6031,aws,us-east-1,m6a.large,topup,min4_topup,60,meta_v3_ensemble_h1_hedge_persist,i-0c4fc4b129e1add7b,Censored (Stopped by Design),2026-02-16 19:00:34.59148+00,2026-02-16 20:00:47.02204+00,60.21,false,,1,0.0497,0.0065,1,0.00697233640650081,,"{""launch_dow"":0,""launch_utc_hour"":19,""price_zscore_6h"":0.9701492537313433,""launch_local_hour"":19}",2026-02-16 20:00:47.860858+00,topup,
6056,aws,us-east-1,m6a.large,topup,min4_topup,60,meta_v3_ensemble_h1_hedge_persist,i-09c71fea62637c486,Censored (Stopped by Design),2026-02-16 20:02:04.153516+00,2026-02-16 21:02:17.187672+00,60.22,false,,1,0.0599,0.0102,1,0.00735981892735561,,"{""launch_dow"":0,""launch_utc_hour"":20,""price_zscore_6h"":0.9807692307692307,""launch_local_hour"":20}",2026-02-16 21:02:17.706512+00,topup,
6057,aws,us-east-1,m6a.large,topup,min4_topup,60,meta_v3_ensemble_h1_hedge_persist,i-0699e1c9d3ebcb953,Censored (Stopped by Design),2026-02-16 20:02:09.158517+00,2026-02-16 21:02:21.412694+00,60.2,false,,1,0.0599,0.0102,1,0.00689335724232271,,"{""launch_dow"":0,""launch_utc_hour"":20,""price_zscore_6h"":0.9807692307692307,""launch_local_hour"":20}",2026-02-16 21:02:22.197561+00,topup,
6058,aws,us-east-1,m6a.large,topup,min4_topup,60,meta_v3_ensemble_h1_hedge_persist,i-05adddf572d08da6b,Censored (Stopped by Design),2026-02-16 20:02:14.130718+00,2026-02-16 21:02:26.281215+00,60.2,false,,1,0.0599,0.0102,1,0.0069351681857382,,"{""launch_dow"":0,""launch_utc_hour"":20,""price_zscore_6h"":0.9807692307692307,""launch_local_hour"":20}",2026-02-16 21:02:27.007818+00,topup,
6059,aws,us-east-1,m6a.large,topup,min4_topup,60,meta_v3_ensemble_h1_hedge_persist,i-0a1fbbe0e4963583f,Censored (Stopped by Design),2026-02-16 20:02:19.521308+00,2026-02-16 21:02:31.801218+00,60.2,false,,1,0.0599,0.0102,1,0.00683186308476167,,"{""launch_dow"":0,""launch_utc_hour"":20,""price_zscore_6h"":0.9807692307692307,""launch_local_hour"":20}",2026-02-16 21:02:32.744441+00,topup,
6060,aws,us-west-2,c6i.large,topup,min4_topup,60,meta_v3_ensemble_h1_hedge_persist,i-08489116bbff9efc3,Censored (Stopped by Design),2026-02-16 20:02:24.666522+00,2026-02-16 21:02:39.791202+00,60.25,false,,1,0.0414,-0.000899999999999998,1,0.0780202739817776,,"{""launch_dow"":0,""launch_utc_hour"":20,""price_zscore_6h"":-0.8181818181818178,""launch_local_hour"":20}",2026-02-16 21:02:40.830714+00,topup,
6061,aws,us-west-2,c6i.large,topup,min4_topup,60,meta_v3_ensemble_h1_hedge_persist,i-0947f74cb8be2f0b8,Censored (Stopped by Design),2026-02-16 20:02:29.951765+00,2026-02-16 21:02:45.61294+00,60.26,false,,1,0.0414,-0.000899999999999998,1,0.0806755679357456,,"{""launch_dow"":0,""launch_utc_hour"":20,""price_zscore_6h"":-0.8181818181818178,""launch_local_hour"":20}",2026-02-16 21:02:46.596899+00,topup,
6086,aws,us-east-1,t3a.large,topup,min4_topup,60,meta_v3_ensemble_h1_hedge_persist,i-068bcb411e878fd84,Censored (Stopped by Design),2026-02-16 21:04:05.621458+00,2026-02-16 22:04:18.270829+00,60.21,false,,1,0.0369,0.0005,1,0.225007493573664,,"{""launch_dow"":0,""launch_utc_hour"":21,""price_zscore_6h"":0.7142857142857145,""launch_local_hour"":21}",2026-02-16 22:04:18.871935+00,topup,
6087,aws,us-east-1,t3a.large,topup,min4_topup,60,meta_v3_ensemble_h1_hedge_persist,i-0937b1aa1c3b54bfc,Censored (Stopped by Design),2026-02-16 21:04:10.535761+00,2026-02-16 22:04:19.421212+00,60.15,false,,1,0.0369,0.0005,1,0.229078008986664,,"{""launch_dow"":0,""launch_utc_hour"":21,""price_zscore_6h"":0.7142857142857145,""launch_local_hour"":21}",2026-02-16 22:04:20.015518+00,topup,
6088,aws,us-east-1,m6a.large,topup,min4_topup,60,meta_v3_ensemble_h1_hedge_persist,i-0d68e54b62b25d004,Censored (Stopped by Design),2026-02-16 21:04:12.68268+00,2026-02-16 22:04:24.601211+00,60.2,false,,1,0.0439,-0.016,1,0.00695997904365119,,"{""launch_dow"":0,""launch_utc_hour"":21,""price_zscore_6h"":-0.9876543209876544,""launch_local_hour"":21}",2026-02-16 22:04:25.28305+00,topup,
6089,aws,us-east-1,m6a.large,topup,min4_topup,60,meta_v3_ensemble_h1_hedge_persist,i-08e4ff5883b2063e1,Censored (Stopped by Design),2026-02-16 21:04:17.723495+00,2026-02-16 22:04:30.174498+00,60.21,false,,1,0.0439,-0.016,1,0.00706107897786187,,"{""launch_dow"":0,""launch_utc_hour"":21,""price_zscore_6h"":-0.9876543209876544,""launch_local_hour"":21}",2026-02-16 22:04:30.851697+00,topup,
6090,aws,us-east-1,m6a.large,topup,min4_topup,60,meta_v3_ensemble_h1_hedge_persist,i-0778e822b2ef35d77,Censored (Stopped by Design),2026-02-16 21:04:22.721728+00,2026-02-16 22:04:34.951219+00,60.2,false,,1,0.0439,-0.016,1,0.00756459689885757,,"{""launch_dow"":0,""launch_utc_hour"":21,""price_zscore_6h"":-0.9876543209876544,""launch_local_hour"":21}",2026-02-16 22:04:35.452317+00,topup,
6091,aws,us-east-1,m6a.large,topup,min4_topup,60,meta_v3_ensemble_h1_hedge_persist,i-08f4dbe158bc0e89f,Censored (Stopped by Design),2026-02-16 21:04:27.729133+00,2026-02-16 22:04:39.867002+00,60.2,false,,1,0.0439,-0.016,1,0.00662509653820492,,"{""launch_dow"":0,""launch_utc_hour"":21,""price_zscore_6h"":-0.9876543209876544,""launch_local_hour"":21}",2026-02-16 22:04:40.44942+00,topup,
6092,aws,us-west-2,t3a.large,topup,min4_topup,60,meta_v3_ensemble_h1_hedge_persist,i-0bb419b3b1dbdd6de,Censored (Stopped by Design),2026-02-16 21:04:32.908841+00,2026-02-16 22:04:50.511212+00,60.29,false,,1,0.0359,0.0011,1,0.0145463081495315,,"{""launch_dow"":0,""launch_utc_hour"":21,""price_zscore_6h"":0.8461538461538466,""launch_local_hour"":21}",2026-02-16 22:04:51.344096+00,topup,
6093,aws,us-west-2,t3a.large,topup,min4_topup,60,meta_v3_ensemble_h1_hedge_persist,i-0da85839ccbd183ea,Censored (Stopped by Design),2026-02-16 21:04:38.110873+00,2026-02-16 22:04:53.282476+00,60.25,false,,1,0.0359,0.0011,1,0.0156084534801983,,"{""launch_dow"":0,""launch_utc_hour"":21,""price_zscore_6h"":0.8461538461538466,""launch_local_hour"":21}",2026-02-16 22:04:54.069837+00,topup,
6094,aws,us-west-2,m6a.large,topup,min4_topup,60,meta_v3_ensemble_h1_hedge_persist,i-08310a2b73d6cf9e2,Censored (Stopped by Design),2026-02-16 21:04:43.422464+00,2026-02-16 22:04:58.67121+00,60.25,false,,1,0.0629,0.0151,1,0.0106573504979173,,"{""launch_dow"":0,""launch_utc_hour"":21,""price_zscore_6h"":0.9869281045751633,""launch_local_hour"":21}",2026-02-16 22:04:59.174742+00,topup,
6119,aws,us-east-1,t3a.large,topup,min4_topup,60,meta_v3_ensemble_h1_hedge_persist,i-086cc264169f0b471,Censored (Stopped by Design),2026-02-16 22:07:36.489377+00,2026-02-16 23:07:45.841209+00,60.16,false,,1,0.0274,-0.0095,1,0.224146115177334,,"{""launch_dow"":0,""launch_utc_hour"":22,""price_zscore_6h"":-0.979381443298969,""launch_local_hour"":22}",2026-02-16 23:07:46.300395+00,topup,
6120,aws,us-east-1,m6a.large,topup,min4_topup,60,meta_v3_ensemble_h1_hedge_persist,i-07b4035c3fd9c9a1f,Censored (Stopped by Design),2026-02-16 22:07:38.399547+00,2026-02-16 23:07:51.031231+00,60.21,false,,1,0.0413,-0.0026,1,0.00806695391577574,,"{""launch_dow"":0,""launch_utc_hour"":22,""price_zscore_6h"":-0.9285714285714285,""launch_local_hour"":22}",2026-02-16 23:07:51.540313+00,topup,
6121,aws,us-east-1,m6a.large,topup,min4_topup,60,meta_v3_ensemble_h1_hedge_persist,i-0352c5967119e7072,Censored (Stopped by Design),2026-02-16 22:07:43.589815+00,2026-02-16 23:07:56.261208+00,60.21,false,,1,0.0413,-0.0026,1,0.00750775626894551,,"{""launch_dow"":0,""launch_utc_hour"":22,""price_zscore_6h"":-0.9285714285714285,""launch_local_hour"":22}",2026-02-16 23:07:56.873406+00,topup,
6122,aws,us-east-1,m6a.large,topup,min4_topup,60,meta_v3_ensemble_h1_hedge_persist,i-07d2ba2fae4e4f6f0,Censored (Stopped by Design),2026-02-16 22:07:48.502952+00,2026-02-16 23:08:00.701298+00,60.2,false,,1,0.0413,-0.0026,1,0.00761817194429521,,"{""launch_dow"":0,""launch_utc_hour"":22,""price_zscore_6h"":-0.9285714285714285,""launch_local_hour"":22}",2026-02-16 23:08:01.347806+00,topup,
6123,aws,us-east-1,m6a.large,topup,min4_topup,60,meta_v3_ensemble_h1_hedge_persist,i-0b1ecbcb44497939b,Censored (Stopped by Design),2026-02-16 22:07:53.349816+00,2026-02-16 23:08:05.684029+00,60.21,false,,1,0.0413,-0.0026,1,0.0081865866735655,,"{""launch_dow"":0,""launch_utc_hour"":22,""price_zscore_6h"":-0.9285714285714285,""launch_local_hour"":22}",2026-02-16 23:08:06.365412+00,topup,
6124,aws,us-east-1,c6i.large,topup,min4_topup,60,meta_v3_ensemble_h1_hedge_persist,i-0e0590b75e46a7bb4,Censored (Stopped by Design),2026-02-16 22:07:58.377044+00,2026-02-16 23:08:10.872535+00,60.21,false,,1,0.0384,0.0046,1,0.0802016899802601,,"{""launch_dow"":0,""launch_utc_hour"":22,""price_zscore_6h"":0.9583333333333334,""launch_local_hour"":22}",2026-02-16 23:08:11.451522+00,topup,
6125,aws,us-west-2,t3a.large,topup,min4_topup,60,meta_v3_ensemble_h1_hedge_persist,i-0073fe9b2ca7ee68a,Censored (Stopped by Design),2026-02-16 22:08:03.574831+00,2026-02-16 23:08:19.241214+00,60.26,false,,1,0.0281,-0.0078,1,0.0133067891013862,,"{""launch_dow"":0,""launch_utc_hour"":22,""price_zscore_6h"":-0.975,""launch_local_hour"":22}",2026-02-16 23:08:19.974163+00,topup,
6150,aws,us-east-1,m6a.large,topup,min4_topup,60,meta_v3_ensemble_h1_hedge_persist,i-07dd125cc0ae018ef,Censored (Stopped by Design),2026-02-16 23:09:36.28298+00,2026-02-17 00:09:48.791231+00,60.21,false,,1,0.0598,0.0185,1,0.0071339441727874,,"{""launch_dow"":0,""launch_utc_hour"":23,""price_zscore_6h"":0.9893048128342247,""launch_local_hour"":23}",2026-02-17 00:09:49.354343+00,topup,
6151,aws,us-east-1,m6a.large,topup,min4_topup,60,meta_v3_ensemble_h1_hedge_persist,i-0f80f6b5323deb5f1,Censored (Stopped by Design),2026-02-16 23:09:41.4154+00,2026-02-17 00:09:53.811213+00,60.21,false,,1,0.0598,0.0185,1,0.0082026031953406,,"{""launch_dow"":0,""launch_utc_hour"":23,""price_zscore_6h"":0.9893048128342247,""launch_local_hour"":23}",2026-02-17 00:09:54.398692+00,topup,
6152,aws,us-east-1,m6a.large,topup,min4_topup,60,meta_v3_ensemble_h1_hedge_persist,i-0aac90b30c6c10dc3,Censored (Stopped by Design),2026-02-16 23:09:46.369498+00,2026-02-17 00:09:58.756029+00,60.21,false,,1,0.0598,0.0185,1,0.00843193645831005,,"{""launch_dow"":0,""launch_utc_hour"":23,""price_zscore_6h"":0.9893048128342247,""launch_local_hour"":23}",2026-02-17 00:09:59.294144+00,topup,
6153,aws,us-east-1,m6a.large,topup,min4_topup,60,meta_v3_ensemble_h1_hedge_persist,i-0a474845ec79f04e2,Censored (Stopped by Design),2026-02-16 23:09:51.175967+00,2026-02-17 00:10:03.951221+00,60.21,false,,1,0.0598,0.0185,1,0.00714305058703102,,"{""launch_dow"":0,""launch_utc_hour"":23,""price_zscore_6h"":0.9893048128342247,""launch_local_hour"":23}",2026-02-17 00:10:04.644539+00,topup,
6154,aws,us-east-1,c6i.large,topup,min4_topup,60,meta_v3_ensemble_h1_hedge_persist,i-09020e880dae5712d,Censored (Stopped by Design),2026-02-16 23:09:56.185733+00,2026-02-17 00:10:08.211228+00,60.2,false,,1,0.0336,-0.0048,1,0.0825813523458686,,"{""launch_dow"":0,""launch_utc_hour"":23,""price_zscore_6h"":-0.9600000000000001,""launch_local_hour"":23}",2026-02-17 00:10:08.781015+00,topup,
6155,aws,us-west-2,m6a.large,topup,min4_topup,60,meta_v3_ensemble_h1_hedge_persist,i-06a4ddc069a942db1,Censored (Stopped by Design),2026-02-16 23:10:01.225858+00,2026-02-17 00:10:13.251221+00,60.2,false,,1,0.0476,-0.0153,1,0.0116118326443127,,"{""launch_dow"":0,""launch_utc_hour"":23,""price_zscore_6h"":-0.9870967741935484,""launch_local_hour"":23}",2026-02-17 00:10:14.112036+00,topup,
6156,aws,us-west-2,c6i.large,topup,min4_topup,60,meta_v3_ensemble_h1_hedge_persist,i-0aa268fd41bf1eb72,Censored (Stopped by Design),2026-02-16 23:10:03.42018+00,2026-02-17 00:10:18.951216+00,60.26,false,,1,0.0388,0.0033,1,0.0579370110453747,,"{""launch_dow"":0,""launch_utc_hour"":23,""price_zscore_6h"":0.942857142857143,""launch_local_hour"":23}",2026-02-17 00:10:19.756255+00,topup,
6157,aws,us-west-2,c6i.large,topup,min4_topup,60,meta_v3_ensemble_h1_hedge_persist,i-01e372b71e75d124c,Censored (Stopped by Design),2026-02-16 23:10:08.787127+00,2026-02-17 00:10:22.461268+00,60.23,false,,1,0.0388,0.0033,1,0.0583742122291567,,"{""launch_dow"":0,""launch_utc_hour"":23,""price_zscore_6h"":0.942857142857143,""launch_local_hour"":23}",2026-02-17 00:10:23.381619+00,topup,
6182,aws,us-east-1,t3a.large,topup,min4_topup,60,meta_v3_ensemble_h1_hedge_persist,i-0349739aa10048218,Censored (Stopped by Design),2026-02-17 00:12:05.736545+00,2026-02-17 01:12:14.701393+00,60.15,false,,1,0.0274,-0.0095,1,0.152036039772395,,"{""launch_dow"":1,""launch_utc_hour"":0,""price_zscore_6h"":-0.979381443298969,""launch_local_hour"":0}",2026-02-17 01:12:15.189862+00,topup,
6183,aws,us-east-1,m6a.large,topup,min4_topup,60,meta_v3_ensemble_h1_hedge_persist,i-0e19f38de39a0483f,Censored (Stopped by Design),2026-02-17 00:12:07.679434+00,2026-02-17 01:12:20.352493+00,60.21,false,,1,0.0427,-0.0171,1,0.00963914994071947,,"{""launch_dow"":1,""launch_utc_hour"":0,""price_zscore_6h"":-0.9884393063583816,""launch_local_hour"":0}",2026-02-17 01:12:21.043848+00,topup,
6184,aws,us-east-1,m6a.large,topup,min4_topup,60,meta_v3_ensemble_h1_hedge_persist,i-07e00c44d76beabba,Censored (Stopped by Design),2026-02-17 00:12:13.70742+00,2026-02-17 01:12:25.490764+00,60.2,false,,1,0.0427,-0.0171,1,0.00892786938672001,,"{""launch_dow"":1,""launch_utc_hour"":0,""price_zscore_6h"":-0.9884393063583816,""launch_local_hour"":0}",2026-02-17 01:12:26.142573+00,topup,
6185,aws,us-east-1,m6a.large,topup,min4_topup,60,meta_v3_ensemble_h1_hedge_persist,i-08ce33b2159d3bb2e,Censored (Stopped by Design),2026-02-17 00:12:18.719402+00,2026-02-17 01:12:31.761219+00,60.22,false,,1,0.0427,-0.0171,1,0.00818576223120317,,"{""launch_dow"":1,""launch_utc_hour"":0,""price_zscore_6h"":-0.9884393063583816,""launch_local_hour"":0}",2026-02-17 01:12:32.331703+00,topup,
6186,aws,us-east-1,m6a.large,topup,min4_topup,60,meta_v3_ensemble_h1_hedge_persist,i-0be71147a78f5f85a,Censored (Stopped by Design),2026-02-17 00:12:23.767185+00,2026-02-17 01:12:36.081216+00,60.21,false,,1,0.0427,-0.0171,1,0.00949516784868699,,"{""launch_dow"":1,""launch_utc_hour"":0,""price_zscore_6h"":-0.9884393063583816,""launch_local_hour"":0}",2026-02-17 01:12:36.680608+00,topup,
6187,aws,us-west-2,c6i.large,topup,min4_topup,60,meta_v3_ensemble_h1_hedge_persist,i-03018e40443069dc0,Censored (Stopped by Design),2026-02-17 00:12:29.096757+00,2026-02-17 01:12:41.376606+00,60.2,false,,1,0.0388,0.0033,1,0.0317307512028423,,"{""launch_dow"":1,""launch_utc_hour"":0,""price_zscore_6h"":0.942857142857143,""launch_local_hour"":0}",2026-02-17 01:12:42.113704+00,topup,
6188,aws,us-west-2,c6i.large,topup,min4_topup,60,meta_v3_ensemble_h1_hedge_persist,i-013c5ec11ee1cd839,Censored (Stopped by Design),2026-02-17 00:12:31.065393+00,2026-02-17 01:12:46.779852+00,60.26,false,,1,0.0388,0.0033,1,0.0293854095962014,,"{""launch_dow"":1,""launch_utc_hour"":0,""price_zscore_6h"":0.942857142857143,""launch_local_hour"":0}",2026-02-17 01:12:47.351222+00,topup,
6213,aws,us-east-1,t3a.large,topup,min4_topup,60,meta_v3_ensemble_h1_hedge_persist,i-0d5c10d2ad5f4059e,Censored (Stopped by Design),2026-02-17 01:14:02.506534+00,2026-02-17 02:14:14.984869+00,60.21,false,,1,0.0274,-0.0095,1,0.106549200166126,,"{""launch_dow"":1,""launch_utc_hour"":1,""price_zscore_6h"":-0.979381443298969,""launch_local_hour"":1}",2026-02-17 02:14:15.615697+00,topup,
6214,aws,us-east-1,t3a.large,topup,min4_topup,60,meta_v3_ensemble_h1_hedge_persist,i-0c4c9b2a5402765de,Censored (Stopped by Design),2026-02-17 01:14:07.529275+00,2026-02-17 02:14:16.511213+00,60.15,false,,1,0.0274,-0.0095,1,0.105184986661578,,"{""launch_dow"":1,""launch_utc_hour"":1,""price_zscore_6h"":-0.979381443298969,""launch_local_hour"":1}",2026-02-17 02:14:17.248062+00,topup,
6215,aws,us-east-1,t3a.large,topup,min4_topup,60,meta_v3_ensemble_h1_hedge_persist,i-07af7aa5ff73017b2,Censored (Stopped by Design),2026-02-17 01:14:09.427332+00,2026-02-17 02:14:22.121215+00,60.21,false,,1,0.0274,-0.0095,1,0.1051337412045,,"{""launch_dow"":1,""launch_utc_hour"":1,""price_zscore_6h"":-0.979381443298969,""launch_local_hour"":1}",2026-02-17 02:14:23.03547+00,topup,
6216,aws,us-east-1,m6a.large,topup,min4_topup,60,meta_v3_ensemble_h1_hedge_persist,i-043944ccb78184acc,Censored (Stopped by Design),2026-02-17 01:14:14.526171+00,2026-02-17 02:14:25.929744+00,60.19,false,,1,0.0496,0.0069,1,0.00958290681795178,,"{""launch_dow"":1,""launch_utc_hour"":1,""price_zscore_6h"":0.971830985915493,""launch_local_hour"":1}",2026-02-17 02:14:26.52118+00,topup,
6217,aws,us-east-1,m6a.large,topup,min4_topup,60,meta_v3_ensemble_h1_hedge_persist,i-084f105bf8539ae18,Censored (Stopped by Design),2026-02-17 01:14:19.350747+00,2026-02-17 02:14:32.735458+00,60.22,false,,1,0.0496,0.0069,1,0.00896631272841351,,"{""launch_dow"":1,""launch_utc_hour"":1,""price_zscore_6h"":0.971830985915493,""launch_local_hour"":1}",2026-02-17 02:14:33.373699+00,topup,
6218,aws,us-east-1,m6a.large,topup,min4_topup,60,meta_v3_ensemble_h1_hedge_persist,i-0e8330829dd5a2c16,Censored (Stopped by Design),2026-02-17 01:14:24.26812+00,2026-02-17 02:14:36.401219+00,60.2,false,,1,0.0496,0.0069,1,0.0102691330918243,,"{""launch_dow"":1,""launch_utc_hour"":1,""price_zscore_6h"":0.971830985915493,""launch_local_hour"":1}",2026-02-17 02:14:37.11638+00,topup,
6219,aws,us-east-1,m6a.large,topup,min4_topup,60,meta_v3_ensemble_h1_hedge_persist,i-0b26ccb7a256913a6,Censored (Stopped by Design),2026-02-17 01:14:29.16734+00,2026-02-17 02:14:41.563892+00,60.21,false,,1,0.0496,0.0069,1,0.00911149715990944,,"{""launch_dow"":1,""launch_utc_hour"":1,""price_zscore_6h"":0.971830985915493,""launch_local_hour"":1}",2026-02-17 02:14:42.159976+00,topup,
6220,aws,us-west-2,c6i.large,topup,min4_topup,60,meta_v3_ensemble_h1_hedge_persist,i-0c3675d5014483c66,Censored (Stopped by Design),2026-02-17 01:14:34.247775+00,2026-02-17 02:14:51.43119+00,60.29,false,,1,0.0389,0.0000999999999999959,1,0.029344256236781,,"{""launch_dow"":1,""launch_utc_hour"":1,""price_zscore_6h"":0.3333333333333243,""launch_local_hour"":1}",2026-02-17 02:14:52.299753+00,topup,
6221,aws,us-west-2,c6i.large,topup,min4_topup,60,meta_v3_ensemble_h1_hedge_persist,i-0a7db10bd806cd4cc,Censored (Stopped by Design),2026-02-17 01:14:39.600595+00,2026-02-17 02:14:55.005894+00,60.26,false,,1,0.0389,0.0000999999999999959,1,0.02873807587932,,"{""launch_dow"":1,""launch_utc_hour"":1,""price_zscore_6h"":0.3333333333333243,""launch_local_hour"":1}",2026-02-17 02:14:55.613225+00,topup,
6222,aws,us-west-2,c6i.large,topup,min4_topup,60,meta_v3_ensemble_h1_hedge_persist,i-040a346d969780912,Censored (Stopped by Design),2026-02-17 01:14:44.90602+00,2026-02-17 02:15:00.14122+00,60.25,false,,1,0.0389,0.0000999999999999959,1,0.0296241281401282,,"{""launch_dow"":1,""launch_utc_hour"":1,""price_zscore_6h"":0.3333333333333243,""launch_local_hour"":1}",2026-02-17 02:15:00.688957+00,topup,
6246,aws,us-east-1,t3a.large,topup,min4_topup,60,meta_v3_ensemble_h1_hedge_persist,i-063f6111bb2def22e,Censored (Stopped by Design),2026-02-17 02:16:24.879739+00,2026-02-17 03:16:34.121218+00,60.15,false,,1,0.0324,0.005,1,0.09699854337509,,"{""launch_dow"":1,""launch_utc_hour"":2,""price_zscore_6h"":0.9615384615384616,""launch_local_hour"":2}",2026-02-17 03:16:34.701699+00,topup,
6248,aws,us-east-1,t3a.large,topup,min4_topup,60,meta_v3_ensemble_h1_hedge_persist,i-0fb23dd1fb789140b,Censored (Stopped by Design),2026-02-17 02:16:26.81608+00,2026-02-17 03:16:35.811349+00,60.15,false,,1,0.0324,0.005,1,0.0934546742593213,,"{""launch_dow"":1,""launch_utc_hour"":2,""price_zscore_6h"":0.9615384615384616,""launch_local_hour"":2}",2026-02-17 03:16:36.339898+00,topup,
6249,aws,us-east-1,t3a.large,topup,min4_topup,60,meta_v3_ensemble_h1_hedge_persist,i-0b0d4cb3710458b7d,Censored (Stopped by Design),2026-02-17 02:16:28.702685+00,2026-02-17 03:16:37.901204+00,60.15,false,,1,0.0324,0.005,1,0.0909692050249288,,"{""launch_dow"":1,""launch_utc_hour"":2,""price_zscore_6h"":0.9615384615384616,""launch_local_hour"":2}",2026-02-17 03:16:38.443952+00,topup,
6250,aws,us-east-1,t3a.large,topup,min4_topup,60,meta_v3_ensemble_h1_hedge_persist,i-074c3b03fe212f87a,Censored (Stopped by Design),2026-02-17 02:16:30.643921+00,2026-02-17 03:16:39.451451+00,60.15,false,,1,0.0324,0.005,1,0.0925982346017174,,"{""launch_dow"":1,""launch_utc_hour"":2,""price_zscore_6h"":0.9615384615384616,""launch_local_hour"":2}",2026-02-17 03:16:39.973291+00,topup,
6251,aws,us-east-1,m6a.large,topup,min4_topup,60,meta_v3_ensemble_h1_hedge_persist,i-0466e5412ea1eb978,Censored (Stopped by Design),2026-02-17 02:16:32.566098+00,2026-02-17 03:16:45.221206+00,60.21,false,,1,0.0496,0.0069,1,0.00929228218646401,,"{""launch_dow"":1,""launch_utc_hour"":2,""price_zscore_6h"":0.971830985915493,""launch_local_hour"":2}",2026-02-17 03:16:45.82484+00,topup,
6252,aws,us-east-1,m6a.large,topup,min4_topup,60,meta_v3_ensemble_h1_hedge_persist,i-0a7ed8b859a7b1f3f,Censored (Stopped by Design),2026-02-17 02:16:37.495407+00,2026-02-17 03:16:49.451317+00,60.2,false,,1,0.0496,0.0069,1,0.00857010485605133,,"{""launch_dow"":1,""launch_utc_hour"":2,""price_zscore_6h"":0.971830985915493,""launch_local_hour"":2}",2026-02-17 03:16:50.115134+00,topup,
6253,aws,us-east-1,m6a.large,topup,min4_topup,60,meta_v3_ensemble_h1_hedge_persist,i-0570f44db5692f193,Censored (Stopped by Design),2026-02-17 02:16:42.471823+00,2026-02-17 03:16:54.461283+00,60.2,false,,1,0.0496,0.0069,1,0.00908017779673591,,"{""launch_dow"":1,""launch_utc_hour"":2,""price_zscore_6h"":0.971830985915493,""launch_local_hour"":2}",2026-02-17 03:16:55.036837+00,topup,
6254,aws,us-east-1,m6a.large,topup,min4_topup,60,meta_v3_ensemble_h1_hedge_persist,i-0710a2e19fd8ade3d,Censored (Stopped by Design),2026-02-17 02:16:47.382338+00,2026-02-17 03:17:00.061228+00,60.21,false,,1,0.0496,0.0069,1,0.00894763427164386,,"{""launch_dow"":1,""launch_utc_hour"":2,""price_zscore_6h"":0.971830985915493,""launch_local_hour"":2}",2026-02-17 03:17:00.948323+00,topup,
6255,aws,us-west-2,t3a.large,topup,min4_topup,60,meta_v3_ensemble_h1_hedge_persist,i-00e61bf4cc5b5dd0e,Censored (Stopped by Design),2026-02-17 02:16:52.489412+00,2026-02-17 03:17:04.39229+00,60.2,false,,1,0.0281,-0.0078,1,0.00674965946489113,,"{""launch_dow"":1,""launch_utc_hour"":2,""price_zscore_6h"":-0.975,""launch_local_hour"":2}",2026-02-17 03:17:05.079125+00,topup,
6256,aws,us-west-2,t3a.large,topup,min4_topup,60,meta_v3_ensemble_h1_hedge_persist,i-01e17988770a11c76,Censored (Stopped by Design),2026-02-17 02:16:54.454788+00,2026-02-17 03:17:06.37739+00,60.2,false,,1,0.0281,-0.0078,1,0.00776277852595393,,"{""launch_dow"":1,""launch_utc_hour"":2,""price_zscore_6h"":-0.975,""launch_local_hour"":2}",2026-02-17 03:17:06.914172+00,topup,
6257,aws,us-west-2,c6i.large,topup,min4_topup,60,meta_v3_ensemble_h1_hedge_persist,i-0fb7c81b3d64a036b,Censored (Stopped by Design),2026-02-17 02:16:56.490153+00,2026-02-17 03:17:11.746716+00,60.25,false,,1,0.0389,0.0000999999999999959,1,0.0294482882966796,,"{""launch_dow"":1,""launch_utc_hour"":2,""price_zscore_6h"":0.3333333333333243,""launch_local_hour"":2}",2026-02-17 03:17:12.282816+00,topup,
6258,aws,us-west-2,c6i.large,topup,min4_topup,60,meta_v3_ensemble_h1_hedge_persist,i-07315007f14746eb4,Censored (Stopped by Design),2026-02-17 02:17:02.162674+00,2026-02-17 03:17:14.377398+00,60.2,false,,1,0.0389,0.0000999999999999959,1,0.0287692177138721,,"{""launch_dow"":1,""launch_utc_hour"":2,""price_zscore_6h"":0.3333333333333243,""launch_local_hour"":2}",2026-02-17 03:17:14.871498+00,topup,
6283,aws,us-east-1,m6a.large,topup,min4_topup,60,meta_v3_ensemble_h1_hedge_persist,i-04751afb5a9dafe26,Censored (Stopped by Design),2026-02-17 03:18:21.530775+00,2026-02-17 04:18:33.92909+00,60.21,false,,1,0.0496,0.0069,1,0.00865817444011047,,"{""launch_dow"":1,""launch_utc_hour"":3,""price_zscore_6h"":0.971830985915493,""launch_local_hour"":3}",2026-02-17 04:18:34.448254+00,topup,
6284,aws,us-east-1,m6a.large,topup,min4_topup,60,meta_v3_ensemble_h1_hedge_persist,i-0a02632c0d7a86997,Censored (Stopped by Design),2026-02-17 03:18:26.543086+00,2026-02-17 04:18:38.821224+00,60.2,false,,1,0.0496,0.0069,1,0.00863279835508796,,"{""launch_dow"":1,""launch_utc_hour"":3,""price_zscore_6h"":0.971830985915493,""launch_local_hour"":3}",2026-02-17 04:18:39.40201+00,topup,
6285,aws,us-east-1,c6i.large,topup,min4_topup,60,meta_v3_ensemble_h1_hedge_persist,i-0325b68569175f317,Censored (Stopped by Design),2026-02-17 03:18:31.602862+00,2026-02-17 04:18:40.681219+00,60.15,false,,1,0.0334,-0.000199999999999999,1,0.0560409119040096,,"{""launch_dow"":1,""launch_utc_hour"":3,""price_zscore_6h"":-0.4999999999999985,""launch_local_hour"":3}",2026-02-17 04:18:41.262655+00,topup,
6286,aws,us-east-1,c6i.large,topup,min4_topup,60,meta_v3_ensemble_h1_hedge_persist,i-0643a6ce5abce7406,Censored (Stopped by Design),2026-02-17 03:18:33.610611+00,2026-02-17 04:18:46.008961+00,60.21,false,,1,0.0334,-0.000199999999999999,1,0.055168133326199,,"{""launch_dow"":1,""launch_utc_hour"":3,""price_zscore_6h"":-0.4999999999999985,""launch_local_hour"":3}",2026-02-17 04:18:46.695712+00,topup,
6287,aws,us-east-1,c6i.large,topup,min4_topup,60,meta_v3_ensemble_h1_hedge_persist,i-04bbd768a72f9a97e,Censored (Stopped by Design),2026-02-17 03:18:38.458576+00,2026-02-17 04:18:50.771216+00,60.21,false,,1,0.0334,-0.000199999999999999,1,0.0531168249391617,,"{""launch_dow"":1,""launch_utc_hour"":3,""price_zscore_6h"":-0.4999999999999985,""launch_local_hour"":3}",2026-02-17 04:18:51.335173+00,topup,
6288,aws,us-east-1,c6i.large,topup,min4_topup,60,meta_v3_ensemble_h1_hedge_persist,i-0780b249509537d53,Censored (Stopped by Design),2026-02-17 03:18:43.382918+00,2026-02-17 04:18:55.811209+00,60.21,false,,1,0.0334,-0.000199999999999999,1,0.0581728174562479,,"{""launch_dow"":1,""launch_utc_hour"":3,""price_zscore_6h"":-0.4999999999999985,""launch_local_hour"":3}",2026-02-17 04:18:56.368505+00,topup,
6289,aws,us-west-2,m6a.large,topup,min4_topup,60,meta_v3_ensemble_h1_hedge_persist,i-0ba7556fd8ab2ed1e,Censored (Stopped by Design),2026-02-17 03:18:48.513711+00,2026-02-17 04:19:03.741325+00,60.25,false,,1,0.0527,0.00509999999999999,1,0.00882108963623152,,"{""launch_dow"":1,""launch_utc_hour"":3,""price_zscore_6h"":0.9622641509433962,""launch_local_hour"":3}",2026-02-17 04:19:04.344644+00,topup,
6290,aws,us-west-2,m6a.large,topup,min4_topup,60,meta_v3_ensemble_h1_hedge_persist,i-0da99477edeaff097,Censored (Stopped by Design),2026-02-17 03:18:53.790616+00,2026-02-17 04:19:05.661214+00,60.2,false,,1,0.0527,0.00509999999999999,1,0.00952876660525251,,"{""launch_dow"":1,""launch_utc_hour"":3,""price_zscore_6h"":0.9622641509433962,""launch_local_hour"":3}",2026-02-17 04:19:06.314251+00,topup,
6314,aws,us-east-1,c6i.large,topup,min4_topup,60,meta_v3_ensemble_h1_hedge_persist,i-03519fbc52758f2c6,Censored (Stopped by Design),2026-02-17 04:20:37.189987+00,2026-02-17 05:20:46.558008+00,60.16,false,,1,0.0334,-0.000199999999999999,1,0.0527205212842992,,"{""launch_dow"":1,""launch_utc_hour"":4,""price_zscore_6h"":-0.4999999999999985,""launch_local_hour"":4}",2026-02-17 05:20:47.390938+00,topup,
6316,aws,us-east-1,c6i.large,topup,min4_topup,60,meta_v3_ensemble_h1_hedge_persist,i-0d93f1e6cf4d154d4,Censored (Stopped by Design),2026-02-17 04:20:39.028768+00,2026-02-17 05:20:51.331218+00,60.21,false,,1,0.0334,-0.000199999999999999,1,0.0544108682751515,,"{""launch_dow"":1,""launch_utc_hour"":4,""price_zscore_6h"":-0.4999999999999985,""launch_local_hour"":4}",2026-02-17 05:20:51.833903+00,topup,
6317,aws,us-east-1,c6i.large,topup,min4_topup,60,meta_v3_ensemble_h1_hedge_persist,i-0a87d1f4de330237e,Censored (Stopped by Design),2026-02-17 04:20:43.902751+00,2026-02-17 05:20:56.461269+00,60.21,false,,1,0.0334,-0.000199999999999999,1,0.0573857773562774,,"{""launch_dow"":1,""launch_utc_hour"":4,""price_zscore_6h"":-0.4999999999999985,""launch_local_hour"":4}",2026-02-17 05:20:57.057919+00,topup,
6318,aws,us-east-1,c6i.large,topup,min4_topup,60,meta_v3_ensemble_h1_hedge_persist,i-044103d8e8a543063,Censored (Stopped by Design),2026-02-17 04:20:48.786784+00,2026-02-17 05:21:00.639694+00,60.2,false,,1,0.0334,-0.000199999999999999,1,0.0538315799834448,,"{""launch_dow"":1,""launch_utc_hour"":4,""price_zscore_6h"":-0.4999999999999985,""launch_local_hour"":4}",2026-02-17 05:21:01.142331+00,topup,
6319,aws,us-west-2,t3a.large,topup,min4_topup,60,meta_v3_ensemble_h1_hedge_persist,i-0eefc89602c13e933,Censored (Stopped by Design),2026-02-17 04:20:54.256274+00,2026-02-17 05:21:06.351496+00,60.2,false,,1,0.0281,-0.0078,1,0.00702351623891037,,"{""launch_dow"":1,""launch_utc_hour"":4,""price_zscore_6h"":-0.975,""launch_local_hour"":4}",2026-02-17 05:21:06.951858+00,topup,
6320,aws,us-west-2,t3a.large,topup,min4_topup,60,meta_v3_ensemble_h1_hedge_persist,i-021fc9936b30609a9,Censored (Stopped by Design),2026-02-17 04:20:56.393129+00,2026-02-17 05:21:08.781212+00,60.21,false,,1,0.0281,-0.0078,1,0.00694303934963276,,"{""launch_dow"":1,""launch_utc_hour"":4,""price_zscore_6h"":-0.975,""launch_local_hour"":4}",2026-02-17 05:21:09.327299+00,topup,
6321,aws,us-west-2,t3a.large,topup,min4_topup,60,meta_v3_ensemble_h1_hedge_persist,i-006056fc0a3ce40f4,Censored (Stopped by Design),2026-02-17 04:20:58.520905+00,2026-02-17 05:21:10.661215+00,60.2,false,,1,0.0281,-0.0078,1,0.00711837834101391,,"{""launch_dow"":1,""launch_utc_hour"":4,""price_zscore_6h"":-0.975,""launch_local_hour"":4}",2026-02-17 05:21:11.200042+00,topup,
6322,aws,us-west-2,t3a.large,topup,min4_topup,60,meta_v3_ensemble_h1_hedge_persist,i-0df68a23e3929ad27,Censored (Stopped by Design),2026-02-17 04:21:00.475287+00,2026-02-17 05:21:12.641216+00,60.2,false,,1,0.0281,-0.0078,1,0.00705734423143413,,"{""launch_dow"":1,""launch_utc_hour"":4,""price_zscore_6h"":-0.975,""launch_local_hour"":4}",2026-02-17 05:21:13.106805+00,topup,
6323,aws,us-west-2,c6i.large,topup,min4_topup,60,meta_v3_ensemble_h1_hedge_persist,i-08afdeb3a697d0d03,Censored (Stopped by Design),2026-02-17 04:21:02.50429+00,2026-02-17 05:21:14.741219+00,60.2,false,,1,0.0415,0.00260000000000001,1,0.0304236489350201,,"{""launch_dow"":1,""launch_utc_hour"":4,""price_zscore_6h"":0.9285714285714287,""launch_local_hour"":4}",2026-02-17 05:21:15.272344+00,topup,
6324,aws,us-west-2,c6i.large,topup,min4_topup,60,meta_v3_ensemble_h1_hedge_persist,i-004f031d103ec842e,Censored (Stopped by Design),2026-02-17 04:21:04.527381+00,2026-02-17 05:21:16.94124+00,60.21,false,,1,0.0415,0.00260000000000001,1,0.0299372220438814,,"{""launch_dow"":1,""launch_utc_hour"":4,""price_zscore_6h"":0.9285714285714287,""launch_local_hour"":4}",2026-02-17 05:21:17.475231+00,topup,
6325,aws,us-west-2,c6i.large,topup,min4_topup,60,meta_v3_ensemble_h1_hedge_persist,i-0fcb9677080d26887,Censored (Stopped by Design),2026-02-17 04:21:06.574112+00,2026-02-17 05:21:22.501208+00,60.27,false,,1,0.0415,0.00260000000000001,1,0.0290938414619164,,"{""launch_dow"":1,""launch_utc_hour"":4,""price_zscore_6h"":0.9285714285714287,""launch_local_hour"":4}",2026-02-17 05:21:23.071644+00,topup,
6326,aws,us-west-2,c6i.large,topup,min4_topup,60,meta_v3_ensemble_h1_hedge_persist,i-0c74445c1f509b9f5,Censored (Stopped by Design),2026-02-17 04:21:11.95647+00,2026-02-17 05:21:27.441213+00,60.26,false,,1,0.0415,0.00260000000000001,1,0.0285103100183818,,"{""launch_dow"":1,""launch_utc_hour"":4,""price_zscore_6h"":0.9285714285714287,""launch_local_hour"":4}",2026-02-17 05:21:28.13697+00,topup,
6351,aws,us-east-1,m6a.large,topup,min4_topup,60,meta_v3_ensemble_h1_hedge_persist,i-076099850e2ee2426,Censored (Stopped by Design),2026-02-17 05:22:52.064306+00,2026-02-17 06:23:03.981212+00,60.2,false,,1,0.0438,0.001,1,0.00632686760958731,,"{""launch_dow"":1,""launch_utc_hour"":5,""price_zscore_6h"":0.8333333333333334,""launch_local_hour"":5}",2026-02-17 06:23:04.603546+00,topup,
6352,aws,us-east-1,m6a.large,topup,min4_topup,60,meta_v3_ensemble_h1_hedge_persist,i-0d0664b0baf5de3da,Censored (Stopped by Design),2026-02-17 05:22:56.859715+00,2026-02-17 06:23:09.581217+00,60.21,false,,1,0.0438,0.001,1,0.00709803117094446,,"{""launch_dow"":1,""launch_utc_hour"":5,""price_zscore_6h"":0.8333333333333334,""launch_local_hour"":5}",2026-02-17 06:23:10.104288+00,topup,
6353,aws,us-east-1,m6a.large,topup,min4_topup,60,meta_v3_ensemble_h1_hedge_persist,i-0d70102990f8c4319,Censored (Stopped by Design),2026-02-17 05:23:01.769321+00,2026-02-17 06:23:14.461269+00,60.21,false,,1,0.0438,0.001,1,0.00777209476219361,,"{""launch_dow"":1,""launch_utc_hour"":5,""price_zscore_6h"":0.8333333333333334,""launch_local_hour"":5}",2026-02-17 06:23:14.948682+00,topup,
6354,aws,us-east-1,m6a.large,topup,min4_topup,60,meta_v3_ensemble_h1_hedge_persist,i-040556fa69023b8a6,Censored (Stopped by Design),2026-02-17 05:23:06.756721+00,2026-02-17 06:23:19.081226+00,60.21,false,,1,0.0438,0.001,1,0.0070892919081016,,"{""launch_dow"":1,""launch_utc_hour"":5,""price_zscore_6h"":0.8333333333333334,""launch_local_hour"":5}",2026-02-17 06:23:19.666003+00,topup,
6355,aws,us-west-2,t3a.large,topup,min4_topup,60,meta_v3_ensemble_h1_hedge_persist,i-05f8867776748c3e8,Censored (Stopped by Design),2026-02-17 05:23:11.919409+00,2026-02-17 06:23:24.013776+00,60.2,false,,1,0.0282,0.0000999999999999994,1,0.00811577031796475,,"{""launch_dow"":1,""launch_utc_hour"":5,""price_zscore_6h"":0.333333333333332,""launch_local_hour"":5}",2026-02-17 06:23:24.888123+00,topup,
6356,aws,us-west-2,m6a.large,topup,min4_topup,60,meta_v3_ensemble_h1_hedge_persist,i-0cffe6243d0b23937,Censored (Stopped by Design),2026-02-17 05:23:13.945071+00,2026-02-17 06:23:26.121216+00,60.2,false,,1,0.0623,0.0096,1,0.00919689827955804,,"{""launch_dow"":1,""launch_utc_hour"":5,""price_zscore_6h"":0.9795918367346939,""launch_local_hour"":5}",2026-02-17 06:23:26.883176+00,topup,
6381,aws,us-east-1,t3a.large,topup,min4_topup,60,meta_v3_ensemble_h1_hedge_persist,i-00211e2635893730d,Censored (Stopped by Design),2026-02-17 06:24:40.802959+00,2026-02-17 07:24:50.429182+00,60.16,false,,1,0.037,0.0046,1,0.120331696970431,,"{""launch_dow"":1,""launch_utc_hour"":6,""price_zscore_6h"":0.9583333333333334,""launch_local_hour"":6}",2026-02-17 07:24:50.947962+00,topup,
6382,aws,us-east-1,t3a.large,topup,min4_topup,60,meta_v3_ensemble_h1_hedge_persist,i-093d3862121a41e50,Censored (Stopped by Design),2026-02-17 06:24:42.678324+00,2026-02-17 07:24:51.981223+00,60.16,false,,1,0.037,0.0046,1,0.119381341540941,,"{""launch_dow"":1,""launch_utc_hour"":6,""price_zscore_6h"":0.9583333333333334,""launch_local_hour"":6}",2026-02-17 07:24:52.444744+00,topup,
6383,aws,us-east-1,t3a.large,topup,min4_topup,60,meta_v3_ensemble_h1_hedge_persist,i-035a5689dd791bab2,Censored (Stopped by Design),2026-02-17 06:24:44.589481+00,2026-02-17 07:24:53.621213+00,60.15,false,,1,0.037,0.0046,1,0.116390782850114,,"{""launch_dow"":1,""launch_utc_hour"":6,""price_zscore_6h"":0.9583333333333334,""launch_local_hour"":6}",2026-02-17 07:24:54.15367+00,topup,
6384,aws,us-east-1,t3a.large,topup,min4_topup,60,meta_v3_ensemble_h1_hedge_persist,i-0d086d583b727170e,Censored (Stopped by Design),2026-02-17 06:24:46.321611+00,2026-02-17 07:24:55.467533+00,60.15,false,,1,0.037,0.0046,1,0.122014976892954,,"{""launch_dow"":1,""launch_utc_hour"":6,""price_zscore_6h"":0.9583333333333334,""launch_local_hour"":6}",2026-02-17 07:24:55.973827+00,topup,
6385,aws,us-east-1,m6a.large,topup,min4_topup,60,meta_v3_ensemble_h1_hedge_persist,i-0277fc40ceea03167,Censored (Stopped by Design),2026-02-17 06:24:48.256561+00,2026-02-17 07:24:59.976995+00,60.2,false,,1,0.0438,0.001,1,0.00682094606374048,,"{""launch_dow"":1,""launch_utc_hour"":6,""price_zscore_6h"":0.8333333333333334,""launch_local_hour"":6}",2026-02-17 07:25:00.527637+00,topup,
6386,aws,us-east-1,m6a.large,topup,min4_topup,60,meta_v3_ensemble_h1_hedge_persist,i-0457371014b0abd78,Censored (Stopped by Design),2026-02-17 06:24:53.344628+00,2026-02-17 07:25:05.117207+00,60.2,false,,1,0.0438,0.001,1,0.00745509978265584,,"{""launch_dow"":1,""launch_utc_hour"":6,""price_zscore_6h"":0.8333333333333334,""launch_local_hour"":6}",2026-02-17 07:25:05.776178+00,topup,
6387,aws,us-east-1,m6a.large,topup,min4_topup,60,meta_v3_ensemble_h1_hedge_persist,i-0776e4364e6ebf1a2,Censored (Stopped by Design),2026-02-17 06:24:58.190229+00,2026-02-17 07:25:10.879625+00,60.21,false,,1,0.0438,0.001,1,0.00640142160842654,,"{""launch_dow"":1,""launch_utc_hour"":6,""price_zscore_6h"":0.8333333333333334,""launch_local_hour"":6}",2026-02-17 07:25:11.447694+00,topup,
6388,aws,us-east-1,m6a.large,topup,min4_topup,60,meta_v3_ensemble_h1_hedge_persist,i-0f5a01d84e6b3edea,Censored (Stopped by Design),2026-02-17 06:25:03.253473+00,2026-02-17 07:25:16.341204+00,60.22,false,,1,0.0438,0.001,1,0.00755311932313567,,"{""launch_dow"":1,""launch_utc_hour"":6,""price_zscore_6h"":0.8333333333333334,""launch_local_hour"":6}",2026-02-17 07:25:16.948306+00,topup,
6412,aws,us-east-1,t3a.large,topup,min4_topup,60,meta_v3_ensemble_h1_hedge_persist,i-016463452eb489443,Censored (Stopped by Design),2026-02-17 07:26:38.277391+00,2026-02-17 08:26:48.121206+00,60.16,false,,1,0.0362,-0.000799999999999995,1,0.11722807340853,,"{""launch_dow"":1,""launch_utc_hour"":7,""price_zscore_6h"":-0.7999999999999989,""launch_local_hour"":7}",2026-02-17 08:26:48.652567+00,topup,
6414,aws,us-east-1,t3a.large,topup,min4_topup,60,meta_v3_ensemble_h1_hedge_persist,i-0799088c70f70cd0b,Censored (Stopped by Design),2026-02-17 07:26:40.144912+00,2026-02-17 08:26:48.8012+00,60.14,false,,1,0.0362,-0.000799999999999995,1,0.117633030505609,,"{""launch_dow"":1,""launch_utc_hour"":7,""price_zscore_6h"":-0.7999999999999989,""launch_local_hour"":7}",2026-02-17 08:26:49.281796+00,topup,
6415,aws,us-east-1,t3a.large,topup,min4_topup,60,meta_v3_ensemble_h1_hedge_persist,i-06318df97042d3f78,Censored (Stopped by Design),2026-02-17 07:26:42.430649+00,2026-02-17 08:26:51.562917+00,60.15,false,,1,0.0362,-0.000799999999999995,1,0.120579429984311,,"{""launch_dow"":1,""launch_utc_hour"":7,""price_zscore_6h"":-0.7999999999999989,""launch_local_hour"":7}",2026-02-17 08:26:52.106093+00,topup,
6416,aws,us-east-1,t3a.large,topup,min4_topup,60,meta_v3_ensemble_h1_hedge_persist,i-0109b0abebec8eb4e,Censored (Stopped by Design),2026-02-17 07:26:44.334837+00,2026-02-17 08:26:53.283271+00,60.15,false,,1,0.0362,-0.000799999999999995,1,0.120751857396615,,"{""launch_dow"":1,""launch_utc_hour"":7,""price_zscore_6h"":-0.7999999999999989,""launch_local_hour"":7}",2026-02-17 08:26:53.839677+00,topup,
6417,aws,us-east-1,c6i.large,topup,min4_topup,60,meta_v3_ensemble_h1_hedge_persist,i-055caf7817c2105ad,Censored (Stopped by Design),2026-02-17 07:26:46.434336+00,2026-02-17 08:26:55.141247+00,60.15,false,,1,0.0334,-0.0064,1,0.0580637820876003,,"{""launch_dow"":1,""launch_utc_hour"":7,""price_zscore_6h"":-0.9696969696969697,""launch_local_hour"":7}",2026-02-17 08:26:55.646072+00,topup,
6418,aws,us-east-1,c6i.large,topup,min4_topup,60,meta_v3_ensemble_h1_hedge_persist,i-0029cfca5520e1df3,Censored (Stopped by Design),2026-02-17 07:26:48.446715+00,2026-02-17 08:26:57.601211+00,60.15,false,,1,0.0334,-0.0064,1,0.0593885058195389,,"{""launch_dow"":1,""launch_utc_hour"":7,""price_zscore_6h"":-0.9696969696969697,""launch_local_hour"":7}",2026-02-17 08:26:58.119055+00,topup,
6419,aws,us-east-1,c6i.large,topup,min4_topup,60,meta_v3_ensemble_h1_hedge_persist,i-0925978b93e328b2f,Censored (Stopped by Design),2026-02-17 07:26:50.312896+00,2026-02-17 08:26:59.641207+00,60.16,false,,1,0.0334,-0.0064,1,0.0538599961938764,,"{""launch_dow"":1,""launch_utc_hour"":7,""price_zscore_6h"":-0.9696969696969697,""launch_local_hour"":7}",2026-02-17 08:27:00.153793+00,topup,
6420,aws,us-east-1,c6i.large,topup,min4_topup,60,meta_v3_ensemble_h1_hedge_persist,i-0197adfff541de109,Censored (Stopped by Design),2026-02-17 07:26:51.976561+00,2026-02-17 08:27:01.451229+00,60.16,false,,1,0.0334,-0.0064,1,0.0576442312454323,,"{""launch_dow"":1,""launch_utc_hour"":7,""price_zscore_6h"":-0.9696969696969697,""launch_local_hour"":7}",2026-02-17 08:27:02.028302+00,topup,
6445,aws,us-east-1,t3a.large,topup,min4_topup,60,meta_v3_ensemble_h1_hedge_persist,i-012872b316502e353,Censored (Stopped by Design),2026-02-17 08:28:16.200135+00,2026-02-17 09:28:26.121213+00,60.17,false,,1,0.0362,-0.000799999999999995,1,0.12300668821859,,"{""launch_dow"":1,""launch_utc_hour"":8,""price_zscore_6h"":-0.7999999999999989,""launch_local_hour"":8}",2026-02-17 09:28:26.530921+00,topup,
6446,aws,us-east-1,t3a.large,topup,min4_topup,60,meta_v3_ensemble_h1_hedge_persist,i-0bdefd60218434476,Censored (Stopped by Design),2026-02-17 08:28:18.002376+00,2026-02-17 09:28:26.935912+00,60.15,false,,1,0.0362,-0.000799999999999995,1,0.12087016677827,,"{""launch_dow"":1,""launch_utc_hour"":8,""price_zscore_6h"":-0.7999999999999989,""launch_local_hour"":8}",2026-02-17 09:28:27.439872+00,topup,
6447,aws,us-east-1,t3a.large,topup,min4_topup,60,meta_v3_ensemble_h1_hedge_persist,i-08c834cf2a609567a,Censored (Stopped by Design),2026-02-17 08:28:19.828424+00,2026-02-17 09:28:29.35664+00,60.16,false,,1,0.0362,-0.000799999999999995,1,0.120174770999523,,"{""launch_dow"":1,""launch_utc_hour"":8,""price_zscore_6h"":-0.7999999999999989,""launch_local_hour"":8}",2026-02-17 09:28:29.806105+00,topup,
6448,aws,us-east-1,t3a.large,topup,min4_topup,60,meta_v3_ensemble_h1_hedge_persist,i-085fe0989840eacbf,Censored (Stopped by Design),2026-02-17 08:28:21.737979+00,2026-02-17 09:28:30.701218+00,60.15,false,,1,0.0362,-0.000799999999999995,1,0.121128240370191,,"{""launch_dow"":1,""launch_utc_hour"":8,""price_zscore_6h"":-0.7999999999999989,""launch_local_hour"":8}",2026-02-17 09:28:31.229223+00,topup,
6449,aws,us-east-1,m6a.large,topup,min4_topup,60,meta_v3_ensemble_h1_hedge_persist,i-010963a8af96b2e9a,Censored (Stopped by Design),2026-02-17 08:28:23.52656+00,2026-02-17 09:28:35.811202+00,60.2,false,,1,0.0438,0.001,1,0.0065992358091066,,"{""launch_dow"":1,""launch_utc_hour"":8,""price_zscore_6h"":0.8333333333333334,""launch_local_hour"":8}",2026-02-17 09:28:36.268792+00,topup,
6450,aws,us-east-1,m6a.large,topup,min4_topup,60,meta_v3_ensemble_h1_hedge_persist,i-00a06643903e56455,Censored (Stopped by Design),2026-02-17 08:28:28.487132+00,2026-02-17 09:28:40.947919+00,60.21,false,,1,0.0438,0.001,1,0.00747920077991218,,"{""launch_dow"":1,""launch_utc_hour"":8,""price_zscore_6h"":0.8333333333333334,""launch_local_hour"":8}",2026-02-17 09:28:41.504703+00,topup,
6451,aws,us-east-1,m6a.large,topup,min4_topup,60,meta_v3_ensemble_h1_hedge_persist,i-034e1f1c39fcc9731,Censored (Stopped by Design),2026-02-17 08:28:33.593612+00,2026-02-17 09:28:46.341212+00,60.21,false,,1,0.0438,0.001,1,0.00718669994277777,,"{""launch_dow"":1,""launch_utc_hour"":8,""price_zscore_6h"":0.8333333333333334,""launch_local_hour"":8}",2026-02-17 09:28:46.960808+00,topup,
6452,aws,us-east-1,m6a.large,topup,min4_topup,60,meta_v3_ensemble_h1_hedge_persist,i-0c4034557dedc6392,Censored (Stopped by Design),2026-02-17 08:28:38.796353+00,2026-02-17 09:28:50.935609+00,60.2,false,,1,0.0438,0.001,1,0.00713008944207865,,"{""launch_dow"":1,""launch_utc_hour"":8,""price_zscore_6h"":0.8333333333333334,""launch_local_hour"":8}",2026-02-17 09:28:51.512435+00,topup,
6453,aws,us-west-2,c6i.large,topup,min4_topup,60,meta_v3_ensemble_h1_hedge_persist,i-09f7941d0e6a7e514,Censored (Stopped by Design),2026-02-17 08:28:43.972562+00,2026-02-17 09:28:59.281212+00,60.26,false,,1,0.0424,0.000899999999999998,1,0.0281647695649106,,"{""launch_dow"":1,""launch_utc_hour"":8,""price_zscore_6h"":0.8181818181818178,""launch_local_hour"":8}",2026-02-17 09:29:00.159525+00,topup,
6454,aws,us-west-2,c6i.large,topup,min4_topup,60,meta_v3_ensemble_h1_hedge_persist,i-0c2d5f02765f893f2,Censored (Stopped by Design),2026-02-17 08:28:49.456183+00,2026-02-17 09:29:04.881204+00,60.26,false,,1,0.0424,0.000899999999999998,1,0.0269278115031821,,"{""launch_dow"":1,""launch_utc_hour"":8,""price_zscore_6h"":0.8181818181818178,""launch_local_hour"":8}",2026-02-17 09:29:05.429517+00,topup,
6478,aws,us-east-1,t3a.large,topup,min4_topup,60,meta_v3_ensemble_h1_hedge_persist,i-068fddb88478dcc96,Censored (Stopped by Design),2026-02-17 09:30:35.288584+00,2026-02-17 10:30:44.814365+00,60.16,false,,1,0.0362,-0.000799999999999995,1,0.113763440928758,,"{""launch_dow"":1,""launch_utc_hour"":9,""price_zscore_6h"":-0.7999999999999989,""launch_local_hour"":9}",2026-02-17 10:30:45.300196+00,topup,
6480,aws,us-east-1,c6i.large,topup,min4_topup,60,meta_v3_ensemble_h1_hedge_persist,i-0feab423e8f3aa5f6,Censored (Stopped by Design),2026-02-17 09:30:36.973302+00,2026-02-17 10:30:45.361319+00,60.14,false,,1,0.0334,-0.0064,1,0.0589551933275793,,"{""launch_dow"":1,""launch_utc_hour"":9,""price_zscore_6h"":-0.9696969696969697,""launch_local_hour"":9}",2026-02-17 10:30:45.878739+00,topup,
6481,aws,us-east-1,c6i.large,topup,min4_topup,60,meta_v3_ensemble_h1_hedge_persist,i-035b764cfd72c5938,Censored (Stopped by Design),2026-02-17 09:30:39.094014+00,2026-02-17 10:30:51.383347+00,60.2,false,,1,0.0334,-0.0064,1,0.056246118416053,,"{""launch_dow"":1,""launch_utc_hour"":9,""price_zscore_6h"":-0.9696969696969697,""launch_local_hour"":9}",2026-02-17 10:30:51.97847+00,topup,
6482,aws,us-west-2,m6a.large,topup,min4_topup,60,meta_v3_ensemble_h1_hedge_persist,i-00bf940b0f14c9b88,Censored (Stopped by Design),2026-02-17 09:30:44.340223+00,2026-02-17 10:30:56.261215+00,60.2,false,,1,0.0525,-0.0098,1,0.00914778854239604,,"{""launch_dow"":1,""launch_utc_hour"":9,""price_zscore_6h"":-0.98,""launch_local_hour"":9}",2026-02-17 10:30:56.829407+00,topup,
6483,aws,us-west-2,m6a.large,topup,min4_topup,60,meta_v3_ensemble_h1_hedge_persist,i-00288b763cc784c0b,Censored (Stopped by Design),2026-02-17 09:30:46.391+00,2026-02-17 10:31:05.272112+00,60.31,false,,1,0.0525,-0.0098,1,0.00781090398217672,,"{""launch_dow"":1,""launch_utc_hour"":9,""price_zscore_6h"":-0.98,""launch_local_hour"":9}",2026-02-17 10:31:06.152695+00,topup,
6484,aws,us-west-2,m6a.large,topup,min4_topup,60,meta_v3_ensemble_h1_hedge_persist,i-0daed8be08970945f,Censored (Stopped by Design),2026-02-17 09:30:51.737314+00,2026-02-17 10:31:06.88121+00,60.25,false,,1,0.0525,-0.0098,1,0.00863549068830419,,"{""launch_dow"":1,""launch_utc_hour"":9,""price_zscore_6h"":-0.98,""launch_local_hour"":9}",2026-02-17 10:31:07.410145+00,topup,
6485,aws,us-west-2,m6a.large,topup,min4_topup,60,meta_v3_ensemble_h1_hedge_persist,i-00cf8e2ec5a8c64e1,Censored (Stopped by Design),2026-02-17 09:30:57.267556+00,2026-02-17 10:31:12.591206+00,60.26,false,,1,0.0525,-0.0098,1,0.00859565727947749,,"{""launch_dow"":1,""launch_utc_hour"":9,""price_zscore_6h"":-0.98,""launch_local_hour"":9}",2026-02-17 10:31:13.430944+00,topup,
6510,aws,us-west-2,m6a.large,topup,min4_topup,60,meta_v3_ensemble_h1_hedge_persist,i-078ef985ffa5c7fe6,Censored (Stopped by Design),2026-02-17 10:32:28.969929+00,2026-02-17 11:32:44.34902+00,60.26,false,,1,0.0618,0.0207,1,0.00888252937636749,,"{""launch_dow"":1,""launch_utc_hour"":10,""price_zscore_6h"":0.9904306220095694,""launch_local_hour"":10}",2026-02-17 11:32:45.017168+00,topup,
6511,aws,us-west-2,m6a.large,topup,min4_topup,60,meta_v3_ensemble_h1_hedge_persist,i-0fc41c142cc182802,Censored (Stopped by Design),2026-02-17 10:32:34.595602+00,2026-02-17 11:32:50.14124+00,60.26,false,,1,0.0618,0.0207,1,0.00841947140492031,,"{""launch_dow"":1,""launch_utc_hour"":10,""price_zscore_6h"":0.9904306220095694,""launch_local_hour"":10}",2026-02-17 11:32:50.706571+00,topup,
6512,aws,us-west-2,m6a.large,topup,min4_topup,60,meta_v3_ensemble_h1_hedge_persist,i-0ff1a90a67e3fffa6,Censored (Stopped by Design),2026-02-17 10:32:39.995126+00,2026-02-17 11:32:51.740398+00,60.2,false,,1,0.0618,0.0207,1,0.00848554668946365,,"{""launch_dow"":1,""launch_utc_hour"":10,""price_zscore_6h"":0.9904306220095694,""launch_local_hour"":10}",2026-02-17 11:32:52.327416+00,topup,
6513,aws,us-west-2,m6a.large,topup,min4_topup,60,meta_v3_ensemble_h1_hedge_persist,i-09e9ea82850edc8d1,Censored (Stopped by Design),2026-02-17 10:32:41.944654+00,2026-02-17 11:32:56.941226+00,60.25,false,,1,0.0618,0.0207,1,0.00872955927432308,,"{""launch_dow"":1,""launch_utc_hour"":10,""price_zscore_6h"":0.9904306220095694,""launch_local_hour"":10}",2026-02-17 11:32:57.795669+00,topup,
6514,aws,us-west-2,c6i.large,topup,min4_topup,60,meta_v3_ensemble_h1_hedge_persist,i-0a2173044ea709451,Censored (Stopped by Design),2026-02-17 10:32:47.38627+00,2026-02-17 11:32:59.621214+00,60.2,false,,1,0.0424,0.000899999999999998,1,0.0271160039952933,,"{""launch_dow"":1,""launch_utc_hour"":10,""price_zscore_6h"":0.8181818181818178,""launch_local_hour"":10}",2026-02-17 11:33:00.178445+00,topup,
6515,aws,us-west-2,c6i.large,topup,min4_topup,60,meta_v3_ensemble_h1_hedge_persist,i-06a9ef5537a9600ff,Censored (Stopped by Design),2026-02-17 10:32:49.49305+00,2026-02-17 11:33:05.261214+00,60.26,false,,1,0.0424,0.000899999999999998,1,0.0259182522875834,,"{""launch_dow"":1,""launch_utc_hour"":10,""price_zscore_6h"":0.8181818181818178,""launch_local_hour"":10}",2026-02-17 11:33:05.826631+00,topup,
6517,aws,us-east-1,t3a.large,topup,min4_topup,60,meta_v3_ensemble_h1_hedge_persist,i-034d409e7fdf7f642,Interrupted,2026-02-17 11:34:22.885895+00,2026-02-17 11:52:28.829739+00,18.1,true,1,0,0.0323,0.0063,1,0.168096862689366,,"{""launch_dow"":1,""launch_utc_hour"":11,""price_zscore_6h"":0.9692307692307693,""launch_local_hour"":11}",2026-02-17 11:52:28.99995+00,topup,
6518,aws,us-east-1,t3a.large,topup,min4_topup,60,meta_v3_ensemble_h1_hedge_persist,i-0dee2c7699ae54f28,Interrupted,2026-02-17 11:34:27.726462+00,2026-02-17 11:52:30.913376+00,18.05,true,1,0,0.0323,0.0063,1,0.170289671349828,,"{""launch_dow"":1,""launch_utc_hour"":11,""price_zscore_6h"":0.9692307692307693,""launch_local_hour"":11}",2026-02-17 11:52:31.051715+00,topup,
6519,aws,us-east-1,t3a.large,topup,min4_topup,60,meta_v3_ensemble_h1_hedge_persist,i-0c83a49dd518a6279,Interrupted,2026-02-17 11:34:29.708906+00,2026-02-17 11:52:32.560932+00,18.05,true,1,0,0.0323,0.0063,1,0.170250979947565,,"{""launch_dow"":1,""launch_utc_hour"":11,""price_zscore_6h"":0.9692307692307693,""launch_local_hour"":11}",2026-02-17 11:52:32.645652+00,topup,
6543,aws,us-east-1,c6i.large,topup,min4_topup,60,meta_v3_ensemble_h1_hedge_persist,i-0cac34990ff183127,Censored (Stopped by Design),2026-02-17 11:34:31.498433+00,2026-02-17 12:34:40.361215+00,60.15,false,,1,0.0333,-0.0000999999999999959,1,0.0590233584241514,,"{""launch_dow"":1,""launch_utc_hour"":11,""price_zscore_6h"":-0.3333333333333243,""launch_local_hour"":11}",2026-02-17 12:34:40.900316+00,topup,
6544,aws,us-east-1,c6i.large,topup,min4_topup,60,meta_v3_ensemble_h1_hedge_persist,i-0f071261d1179e600,Censored (Stopped by Design),2026-02-17 11:34:33.188697+00,2026-02-17 12:34:42.461266+00,60.15,false,,1,0.0333,-0.0000999999999999959,1,0.057297825010776,,"{""launch_dow"":1,""launch_utc_hour"":11,""price_zscore_6h"":-0.3333333333333243,""launch_local_hour"":11}",2026-02-17 12:34:43.040318+00,topup,
6545,aws,us-east-1,c6i.large,topup,min4_topup,60,meta_v3_ensemble_h1_hedge_persist,i-0e7b7475216cbe2d5,Censored (Stopped by Design),2026-02-17 11:34:34.896797+00,2026-02-17 12:34:43.648998+00,60.15,false,,1,0.0333,-0.0000999999999999959,1,0.0579657041196096,,"{""launch_dow"":1,""launch_utc_hour"":11,""price_zscore_6h"":-0.3333333333333243,""launch_local_hour"":11}",2026-02-17 12:34:44.217967+00,topup,
6546,aws,us-west-2,m6a.large,topup,min4_topup,60,meta_v3_ensemble_h1_hedge_persist,i-086d8a0c411f1bb53,Censored (Stopped by Design),2026-02-17 11:34:36.876837+00,2026-02-17 12:34:49.301211+00,60.21,false,,1,0.0618,0.0207,1,0.00884932200894664,,"{""launch_dow"":1,""launch_utc_hour"":11,""price_zscore_6h"":0.9904306220095694,""launch_local_hour"":11}",2026-02-17 12:34:49.867588+00,topup,
6547,aws,us-west-2,m6a.large,topup,min4_topup,60,meta_v3_ensemble_h1_hedge_persist,i-03c217fd25437ed54,Censored (Stopped by Design),2026-02-17 11:34:38.884375+00,2026-02-17 12:34:54.401211+00,60.26,false,,1,0.0618,0.0207,1,0.00814930275953896,,"{""launch_dow"":1,""launch_utc_hour"":11,""price_zscore_6h"":0.9904306220095694,""launch_local_hour"":11}",2026-02-17 12:34:54.930656+00,topup,
6548,aws,us-west-2,m6a.large,topup,min4_topup,60,meta_v3_ensemble_h1_hedge_persist,i-01f9ffd1d60c4f22d,Censored (Stopped by Design),2026-02-17 11:34:44.110672+00,2026-02-17 12:34:59.413054+00,60.26,false,,1,0.0618,0.0207,1,0.0085376811446249,,"{""launch_dow"":1,""launch_utc_hour"":11,""price_zscore_6h"":0.9904306220095694,""launch_local_hour"":11}",2026-02-17 12:34:59.925857+00,topup,
6549,aws,us-west-2,m6a.large,topup,min4_topup,60,meta_v3_ensemble_h1_hedge_persist,i-0346ece0f0ac25dd8,Censored (Stopped by Design),2026-02-17 11:34:49.503057+00,2026-02-17 12:35:05.26378+00,60.26,false,,1,0.0618,0.0207,1,0.00811439257506008,,"{""launch_dow"":1,""launch_utc_hour"":11,""price_zscore_6h"":0.9904306220095694,""launch_local_hour"":11}",2026-02-17 12:35:05.887614+00,topup,
6550,aws,us-west-2,c6i.large,topup,min4_topup,60,meta_v3_ensemble_h1_hedge_persist,i-0882acff0c9a08436,Censored (Stopped by Design),2026-02-17 11:34:54.785773+00,2026-02-17 12:35:10.93121+00,60.27,false,,1,0.0424,0.000899999999999998,1,0.0260821672768815,,"{""launch_dow"":1,""launch_utc_hour"":11,""price_zscore_6h"":0.8181818181818178,""launch_local_hour"":11}",2026-02-17 12:35:11.71271+00,topup,
6551,aws,us-west-2,c6i.large,topup,min4_topup,60,meta_v3_ensemble_h1_hedge_persist,i-0e868fa7248bba6bb,Censored (Stopped by Design),2026-02-17 11:35:00.084571+00,2026-02-17 12:35:11.961217+00,60.2,false,,1,0.0424,0.000899999999999998,1,0.0275497890838121,,"{""launch_dow"":1,""launch_utc_hour"":11,""price_zscore_6h"":0.8181818181818178,""launch_local_hour"":11}",2026-02-17 12:35:12.501203+00,topup,
6556,aws,us-west-2,t3a.large,topup,min4_topup,60,meta_v3_ensemble_h1_hedge_persist,i-02e11b71e44914290,Interrupted,2026-02-17 12:36:55.951515+00,2026-02-17 13:22:10.589172+00,45.24,true,1,0,0.0339,0.000100000000000003,1,0.0196358612942708,,"{""launch_dow"":1,""launch_utc_hour"":12,""price_zscore_6h"":0.3333333333333397,""launch_local_hour"":12}",2026-02-17 13:22:11.264715+00,topup,
6577,aws,us-east-1,m6a.large,topup,min4_topup,60,meta_v3_ensemble_h1_hedge_persist,i-0e61a99a3d4f2cdd4,Censored (Stopped by Design),2026-02-17 12:36:43.792918+00,2026-02-17 13:36:56.857487+00,60.22,false,,1,0.0427,-0.0166,1,0.00779612028035344,,"{""launch_dow"":1,""launch_utc_hour"":12,""price_zscore_6h"":-0.9880952380952381,""launch_local_hour"":12}",2026-02-17 13:36:57.57684+00,topup,
6578,aws,us-east-1,m6a.large,topup,min4_topup,60,meta_v3_ensemble_h1_hedge_persist,i-03642d1edd4e13928,Censored (Stopped by Design),2026-02-17 12:36:48.771618+00,2026-02-17 13:37:00.681221+00,60.2,false,,1,0.0427,-0.0166,1,0.0076877497421848,,"{""launch_dow"":1,""launch_utc_hour"":12,""price_zscore_6h"":-0.9880952380952381,""launch_local_hour"":12}",2026-02-17 13:37:01.257855+00,topup,
6579,aws,us-west-2,t3a.large,topup,min4_topup,60,meta_v3_ensemble_h1_hedge_persist,i-0138fe0ac6a79a9f8,Censored (Stopped by Design),2026-02-17 12:36:53.969935+00,2026-02-17 13:37:06.26051+00,60.2,false,,1,0.0339,0.000100000000000003,1,0.0214784860470679,,"{""launch_dow"":1,""launch_utc_hour"":12,""price_zscore_6h"":0.3333333333333397,""launch_local_hour"":12}",2026-02-17 13:37:06.841333+00,topup,
6580,aws,us-west-2,t3a.large,topup,min4_topup,60,meta_v3_ensemble_h1_hedge_persist,i-002ffc994f2e612d7,Censored (Stopped by Design),2026-02-17 12:37:01.213069+00,2026-02-17 13:37:17.181208+00,60.27,false,,1,0.0339,0.000100000000000003,1,0.0210269674837593,,"{""launch_dow"":1,""launch_utc_hour"":12,""price_zscore_6h"":0.3333333333333397,""launch_local_hour"":12}",2026-02-17 13:37:17.780582+00,topup,
6581,aws,us-west-2,t3a.large,topup,min4_topup,60,meta_v3_ensemble_h1_hedge_persist,i-02f32df52ffc88eb3,Censored (Stopped by Design),2026-02-17 12:37:06.65018+00,2026-02-17 13:37:18.436863+00,60.2,false,,1,0.0339,0.000100000000000003,1,0.0189021438499517,,"{""launch_dow"":1,""launch_utc_hour"":12,""price_zscore_6h"":0.3333333333333397,""launch_local_hour"":12}",2026-02-17 13:37:19.047808+00,topup,
6582,aws,us-west-2,c6i.large,topup,min4_topup,60,meta_v3_ensemble_h1_hedge_persist,i-03e1be6b1a6474f12,Censored (Stopped by Design),2026-02-17 12:37:08.790693+00,2026-02-17 13:37:23.721209+00,60.25,false,,1,0.042,-0.000399999999999998,1,0.0475139638425165,,"{""launch_dow"":1,""launch_utc_hour"":12,""price_zscore_6h"":-0.6666666666666653,""launch_local_hour"":12}",2026-02-17 13:37:24.394215+00,topup,
6607,aws,us-west-2,t3a.large,topup,min4_topup,60,meta_v3_ensemble_h1_hedge_persist,i-0436d17b711c4b4a3,Censored (Stopped by Design),2026-02-17 13:39:09.233274+00,2026-02-17 14:39:22.66121+00,60.22,false,,1,0.0287,-0.0052,1,0.0311007474411942,,"{""launch_dow"":1,""launch_utc_hour"":13,""price_zscore_6h"":-0.962962962962963,""launch_local_hour"":13}",2026-02-17 14:39:23.277905+00,topup,
6608,aws,us-west-2,t3a.large,topup,min4_topup,60,meta_v3_ensemble_h1_hedge_persist,i-0375f0a7eec2e9e6a,Censored (Stopped by Design),2026-02-17 13:39:11.173081+00,2026-02-17 14:39:26.321317+00,60.25,false,,1,0.0287,-0.0052,1,0.0320899264193814,,"{""launch_dow"":1,""launch_utc_hour"":13,""price_zscore_6h"":-0.962962962962963,""launch_local_hour"":13}",2026-02-17 14:39:26.945055+00,topup,
6609,aws,us-west-2,t3a.large,topup,min4_topup,60,meta_v3_ensemble_h1_hedge_persist,i-0a90fb61aa6a057a7,Censored (Stopped by Design),2026-02-17 13:39:16.452745+00,2026-02-17 14:39:31.841211+00,60.26,false,,1,0.0287,-0.0052,1,0.0306609753008763,,"{""launch_dow"":1,""launch_utc_hour"":13,""price_zscore_6h"":-0.962962962962963,""launch_local_hour"":13}",2026-02-17 14:39:32.434507+00,topup,
6610,aws,us-west-2,t3a.large,topup,min4_topup,60,meta_v3_ensemble_h1_hedge_persist,i-063f82129853d5adb,Censored (Stopped by Design),2026-02-17 13:39:21.717749+00,2026-02-17 14:39:37.061205+00,60.26,false,,1,0.0287,-0.0052,1,0.0321278876531169,,"{""launch_dow"":1,""launch_utc_hour"":13,""price_zscore_6h"":-0.962962962962963,""launch_local_hour"":13}",2026-02-17 14:39:37.718017+00,topup,
6611,aws,us-west-2,m6a.large,topup,min4_topup,60,meta_v3_ensemble_h1_hedge_persist,i-06909271b26536629,Censored (Stopped by Design),2026-02-17 13:39:27.110453+00,2026-02-17 14:39:42.440184+00,60.26,false,,1,0.0475,-0.0143,1,0.0137857495169446,,"{""launch_dow"":1,""launch_utc_hour"":13,""price_zscore_6h"":-0.9862068965517241,""launch_local_hour"":13}",2026-02-17 14:39:42.977384+00,topup,
6612,aws,us-west-2,m6a.large,topup,min4_topup,60,meta_v3_ensemble_h1_hedge_persist,i-0311ab5ebed73a8fa,Censored (Stopped by Design),2026-02-17 13:39:32.539769+00,2026-02-17 14:39:44.341204+00,60.2,false,,1,0.0475,-0.0143,1,0.0144787683818781,,"{""launch_dow"":1,""launch_utc_hour"":13,""price_zscore_6h"":-0.9862068965517241,""launch_local_hour"":13}",2026-02-17 14:39:44.908452+00,topup,
6613,aws,us-west-2,m6a.large,topup,min4_topup,60,meta_v3_ensemble_h1_hedge_persist,i-0937db50c23c82819,Censored (Stopped by Design),2026-02-17 13:39:34.700955+00,2026-02-17 14:39:49.946702+00,60.25,false,,1,0.0475,-0.0143,1,0.0143568756913808,,"{""launch_dow"":1,""launch_utc_hour"":13,""price_zscore_6h"":-0.9862068965517241,""launch_local_hour"":13}",2026-02-17 14:39:50.511728+00,topup,
6614,aws,us-east-1,t3a.large,topup,min4_topup,60,meta_v3_ensemble_h1_hedge_persist,i-06a5d91f6755fbaff,Interrupted,2026-02-17 14:41:27.738452+00,2026-02-17 14:53:30.063438+00,12.04,true,1,0,0.0323,0.0063,1,0.325503832619174,,"{""launch_dow"":1,""launch_utc_hour"":14,""price_zscore_6h"":0.9692307692307693,""launch_local_hour"":14}",2026-02-17 14:53:31.191429+00,topup,
6615,aws,us-east-1,t3a.large,topup,min4_topup,60,meta_v3_ensemble_h1_hedge_persist,i-093a0c9eba8a488d0,Interrupted,2026-02-17 14:41:29.530213+00,2026-02-17 14:53:31.659749+00,12.04,true,1,0,0.0323,0.0063,1,0.32735526562385,,"{""launch_dow"":1,""launch_utc_hour"":14,""price_zscore_6h"":0.9692307692307693,""launch_local_hour"":14}",2026-02-17 14:53:31.903396+00,topup,
6616,aws,us-east-1,t3a.large,topup,min4_topup,60,meta_v3_ensemble_h1_hedge_persist,i-0411f9da7d62392a0,Interrupted,2026-02-17 14:41:31.291958+00,2026-02-17 14:53:33.586116+00,12.04,true,1,0,0.0323,0.0063,1,0.322433408167771,,"{""launch_dow"":1,""launch_utc_hour"":14,""price_zscore_6h"":0.9692307692307693,""launch_local_hour"":14}",2026-02-17 14:53:33.811595+00,topup,
6617,aws,us-east-1,t3a.large,topup,min4_topup,60,meta_v3_ensemble_h1_hedge_persist,i-054267fc08e38cdd3,Interrupted,2026-02-17 14:41:33.091151+00,2026-02-17 14:54:35.716707+00,13.04,true,1,0,0.0323,0.0063,1,0.325590351348926,,"{""launch_dow"":1,""launch_utc_hour"":14,""price_zscore_6h"":0.9692307692307693,""launch_local_hour"":14}",2026-02-17 14:54:36.086773+00,topup,
6642,aws,us-west-2,t3a.large,topup,min4_topup,60,meta_v3_ensemble_h1_hedge_persist,i-0b9a61118e351388a,Censored (Stopped by Design),2026-02-17 14:41:35.154336+00,2026-02-17 15:41:47.121174+00,60.2,false,,1,0.0287,-0.0052,1,0.0253887257714551,,"{""launch_dow"":1,""launch_utc_hour"":14,""price_zscore_6h"":-0.962962962962963,""launch_local_hour"":14}",2026-02-17 15:41:47.770835+00,topup,
6643,aws,us-west-2,t3a.large,topup,min4_topup,60,meta_v3_ensemble_h1_hedge_persist,i-0b9ab2f4a73522b0e,Censored (Stopped by Design),2026-02-17 14:41:37.150417+00,2026-02-17 15:41:49.021201+00,60.2,false,,1,0.0287,-0.0052,1,0.025772539617218,,"{""launch_dow"":1,""launch_utc_hour"":14,""price_zscore_6h"":-0.962962962962963,""launch_local_hour"":14}",2026-02-17 15:41:49.608296+00,topup,
6644,aws,us-west-2,t3a.large,topup,min4_topup,60,meta_v3_ensemble_h1_hedge_persist,i-03e34a5e265e9a6cb,Censored (Stopped by Design),2026-02-17 14:41:39.125047+00,2026-02-17 15:41:50.80121+00,60.19,false,,1,0.0287,-0.0052,1,0.0262362112065555,,"{""launch_dow"":1,""launch_utc_hour"":14,""price_zscore_6h"":-0.962962962962963,""launch_local_hour"":14}",2026-02-17 15:41:51.470163+00,topup,
6645,aws,us-west-2,t3a.large,topup,min4_topup,60,meta_v3_ensemble_h1_hedge_persist,i-0473c756b3d2dd9b5,Censored (Stopped by Design),2026-02-17 14:41:41.107435+00,2026-02-17 15:41:53.181213+00,60.2,false,,1,0.0287,-0.0052,1,0.0255514111342145,,"{""launch_dow"":1,""launch_utc_hour"":14,""price_zscore_6h"":-0.962962962962963,""launch_local_hour"":14}",2026-02-17 15:41:53.856704+00,topup,
6646,aws,us-west-2,c6i.large,topup,min4_topup,60,meta_v3_ensemble_h1_hedge_persist,i-0aa2d842d528d5963,Censored (Stopped by Design),2026-02-17 14:41:57.228266+00,2026-02-17 15:42:13.761219+00,60.28,false,,1,0.042,-0.000399999999999998,1,0.0448416925694298,,"{""launch_dow"":1,""launch_utc_hour"":14,""price_zscore_6h"":-0.6666666666666653,""launch_local_hour"":14}",2026-02-17 15:42:14.405667+00,topup,
6647,aws,us-west-2,c6i.large,topup,min4_topup,60,meta_v3_ensemble_h1_hedge_persist,i-0b88071504698d164,Censored (Stopped by Design),2026-02-17 14:42:04.013803+00,2026-02-17 15:42:19.751208+00,60.26,false,,1,0.042,-0.000399999999999998,1,0.0443301202173756,,"{""launch_dow"":1,""launch_utc_hour"":14,""price_zscore_6h"":-0.6666666666666653,""launch_local_hour"":14}",2026-02-17 15:42:20.430849+00,topup,
6648,aws,us-west-2,c6i.large,topup,min4_topup,60,meta_v3_ensemble_h1_hedge_persist,i-0db44678344e777cf,Censored (Stopped by Design),2026-02-17 14:42:11.092239+00,2026-02-17 15:42:26.621205+00,60.26,false,,1,0.042,-0.000399999999999998,1,0.0461713958327555,,"{""launch_dow"":1,""launch_utc_hour"":14,""price_zscore_6h"":-0.6666666666666653,""launch_local_hour"":14}",2026-02-17 15:42:27.385839+00,topup,
6673,aws,us-east-1,m6a.large,topup,min4_topup,60,meta_v3_ensemble_h1_hedge_persist,i-0b70975419ec14e14,Censored (Stopped by Design),2026-02-17 15:43:54.422701+00,2026-02-17 16:44:06.736619+00,60.21,false,,1,0.0479,0.0052,1,0.00697163023840363,,"{""launch_dow"":1,""launch_utc_hour"":15,""price_zscore_6h"":0.962962962962963,""launch_local_hour"":15}",2026-02-17 16:44:07.355076+00,topup,
6674,aws,us-east-1,m6a.large,topup,min4_topup,60,meta_v3_ensemble_h1_hedge_persist,i-0b3a7d370de286b80,Censored (Stopped by Design),2026-02-17 15:43:59.407901+00,2026-02-17 16:44:12.281237+00,60.21,false,,1,0.0479,0.0052,1,0.00684718475384955,,"{""launch_dow"":1,""launch_utc_hour"":15,""price_zscore_6h"":0.962962962962963,""launch_local_hour"":15}",2026-02-17 16:44:12.902968+00,topup,
6675,aws,us-east-1,m6a.large,topup,min4_topup,60,meta_v3_ensemble_h1_hedge_persist,i-05b5081eaf8b16935,Censored (Stopped by Design),2026-02-17 15:44:04.506923+00,2026-02-17 16:44:17.261232+00,60.21,false,,1,0.0479,0.0052,1,0.00689641938858162,,"{""launch_dow"":1,""launch_utc_hour"":15,""price_zscore_6h"":0.962962962962963,""launch_local_hour"":15}",2026-02-17 16:44:17.868594+00,topup,
6676,aws,us-east-1,m6a.large,topup,min4_topup,60,meta_v3_ensemble_h1_hedge_persist,i-012c4370b0dfaad2e,Censored (Stopped by Design),2026-02-17 15:44:09.497307+00,2026-02-17 16:44:22.061204+00,60.21,false,,1,0.0479,0.0052,1,0.00710623070233375,,"{""launch_dow"":1,""launch_utc_hour"":15,""price_zscore_6h"":0.962962962962963,""launch_local_hour"":15}",2026-02-17 16:44:22.774868+00,topup,
6677,aws,us-west-2,t3a.large,topup,min4_topup,60,meta_v3_ensemble_h1_hedge_persist,i-0f9d92e78377353cb,Censored (Stopped by Design),2026-02-17 15:44:14.77371+00,2026-02-17 16:44:26.981218+00,60.2,false,,1,0.0287,-0.0052,1,0.0278194769168193,,"{""launch_dow"":1,""launch_utc_hour"":15,""price_zscore_6h"":-0.962962962962963,""launch_local_hour"":15}",2026-02-17 16:44:27.56842+00,topup,
6678,aws,us-west-2,m6a.large,topup,min4_topup,60,meta_v3_ensemble_h1_hedge_persist,i-0fd80609b5d89ea8d,Censored (Stopped by Design),2026-02-17 15:44:16.750439+00,2026-02-17 16:44:29.461216+00,60.21,false,,1,0.0616,0.0094,1,0.013809595723404,,"{""launch_dow"":1,""launch_utc_hour"":15,""price_zscore_6h"":0.9791666666666666,""launch_local_hour"":15}",2026-02-17 16:44:30.107038+00,topup,
6679,aws,us-west-2,m6a.large,topup,min4_topup,60,meta_v3_ensemble_h1_hedge_persist,i-0c42a91e0e5f36428,Censored (Stopped by Design),2026-02-17 15:44:18.771499+00,2026-02-17 16:44:34.501211+00,60.26,false,,1,0.0616,0.0094,1,0.0149854981600472,,"{""launch_dow"":1,""launch_utc_hour"":15,""price_zscore_6h"":0.9791666666666666,""launch_local_hour"":15}",2026-02-17 16:44:35.405312+00,topup,
6680,aws,us-west-2,m6a.large,topup,min4_topup,60,meta_v3_ensemble_h1_hedge_persist,i-0a548b0f40e022f01,Censored (Stopped by Design),2026-02-17 15:44:24.070734+00,2026-02-17 16:44:39.241206+00,60.25,false,,1,0.0616,0.0094,1,0.014363046167392,,"{""launch_dow"":1,""launch_utc_hour"":15,""price_zscore_6h"":0.9791666666666666,""launch_local_hour"":15}",2026-02-17 16:44:40.023368+00,topup,
6681,aws,us-west-2,m6a.large,topup,min4_topup,60,meta_v3_ensemble_h1_hedge_persist,i-0dae8f03429febf4b,Censored (Stopped by Design),2026-02-17 15:44:29.287565+00,2026-02-17 16:44:44.421206+00,60.25,false,,1,0.0616,0.0094,1,0.0146287271887012,,"{""launch_dow"":1,""launch_utc_hour"":15,""price_zscore_6h"":0.9791666666666666,""launch_local_hour"":15}",2026-02-17 16:44:45.311228+00,topup,
6706,aws,us-east-1,m6a.large,topup,min4_topup,60,meta_v3_ensemble_h1_hedge_persist,i-0edce49fa39c3c808,Censored (Stopped by Design),2026-02-17 16:45:56.139723+00,2026-02-17 17:46:08.90201+00,60.21,false,,1,0.0438,-0.0041,1,0.00680957013618045,,"{""launch_dow"":1,""launch_utc_hour"":16,""price_zscore_6h"":-0.9534883720930233,""launch_local_hour"":16}",2026-02-17 17:46:09.652051+00,topup,
6707,aws,us-east-1,m6a.large,topup,min4_topup,60,meta_v3_ensemble_h1_hedge_persist,i-0b70f7ac44a982ef8,Censored (Stopped by Design),2026-02-17 16:46:01.07209+00,2026-02-17 17:46:13.594103+00,60.21,false,,1,0.0438,-0.0041,1,0.00798404347414228,,"{""launch_dow"":1,""launch_utc_hour"":16,""price_zscore_6h"":-0.9534883720930233,""launch_local_hour"":16}",2026-02-17 17:46:14.197928+00,topup,
6708,aws,us-east-1,m6a.large,topup,min4_topup,60,meta_v3_ensemble_h1_hedge_persist,i-0165f8f2410721120,Censored (Stopped by Design),2026-02-17 16:46:06.076048+00,2026-02-17 17:46:18.791223+00,60.21,false,,1,0.0438,-0.0041,1,0.00773719267293008,,"{""launch_dow"":1,""launch_utc_hour"":16,""price_zscore_6h"":-0.9534883720930233,""launch_local_hour"":16}",2026-02-17 17:46:19.338591+00,topup,
6709,aws,us-east-1,m6a.large,topup,min4_topup,60,meta_v3_ensemble_h1_hedge_persist,i-096ff60ed5db0ce57,Censored (Stopped by Design),2026-02-17 16:46:11.384563+00,2026-02-17 17:46:23.628576+00,60.2,false,,1,0.0438,-0.0041,1,0.00722570623658097,,"{""launch_dow"":1,""launch_utc_hour"":16,""price_zscore_6h"":-0.9534883720930233,""launch_local_hour"":16}",2026-02-17 17:46:24.197043+00,topup,
6710,aws,us-east-1,c6i.large,topup,min4_topup,60,meta_v3_ensemble_h1_hedge_persist,i-0a0739b0f24a7fb07,Censored (Stopped by Design),2026-02-17 16:46:16.411633+00,2026-02-17 17:46:28.871205+00,60.21,false,,1,0.0331,-0.0052,1,0.0786686738595173,,"{""launch_dow"":1,""launch_utc_hour"":16,""price_zscore_6h"":-0.962962962962963,""launch_local_hour"":16}",2026-02-17 17:46:29.399511+00,topup,
6711,aws,us-east-1,c6i.large,topup,min4_topup,60,meta_v3_ensemble_h1_hedge_persist,i-097487e8ec15c7a14,Censored (Stopped by Design),2026-02-17 16:46:21.688719+00,2026-02-17 17:46:33.911206+00,60.2,false,,1,0.0331,-0.0052,1,0.0766018616777274,,"{""launch_dow"":1,""launch_utc_hour"":16,""price_zscore_6h"":-0.962962962962963,""launch_local_hour"":16}",2026-02-17 17:46:34.469326+00,topup,
6712,aws,us-east-1,c6i.large,topup,min4_topup,60,meta_v3_ensemble_h1_hedge_persist,i-0a0748ffe23131321,Censored (Stopped by Design),2026-02-17 16:46:26.567244+00,2026-02-17 17:46:39.201222+00,60.21,false,,1,0.0331,-0.0052,1,0.0783176882076517,,"{""launch_dow"":1,""launch_utc_hour"":16,""price_zscore_6h"":-0.962962962962963,""launch_local_hour"":16}",2026-02-17 17:46:39.827791+00,topup,
6713,aws,us-west-2,m6a.large,topup,min4_topup,60,meta_v3_ensemble_h1_hedge_persist,i-04437f732acdb69da,Censored (Stopped by Design),2026-02-17 16:46:31.66578+00,2026-02-17 17:46:46.88121+00,60.25,false,,1,0.0616,0.0094,1,0.0144044397848191,,"{""launch_dow"":1,""launch_utc_hour"":16,""price_zscore_6h"":0.9791666666666666,""launch_local_hour"":16}",2026-02-17 17:46:47.76981+00,topup,
6714,aws,us-west-2,m6a.large,topup,min4_topup,60,meta_v3_ensemble_h1_hedge_persist,i-06e3df9b3d23ed38b,Censored (Stopped by Design),2026-02-17 16:46:37.045797+00,2026-02-17 17:46:49.581216+00,60.21,false,,1,0.0616,0.0094,1,0.0141437321295901,,"{""launch_dow"":1,""launch_utc_hour"":16,""price_zscore_6h"":0.9791666666666666,""launch_local_hour"":16}",2026-02-17 17:46:50.16396+00,topup,
6715,aws,us-west-2,m6a.large,topup,min4_topup,60,meta_v3_ensemble_h1_hedge_persist,i-0903336e4bae34ad7,Censored (Stopped by Design),2026-02-17 16:46:39.023158+00,2026-02-17 17:46:51.211204+00,60.2,false,,1,0.0616,0.0094,1,0.0143300001542278,,"{""launch_dow"":1,""launch_utc_hour"":16,""price_zscore_6h"":0.9791666666666666,""launch_local_hour"":16}",2026-02-17 17:46:51.722868+00,topup,
6716,aws,us-west-2,m6a.large,topup,min4_topup,60,meta_v3_ensemble_h1_hedge_persist,i-07642c67ef7768f43,Censored (Stopped by Design),2026-02-17 16:46:41.285824+00,2026-02-17 17:46:53.431191+00,60.2,false,,1,0.0616,0.0094,1,0.0144802484564414,,"{""launch_dow"":1,""launch_utc_hour"":16,""price_zscore_6h"":0.9791666666666666,""launch_local_hour"":16}",2026-02-17 17:46:54.081462+00,topup,
6720,aws,us-west-2,t3a.large,topup,min4_topup,60,meta_v3_ensemble_h1_hedge_persist,i-01f5fbcb68fd2d96b,Interrupted,2026-02-17 17:48:15.212318+00,2026-02-17 18:26:26.637968+00,38.19,true,1,0,0.0287,-0.0052,1,0.0548692541680044,,"{""launch_dow"":1,""launch_utc_hour"":17,""price_zscore_6h"":-0.962962962962963,""launch_local_hour"":17}",2026-02-17 18:26:27.029132+00,topup,
6742,aws,us-west-2,t3a.large,topup,min4_topup,60,meta_v3_ensemble_h1_hedge_persist,i-06a6dcfcbeecaf101,Censored (Stopped by Design),2026-02-17 17:48:20.760697+00,2026-02-17 18:48:37.686912+00,60.28,false,,1,0.0287,-0.0052,1,0.0543971862397822,,"{""launch_dow"":1,""launch_utc_hour"":17,""price_zscore_6h"":-0.962962962962963,""launch_local_hour"":17}",2026-02-17 18:48:38.263964+00,topup,
6743,aws,us-west-2,t3a.large,topup,min4_topup,60,meta_v3_ensemble_h1_hedge_persist,i-043276c88d983819e,Censored (Stopped by Design),2026-02-17 17:48:26.007644+00,2026-02-17 18:48:39.160117+00,60.22,false,,1,0.0287,-0.0052,1,0.0554935337338599,,"{""launch_dow"":1,""launch_utc_hour"":17,""price_zscore_6h"":-0.962962962962963,""launch_local_hour"":17}",2026-02-17 18:48:39.710797+00,topup,
6744,aws,us-west-2,t3a.large,topup,min4_topup,60,meta_v3_ensemble_h1_hedge_persist,i-0163256940b11d2b0,Censored (Stopped by Design),2026-02-17 17:48:27.853658+00,2026-02-17 18:48:43.041211+00,60.25,false,,1,0.0287,-0.0052,1,0.0544965097014213,,"{""launch_dow"":1,""launch_utc_hour"":17,""price_zscore_6h"":-0.962962962962963,""launch_local_hour"":17}",2026-02-17 18:48:43.599984+00,topup,
6745,aws,us-west-2,m6a.large,topup,min4_topup,60,meta_v3_ensemble_h1_hedge_persist,i-006267c0c2a3cfe15,Censored (Stopped by Design),2026-02-17 17:48:33.315538+00,2026-02-17 18:48:45.321219+00,60.2,false,,1,0.041,-0.0206,1,0.0135036575595604,,"{""launch_dow"":1,""launch_utc_hour"":17,""price_zscore_6h"":-0.9903846153846154,""launch_local_hour"":17}",2026-02-17 18:48:45.962637+00,topup,
6746,aws,us-west-2,m6a.large,topup,min4_topup,60,meta_v3_ensemble_h1_hedge_persist,i-007eeb19882136456,Censored (Stopped by Design),2026-02-17 17:48:35.482298+00,2026-02-17 18:48:47.301237+00,60.2,false,,1,0.041,-0.0206,1,0.0143557758181543,,"{""launch_dow"":1,""launch_utc_hour"":17,""price_zscore_6h"":-0.9903846153846154,""launch_local_hour"":17}",2026-02-17 18:48:47.859698+00,topup,
6747,aws,us-west-2,m6a.large,topup,min4_topup,60,meta_v3_ensemble_h1_hedge_persist,i-07504d93cd5083406,Censored (Stopped by Design),2026-02-17 17:48:37.574315+00,2026-02-17 18:48:52.994798+00,60.26,false,,1,0.041,-0.0206,1,0.0138248218943799,,"{""launch_dow"":1,""launch_utc_hour"":17,""price_zscore_6h"":-0.9903846153846154,""launch_local_hour"":17}",2026-02-17 18:48:53.632225+00,topup,
6748,aws,us-west-2,c6i.large,topup,min4_topup,60,meta_v3_ensemble_h1_hedge_persist,i-03d7c59f143b3d510,Censored (Stopped by Design),2026-02-17 17:48:42.945649+00,2026-02-17 18:48:58.101211+00,60.25,false,,1,0.042,-0.000399999999999998,1,0.0406613750293523,,"{""launch_dow"":1,""launch_utc_hour"":17,""price_zscore_6h"":-0.6666666666666653,""launch_local_hour"":17}",2026-02-17 18:48:58.736117+00,topup,
6773,aws,us-east-1,m6a.large,topup,min4_topup,60,meta_v3_ensemble_h1_hedge_persist,i-035a4dc0c6b5d1e7e,Censored (Stopped by Design),2026-02-17 18:50:44.827546+00,2026-02-17 19:50:57.291243+00,60.21,false,,1,0.0588,0.015,1,0.00713387737326615,,"{""launch_dow"":1,""launch_utc_hour"":18,""price_zscore_6h"":0.9868421052631579,""launch_local_hour"":18}",2026-02-17 19:50:57.870647+00,topup,
6774,aws,us-east-1,m6a.large,topup,min4_topup,60,meta_v3_ensemble_h1_hedge_persist,i-0493fbaef7499b99a,Censored (Stopped by Design),2026-02-17 18:50:49.758865+00,2026-02-17 19:51:02.761218+00,60.22,false,,1,0.0588,0.015,1,0.00748423530012035,,"{""launch_dow"":1,""launch_utc_hour"":18,""price_zscore_6h"":0.9868421052631579,""launch_local_hour"":18}",2026-02-17 19:51:03.359251+00,topup,
6775,aws,us-east-1,m6a.large,topup,min4_topup,60,meta_v3_ensemble_h1_hedge_persist,i-016c103407a068b73,Censored (Stopped by Design),2026-02-17 18:50:54.674524+00,2026-02-17 19:51:07.50126+00,60.21,false,,1,0.0588,0.015,1,0.00743586726335777,,"{""launch_dow"":1,""launch_utc_hour"":18,""price_zscore_6h"":0.9868421052631579,""launch_local_hour"":18}",2026-02-17 19:51:08.052136+00,topup,
6776,aws,us-east-1,m6a.large,topup,min4_topup,60,meta_v3_ensemble_h1_hedge_persist,i-0897bf3c23f480225,Censored (Stopped by Design),2026-02-17 18:50:59.799265+00,2026-02-17 19:51:11.881215+00,60.2,false,,1,0.0588,0.015,1,0.00832553853632499,,"{""launch_dow"":1,""launch_utc_hour"":18,""price_zscore_6h"":0.9868421052631579,""launch_local_hour"":18}",2026-02-17 19:51:12.547745+00,topup,
6777,aws,us-east-1,c6i.large,topup,min4_topup,60,meta_v3_ensemble_h1_hedge_persist,i-0b71ed11d9643ffd0,Censored (Stopped by Design),2026-02-17 18:51:04.791161+00,2026-02-17 19:51:16.621202+00,60.2,false,,1,0.0401,-0.000100000000000003,1,0.0809596589868148,,"{""launch_dow"":1,""launch_utc_hour"":18,""price_zscore_6h"":-0.3333333333333397,""launch_local_hour"":18}",2026-02-17 19:51:17.203386+00,topup,
6778,aws,us-east-1,c6i.large,topup,min4_topup,60,meta_v3_ensemble_h1_hedge_persist,i-04deacdfffbe0fed1,Censored (Stopped by Design),2026-02-17 18:51:09.856596+00,2026-02-17 19:51:21.601216+00,60.2,false,,1,0.0401,-0.000100000000000003,1,0.0815529809420025,,"{""launch_dow"":1,""launch_utc_hour"":18,""price_zscore_6h"":-0.3333333333333397,""launch_local_hour"":18}",2026-02-17 19:51:22.154499+00,topup,
6779,aws,us-east-1,c6i.large,topup,min4_topup,60,meta_v3_ensemble_h1_hedge_persist,i-0019aa03b7c958ed9,Censored (Stopped by Design),2026-02-17 18:51:14.814523+00,2026-02-17 19:51:24.481212+00,60.16,false,,1,0.0401,-0.000100000000000003,1,0.0800071953929422,,"{""launch_dow"":1,""launch_utc_hour"":18,""price_zscore_6h"":-0.3333333333333397,""launch_local_hour"":18}",2026-02-17 19:51:25.000317+00,topup,
6780,aws,us-east-1,c6i.large,topup,min4_topup,60,meta_v3_ensemble_h1_hedge_persist,i-00a28c2fd1030d143,Censored (Stopped by Design),2026-02-17 18:51:16.96757+00,2026-02-17 19:51:28.925791+00,60.2,false,,1,0.0401,-0.000100000000000003,1,0.0827219370438745,,"{""launch_dow"":1,""launch_utc_hour"":18,""price_zscore_6h"":-0.3333333333333397,""launch_local_hour"":18}",2026-02-17 19:51:29.492997+00,topup,
6781,aws,us-west-2,t3a.large,topup,min4_topup,60,meta_v3_ensemble_h1_hedge_persist,i-08126588cc53d5d04,Censored (Stopped by Design),2026-02-17 18:51:22.135439+00,2026-02-17 19:51:38.301214+00,60.27,false,,1,0.0359,0.0072,1,0.0545289992674738,,"{""launch_dow"":1,""launch_utc_hour"":18,""price_zscore_6h"":0.972972972972973,""launch_local_hour"":18}",2026-02-17 19:51:38.903078+00,topup,
6782,aws,us-west-2,t3a.large,topup,min4_topup,60,meta_v3_ensemble_h1_hedge_persist,i-08863ce68e5f198fe,Censored (Stopped by Design),2026-02-17 18:51:27.460119+00,2026-02-17 19:51:43.581206+00,60.27,false,,1,0.0359,0.0072,1,0.0589144996080329,,"{""launch_dow"":1,""launch_utc_hour"":18,""price_zscore_6h"":0.972972972972973,""launch_local_hour"":18}",2026-02-17 19:51:44.090579+00,topup,
6783,aws,us-west-2,t3a.large,topup,min4_topup,60,meta_v3_ensemble_h1_hedge_persist,i-075532f8674754b1e,Censored (Stopped by Design),2026-02-17 18:51:32.669779+00,2026-02-17 19:51:49.101211+00,60.27,false,,1,0.0359,0.0072,1,0.052937606976503,,"{""launch_dow"":1,""launch_utc_hour"":18,""price_zscore_6h"":0.972972972972973,""launch_local_hour"":18}",2026-02-17 19:51:49.877309+00,topup,
6784,aws,us-west-2,t3a.large,topup,min4_topup,60,meta_v3_ensemble_h1_hedge_persist,i-051b8f47352b6fd31,Censored (Stopped by Design),2026-02-17 18:51:37.963401+00,2026-02-17 19:51:54.151226+00,60.27,false,,1,0.0359,0.0072,1,0.054431143805907,,"{""launch_dow"":1,""launch_utc_hour"":18,""price_zscore_6h"":0.972972972972973,""launch_local_hour"":18}",2026-02-17 19:51:54.917752+00,topup,
6793,aws,us-west-2,t3a.large,topup,min4_topup,60,meta_v3_ensemble_h1_hedge_persist,i-0e5b1355c147f5351,Interrupted,2026-02-17 19:53:12.215236+00,2026-02-17 20:50:23.899176+00,57.19,true,1,0,0.0359,0.0072,1,0.0498632464328205,,"{""launch_dow"":1,""launch_utc_hour"":19,""price_zscore_6h"":0.972972972972973,""launch_local_hour"":19}",2026-02-17 20:50:24.642732+00,topup,
6809,aws,us-east-1,c6i.large,topup,min4_topup,60,meta_v3_ensemble_h1_hedge_persist,i-0588660e83fbc8c36,Censored (Stopped by Design),2026-02-17 19:53:10.040579+00,2026-02-17 20:53:19.281234+00,60.15,false,,1,0.0401,-0.000100000000000003,1,0.0808634461720517,,"{""launch_dow"":1,""launch_utc_hour"":19,""price_zscore_6h"":-0.3333333333333397,""launch_local_hour"":19}",2026-02-17 20:53:20.032404+00,topup,
6811,aws,us-west-2,t3a.large,topup,min4_topup,60,meta_v3_ensemble_h1_hedge_persist,i-0936de72aab797056,Censored (Stopped by Design),2026-02-17 19:53:14.195798+00,2026-02-17 20:53:25.681203+00,60.19,false,,1,0.0359,0.0072,1,0.0493494676057716,,"{""launch_dow"":1,""launch_utc_hour"":19,""price_zscore_6h"":0.972972972972973,""launch_local_hour"":19}",2026-02-17 20:53:26.417046+00,topup,
6812,aws,us-west-2,m6a.large,topup,min4_topup,60,meta_v3_ensemble_h1_hedge_persist,i-048feea717e0877c8,Censored (Stopped by Design),2026-02-17 19:53:16.252089+00,2026-02-17 20:53:32.191208+00,60.27,false,,1,0.041,-0.0206,1,0.00903084514641529,,"{""launch_dow"":1,""launch_utc_hour"":19,""price_zscore_6h"":-0.9903846153846154,""launch_local_hour"":19}",2026-02-17 20:53:32.960619+00,topup,
6813,aws,us-west-2,m6a.large,topup,min4_topup,60,meta_v3_ensemble_h1_hedge_persist,i-063f5f241df58bad1,Censored (Stopped by Design),2026-02-17 19:53:21.514392+00,2026-02-17 20:53:37.021224+00,60.26,false,,1,0.041,-0.0206,1,0.00861666667549639,,"{""launch_dow"":1,""launch_utc_hour"":19,""price_zscore_6h"":-0.9903846153846154,""launch_local_hour"":19}",2026-02-17 20:53:37.598371+00,topup,
6814,aws,us-west-2,m6a.large,topup,min4_topup,60,meta_v3_ensemble_h1_hedge_persist,i-0a3184da46b3971b3,Censored (Stopped by Design),2026-02-17 19:53:26.908064+00,2026-02-17 20:53:42.835992+00,60.27,false,,1,0.041,-0.0206,1,0.00976388627207206,,"{""launch_dow"":1,""launch_utc_hour"":19,""price_zscore_6h"":-0.9903846153846154,""launch_local_hour"":19}",2026-02-17 20:53:43.730963+00,topup,
6815,aws,us-west-2,m6a.large,topup,min4_topup,60,meta_v3_ensemble_h1_hedge_persist,i-092305fa21de72236,Censored (Stopped by Design),2026-02-17 19:53:32.203031+00,2026-02-17 20:53:44.281195+00,60.2,false,,1,0.041,-0.0206,1,0.00862172447217553,,"{""launch_dow"":1,""launch_utc_hour"":19,""price_zscore_6h"":-0.9903846153846154,""launch_local_hour"":19}",2026-02-17 20:53:44.905603+00,topup,
6826,aws,us-west-2,m6a.large,topup,min4_topup,60,meta_v3_ensemble_h1_hedge_persist,,LaunchFailed,,2026-02-17 20:57:55.63166+00,0,false,,0,0.0473,-0.0051,1,0.0103252318927783,,"{""launch_dow"":1,""launch_utc_hour"":20,""price_zscore_6h"":-0.9622641509433963,""launch_local_hour"":20}",2026-02-17 20:57:55.727277+00,topup,
6827,aws,us-west-2,m6a.large,topup,min4_topup,60,meta_v3_ensemble_h1_hedge_persist,,LaunchFailed,,2026-02-17 20:58:30.786136+00,0,false,,0,0.0473,-0.0051,1,0.0097712953144287,,"{""launch_dow"":1,""launch_utc_hour"":20,""price_zscore_6h"":-0.9622641509433963,""launch_local_hour"":20}",2026-02-17 20:58:30.878666+00,topup,
6828,aws,us-east-1,t3a.large,topup,min4_topup,60,meta_v3_ensemble_h1_hedge_persist,i-0fdf6fbeb033ffee4,Interrupted,2026-02-17 20:57:10.529438+00,2026-02-17 21:03:12.060266+00,6.03,true,1,0,0.0369,0.0094,1,0.264005709293495,,"{""launch_dow"":1,""launch_utc_hour"":20,""price_zscore_6h"":0.9791666666666666,""launch_local_hour"":20}",2026-02-17 21:03:12.445087+00,topup,
6829,aws,us-east-1,t3a.large,topup,min4_topup,60,meta_v3_ensemble_h1_hedge_persist,i-0a825659a4334e4a7,Interrupted,2026-02-17 20:57:12.392225+00,2026-02-17 21:03:13.905618+00,6.03,true,1,0,0.0369,0.0094,1,0.267471182429279,,"{""launch_dow"":1,""launch_utc_hour"":20,""price_zscore_6h"":0.9791666666666666,""launch_local_hour"":20}",2026-02-17 21:03:14.015056+00,topup,
6842,aws,us-west-2,c6i.large,topup,min4_topup,60,meta_v3_ensemble_h1_hedge_persist,i-0d8cf436d16cda968,Interrupted,2026-02-17 20:58:32.565076+00,2026-02-17 21:56:46.659989+00,58.23,true,1,0,0.0425,0.0034,1,0.115946329775352,,"{""launch_dow"":1,""launch_utc_hour"":20,""price_zscore_6h"":0.9444444444444444,""launch_local_hour"":20}",2026-02-17 21:56:46.843365+00,topup,
6845,aws,us-east-1,t3a.large,topup,min4_topup,60,meta_v3_ensemble_h1_hedge_persist,i-07aae66fab9c15ecc,Censored (Stopped by Design),2026-02-17 20:57:14.153035+00,2026-02-17 21:57:27.361231+00,60.22,false,,1,0.0369,0.0094,1,0.273835301597242,,"{""launch_dow"":1,""launch_utc_hour"":20,""price_zscore_6h"":0.9791666666666666,""launch_local_hour"":20}",2026-02-17 21:57:28.013717+00,topup,
6846,aws,us-east-1,t3a.large,topup,min4_topup,60,meta_v3_ensemble_h1_hedge_persist,i-03ecd851cc8695813,Censored (Stopped by Design),2026-02-17 20:57:19.095636+00,2026-02-17 21:57:31.618141+00,60.21,false,,1,0.0369,0.0094,1,0.26998223628782,,"{""launch_dow"":1,""launch_utc_hour"":20,""price_zscore_6h"":0.9791666666666666,""launch_local_hour"":20}",2026-02-17 21:57:32.188673+00,topup,
6847,aws,us-west-2,t3a.large,topup,min4_topup,60,meta_v3_ensemble_h1_hedge_persist,i-0ccf87767c4df1b7e,Censored (Stopped by Design),2026-02-17 20:57:24.115571+00,2026-02-17 21:57:39.895139+00,60.26,false,,1,0.0359,0.0072,1,0.0792562001379607,,"{""launch_dow"":1,""launch_utc_hour"":20,""price_zscore_6h"":0.972972972972973,""launch_local_hour"":20}",2026-02-17 21:57:40.567169+00,topup,
6848,aws,us-west-2,c6i.large,topup,min4_topup,60,meta_v3_ensemble_h1_hedge_persist,i-09e6d4a9aad67bb21,Censored (Stopped by Design),2026-02-17 20:58:34.719105+00,2026-02-17 21:58:47.561221+00,60.21,false,,1,0.0425,0.0034,1,0.122048646301043,,"{""launch_dow"":1,""launch_utc_hour"":20,""price_zscore_6h"":0.9444444444444444,""launch_local_hour"":20}",2026-02-17 21:58:48.357643+00,topup,
6849,aws,us-west-2,c6i.large,topup,min4_topup,60,meta_v3_ensemble_h1_hedge_persist,i-052224ecf42a27f69,Censored (Stopped by Design),2026-02-17 20:58:36.670901+00,2026-02-17 21:58:52.741213+00,60.27,false,,1,0.0425,0.0034,1,0.12912505576476,,"{""launch_dow"":1,""launch_utc_hour"":20,""price_zscore_6h"":0.9444444444444444,""launch_local_hour"":20}",2026-02-17 21:58:53.309951+00,topup,
6850,aws,us-west-2,c6i.large,topup,min4_topup,60,meta_v3_ensemble_h1_hedge_persist,i-04148febe30ea9868,Censored (Stopped by Design),2026-02-17 20:58:41.914038+00,2026-02-17 21:58:53.951214+00,60.2,false,,1,0.0425,0.0034,1,0.120535212883745,,"{""launch_dow"":1,""launch_utc_hour"":20,""price_zscore_6h"":0.9444444444444444,""launch_local_hour"":20}",2026-02-17 21:58:54.480605+00,topup,
6856,aws,us-west-2,c6i.large,topup,min4_topup,60,meta_v3_ensemble_h1_hedge_persist,i-02e26cbc17678c28a,Interrupted,2026-02-17 22:00:38.96366+00,2026-02-17 22:47:52.26322+00,47.22,true,1,0,0.0425,0.0034,1,0.133998921354533,,"{""launch_dow"":1,""launch_utc_hour"":22,""price_zscore_6h"":0.9444444444444444,""launch_local_hour"":22}",2026-02-17 22:47:52.521069+00,topup,
6876,aws,us-east-1,m6a.large,topup,min4_topup,60,meta_v3_ensemble_h1_hedge_persist,i-0c9c3fd966746958b,Censored (Stopped by Design),2026-02-17 22:00:18.633395+00,2026-02-17 23:00:31.01763+00,60.21,false,,1,0.0413,-0.000899999999999998,1,0.00693662359968928,,"{""launch_dow"":1,""launch_utc_hour"":22,""price_zscore_6h"":-0.8181818181818178,""launch_local_hour"":22}",2026-02-17 23:00:31.648692+00,topup,
6877,aws,us-east-1,m6a.large,topup,min4_topup,60,meta_v3_ensemble_h1_hedge_persist,i-07f94a134fdd40172,Censored (Stopped by Design),2026-02-17 22:00:23.650376+00,2026-02-17 23:00:36.06121+00,60.21,false,,1,0.0413,-0.000899999999999998,1,0.00688050798686532,,"{""launch_dow"":1,""launch_utc_hour"":22,""price_zscore_6h"":-0.8181818181818178,""launch_local_hour"":22}",2026-02-17 23:00:36.746902+00,topup,
6878,aws,us-east-1,m6a.large,topup,min4_topup,60,meta_v3_ensemble_h1_hedge_persist,i-0ef34b316d4f6692c,Censored (Stopped by Design),2026-02-17 22:00:28.734509+00,2026-02-17 23:00:41.188609+00,60.21,false,,1,0.0413,-0.000899999999999998,1,0.00742244347137266,,"{""launch_dow"":1,""launch_utc_hour"":22,""price_zscore_6h"":-0.8181818181818178,""launch_local_hour"":22}",2026-02-17 23:00:41.747497+00,topup,
6879,aws,us-east-1,m6a.large,topup,min4_topup,60,meta_v3_ensemble_h1_hedge_persist,i-05586e68f32e090dc,Censored (Stopped by Design),2026-02-17 22:00:33.732137+00,2026-02-17 23:00:46.377433+00,60.21,false,,1,0.0413,-0.000899999999999998,1,0.00753375519527368,,"{""launch_dow"":1,""launch_utc_hour"":22,""price_zscore_6h"":-0.8181818181818178,""launch_local_hour"":22}",2026-02-17 23:00:47.042011+00,topup,
6904,aws,us-east-1,t3a.large,topup,min4_topup,60,meta_v3_ensemble_h1_hedge_persist,i-0fda7027a0dee1942,Censored (Stopped by Design),2026-02-17 23:02:34.505488+00,2026-02-18 00:02:47.071226+00,60.21,false,,1,0.0319,-0.005,1,0.253573290347623,,"{""launch_dow"":1,""launch_utc_hour"":23,""price_zscore_6h"":-0.9615384615384617,""launch_local_hour"":23}",2026-02-18 00:02:47.66168+00,topup,
6905,aws,us-east-1,t3a.large,topup,min4_topup,60,meta_v3_ensemble_h1_hedge_persist,i-0a8ee846eae8424cb,Censored (Stopped by Design),2026-02-17 23:02:39.556547+00,2026-02-18 00:02:51.967146+00,60.21,false,,1,0.0319,-0.005,1,0.25184248163501,,"{""launch_dow"":1,""launch_utc_hour"":23,""price_zscore_6h"":-0.9615384615384617,""launch_local_hour"":23}",2026-02-18 00:02:52.538556+00,topup,
6906,aws,us-east-1,t3a.large,topup,min4_topup,60,meta_v3_ensemble_h1_hedge_persist,i-0656919507b5fa27c,Censored (Stopped by Design),2026-02-17 23:02:44.966908+00,2026-02-18 00:02:57.598321+00,60.21,false,,1,0.0319,-0.005,1,0.253401760264327,,"{""launch_dow"":1,""launch_utc_hour"":23,""price_zscore_6h"":-0.9615384615384617,""launch_local_hour"":23}",2026-02-18 00:02:58.522735+00,topup,
6907,aws,us-east-1,m6a.large,topup,min4_topup,60,meta_v3_ensemble_h1_hedge_persist,i-02e2427c472bab389,Censored (Stopped by Design),2026-02-17 23:02:50.065319+00,2026-02-18 00:03:03.025704+00,60.22,false,,1,0.0437,0.0024,1,0.00673145307657729,,"{""launch_dow"":1,""launch_utc_hour"":23,""price_zscore_6h"":0.923076923076923,""launch_local_hour"":23}",2026-02-18 00:03:03.83619+00,topup,
6908,aws,us-east-1,m6a.large,topup,min4_topup,60,meta_v3_ensemble_h1_hedge_persist,i-0c5656f36b2cccf07,Censored (Stopped by Design),2026-02-17 23:02:55.233037+00,2026-02-18 00:03:07.961209+00,60.21,false,,1,0.0437,0.0024,1,0.00781305664694617,,"{""launch_dow"":1,""launch_utc_hour"":23,""price_zscore_6h"":0.923076923076923,""launch_local_hour"":23}",2026-02-18 00:03:08.664989+00,topup,
6909,aws,us-east-1,m6a.large,topup,min4_topup,60,meta_v3_ensemble_h1_hedge_persist,i-0c6be14e63cdfac4e,Censored (Stopped by Design),2026-02-17 23:03:00.200811+00,2026-02-18 00:03:12.691017+00,60.21,false,,1,0.0437,0.0024,1,0.00763746558755621,,"{""launch_dow"":1,""launch_utc_hour"":23,""price_zscore_6h"":0.923076923076923,""launch_local_hour"":23}",2026-02-18 00:03:13.379568+00,topup,
6910,aws,us-east-1,m6a.large,topup,min4_topup,60,meta_v3_ensemble_h1_hedge_persist,i-00975c039f7437efc,Censored (Stopped by Design),2026-02-17 23:03:05.222175+00,2026-02-18 00:03:17.452114+00,60.2,false,,1,0.0437,0.0024,1,0.00667404123994167,,"{""launch_dow"":1,""launch_utc_hour"":23,""price_zscore_6h"":0.923076923076923,""launch_local_hour"":23}",2026-02-18 00:03:18.125125+00,topup,
6911,aws,us-west-2,c6i.large,topup,min4_topup,60,meta_v3_ensemble_h1_hedge_persist,i-0d1f9d12f356010d0,Censored (Stopped by Design),2026-02-17 23:03:10.678903+00,2026-02-18 00:03:23.481196+00,60.21,false,,1,0.0425,0.0034,1,0.200811300621724,,"{""launch_dow"":1,""launch_utc_hour"":23,""price_zscore_6h"":0.9444444444444444,""launch_local_hour"":23}",2026-02-18 00:03:24.153485+00,topup,
6912,aws,us-west-2,c6i.large,topup,min4_topup,60,meta_v3_ensemble_h1_hedge_persist,i-0b27f24b75fd0998a,Censored (Stopped by Design),2026-02-17 23:03:13.037885+00,2026-02-18 00:03:29.321199+00,60.27,false,,1,0.0425,0.0034,1,0.195177274884158,,"{""launch_dow"":1,""launch_utc_hour"":23,""price_zscore_6h"":0.9444444444444444,""launch_local_hour"":23}",2026-02-18 00:03:30.249826+00,topup,
6913,aws,us-west-2,c6i.large,topup,min4_topup,60,meta_v3_ensemble_h1_hedge_persist,i-06ae7e158873c2911,Censored (Stopped by Design),2026-02-17 23:03:18.691284+00,2026-02-18 00:03:34.587967+00,60.26,false,,1,0.0425,0.0034,1,0.203901425155973,,"{""launch_dow"":1,""launch_utc_hour"":23,""price_zscore_6h"":0.9444444444444444,""launch_local_hour"":23}",2026-02-18 00:03:35.193679+00,topup,
6914,aws,us-west-2,c6i.large,topup,min4_topup,60,meta_v3_ensemble_h1_hedge_persist,i-033d7b2967d7ab7fa,Censored (Stopped by Design),2026-02-17 23:03:23.951563+00,2026-02-18 00:03:39.286034+00,60.26,false,,1,0.0425,0.0034,1,0.200197932166377,,"{""launch_dow"":1,""launch_utc_hour"":23,""price_zscore_6h"":0.9444444444444444,""launch_local_hour"":23}",2026-02-18 00:03:39.901748+00,topup,
6939,aws,us-east-1,t3a.large,topup,min4_topup,60,meta_v3_ensemble_h1_hedge_persist,i-001876b6357d7b1f6,Censored (Stopped by Design),2026-02-18 00:05:26.87475+00,2026-02-18 01:05:36.72121+00,60.16,false,,1,0.0279,-0.0079,1,0.187323563483281,,"{""launch_dow"":2,""launch_utc_hour"":0,""price_zscore_6h"":-0.9753086419753085,""launch_local_hour"":0}",2026-02-18 01:05:37.246508+00,topup,
6940,aws,us-east-1,m6a.large,topup,min4_topup,60,meta_v3_ensemble_h1_hedge_persist,i-053601ebc4bc60bab,Censored (Stopped by Design),2026-02-18 00:05:28.846765+00,2026-02-18 01:05:40.948143+00,60.2,false,,1,0.0437,0.0024,1,0.00724737038340823,,"{""launch_dow"":2,""launch_utc_hour"":0,""price_zscore_6h"":0.923076923076923,""launch_local_hour"":0}",2026-02-18 01:05:41.430409+00,topup,
6941,aws,us-east-1,m6a.large,topup,min4_topup,60,meta_v3_ensemble_h1_hedge_persist,i-03801182fb650a63c,Censored (Stopped by Design),2026-02-18 00:05:34.069403+00,2026-02-18 01:05:46.441226+00,60.21,false,,1,0.0437,0.0024,1,0.00644113318231516,,"{""launch_dow"":2,""launch_utc_hour"":0,""price_zscore_6h"":0.923076923076923,""launch_local_hour"":0}",2026-02-18 01:05:47.040123+00,topup,
6942,aws,us-east-1,m6a.large,topup,min4_topup,60,meta_v3_ensemble_h1_hedge_persist,i-058de74c971dbddf6,Censored (Stopped by Design),2026-02-18 00:05:39.143353+00,2026-02-18 01:05:52.167667+00,60.22,false,,1,0.0437,0.0024,1,0.00753000307633182,,"{""launch_dow"":2,""launch_utc_hour"":0,""price_zscore_6h"":0.923076923076923,""launch_local_hour"":0}",2026-02-18 01:05:52.919387+00,topup,
6943,aws,us-east-1,m6a.large,topup,min4_topup,60,meta_v3_ensemble_h1_hedge_persist,i-0a388c086a2e8a73f,Censored (Stopped by Design),2026-02-18 00:05:44.19586+00,2026-02-18 01:05:56.61335+00,60.21,false,,1,0.0437,0.0024,1,0.00692736506085963,,"{""launch_dow"":2,""launch_utc_hour"":0,""price_zscore_6h"":0.923076923076923,""launch_local_hour"":0}",2026-02-18 01:05:57.145455+00,topup,
6968,aws,us-east-1,m6a.large,topup,min4_topup,60,meta_v3_ensemble_h1_hedge_persist,i-0493dfc8bd1dd3725,Censored (Stopped by Design),2026-02-18 01:07:51.359142+00,2026-02-18 02:08:03.810322+00,60.21,false,,1,0.0437,0.0024,1,0.0074803356950288,,"{""launch_dow"":2,""launch_utc_hour"":1,""price_zscore_6h"":0.923076923076923,""launch_local_hour"":1}",2026-02-18 02:08:04.87394+00,topup,
6969,aws,us-east-1,m6a.large,topup,min4_topup,60,meta_v3_ensemble_h1_hedge_persist,i-0faeb32fb3eb83425,Censored (Stopped by Design),2026-02-18 01:07:56.306783+00,2026-02-18 02:08:08.770408+00,60.21,false,,1,0.0437,0.0024,1,0.00802926806670129,,"{""launch_dow"":2,""launch_utc_hour"":1,""price_zscore_6h"":0.923076923076923,""launch_local_hour"":1}",2026-02-18 02:08:09.713249+00,topup,
6970,aws,us-east-1,m6a.large,topup,min4_topup,60,meta_v3_ensemble_h1_hedge_persist,i-036822a937efb79a3,Censored (Stopped by Design),2026-02-18 01:08:01.297199+00,2026-02-18 02:08:13.661225+00,60.21,false,,1,0.0437,0.0024,1,0.0075202607189582,,"{""launch_dow"":2,""launch_utc_hour"":1,""price_zscore_6h"":0.923076923076923,""launch_local_hour"":1}",2026-02-18 02:08:14.236245+00,topup,
6971,aws,us-east-1,m6a.large,topup,min4_topup,60,meta_v3_ensemble_h1_hedge_persist,i-08bab8c3927c74707,Censored (Stopped by Design),2026-02-18 01:08:06.525306+00,2026-02-18 02:08:19.042972+00,60.21,false,,1,0.0437,0.0024,1,0.00729645188398217,,"{""launch_dow"":2,""launch_utc_hour"":1,""price_zscore_6h"":0.923076923076923,""launch_local_hour"":1}",2026-02-18 02:08:19.69771+00,topup,
6972,aws,us-east-1,c6i.large,topup,min4_topup,60,meta_v3_ensemble_h1_hedge_persist,i-0c3c65eee9d88dc98,Censored (Stopped by Design),2026-02-18 01:08:11.460215+00,2026-02-18 02:08:23.461207+00,60.2,false,,1,0.0329,-0.0068,1,0.0556646513137439,,"{""launch_dow"":2,""launch_utc_hour"":1,""price_zscore_6h"":-0.9714285714285715,""launch_local_hour"":1}",2026-02-18 02:08:23.961962+00,topup,
6973,aws,us-west-2,t3a.large,topup,min4_topup,60,meta_v3_ensemble_h1_hedge_persist,i-099205fd734c3bd05,Censored (Stopped by Design),2026-02-18 01:08:16.739396+00,2026-02-18 02:08:32.521205+00,60.26,false,,1,0.0288,-0.0052,1,0.0318460255119493,,"{""launch_dow"":2,""launch_utc_hour"":1,""price_zscore_6h"":-0.962962962962963,""launch_local_hour"":1}",2026-02-18 02:08:33.176491+00,topup,
6974,aws,us-west-2,t3a.large,topup,min4_topup,60,meta_v3_ensemble_h1_hedge_persist,i-0d0dbfdd2c4145a47,Censored (Stopped by Design),2026-02-18 01:08:22.030557+00,2026-02-18 02:08:37.604394+00,60.26,false,,1,0.0288,-0.0052,1,0.033713299867285,,"{""launch_dow"":2,""launch_utc_hour"":1,""price_zscore_6h"":-0.962962962962963,""launch_local_hour"":1}",2026-02-18 02:08:38.137603+00,topup,
6975,aws,us-west-2,t3a.large,topup,min4_topup,60,meta_v3_ensemble_h1_hedge_persist,i-09802c8b49ba1e30f,Censored (Stopped by Design),2026-02-18 01:08:27.391686+00,2026-02-18 02:08:42.721217+00,60.26,false,,1,0.0288,-0.0052,1,0.0333309748343195,,"{""launch_dow"":2,""launch_utc_hour"":1,""price_zscore_6h"":-0.962962962962963,""launch_local_hour"":1}",2026-02-18 02:08:43.317039+00,topup,
6976,aws,us-west-2,t3a.large,topup,min4_topup,60,meta_v3_ensemble_h1_hedge_persist,i-050280d439f78d528,Censored (Stopped by Design),2026-02-18 01:08:32.900022+00,2026-02-18 02:08:48.461285+00,60.26,false,,1,0.0288,-0.0052,1,0.0350468445436471,,"{""launch_dow"":2,""launch_utc_hour"":1,""price_zscore_6h"":-0.962962962962963,""launch_local_hour"":1}",2026-02-18 02:08:49.285307+00,topup,
6977,aws,us-west-2,c6i.large,topup,min4_topup,60,meta_v3_ensemble_h1_hedge_persist,i-09abae20ffcb14cee,Censored (Stopped by Design),2026-02-18 01:08:38.170442+00,2026-02-18 02:08:53.341214+00,60.25,false,,1,0.039,-0.0035,1,0.0799096573047846,,"{""launch_dow"":2,""launch_utc_hour"":1,""price_zscore_6h"":-0.9459459459459459,""launch_local_hour"":1}",2026-02-18 02:08:53.900905+00,topup,
6978,aws,us-west-2,c6i.large,topup,min4_topup,60,meta_v3_ensemble_h1_hedge_persist,i-0dc58de2279c854f1,Censored (Stopped by Design),2026-02-18 01:08:43.490691+00,2026-02-18 02:08:58.601194+00,60.25,false,,1,0.039,-0.0035,1,0.0828623633285187,,"{""launch_dow"":2,""launch_utc_hour"":1,""price_zscore_6h"":-0.9459459459459459,""launch_local_hour"":1}",2026-02-18 02:08:59.257334+00,topup,
7002,aws,us-east-1,t3a.large,topup,min4_topup,60,meta_v3_ensemble_h1_hedge_persist,i-0857b5e642506f5cc,Censored (Stopped by Design),2026-02-18 02:10:41.071892+00,2026-02-18 03:10:50.240433+00,60.15,false,,1,0.0367,0.011,1,0.113642052851156,,"{""launch_dow"":2,""launch_utc_hour"":2,""price_zscore_6h"":0.9821428571428571,""launch_local_hour"":2}",2026-02-18 03:10:50.808557+00,topup,
7004,aws,us-east-1,t3a.large,topup,min4_topup,60,meta_v3_ensemble_h1_hedge_persist,i-025af7cd4c632e904,Censored (Stopped by Design),2026-02-18 02:10:43.016017+00,2026-02-18 03:10:52.381213+00,60.16,false,,1,0.0367,0.011,1,0.110927406577929,,"{""launch_dow"":2,""launch_utc_hour"":2,""price_zscore_6h"":0.9821428571428571,""launch_local_hour"":2}",2026-02-18 03:10:52.88836+00,topup,
7005,aws,us-east-1,t3a.large,topup,min4_topup,60,meta_v3_ensemble_h1_hedge_persist,i-093876463b377e914,Censored (Stopped by Design),2026-02-18 02:10:44.871417+00,2026-02-18 03:10:54.231215+00,60.16,false,,1,0.0367,0.011,1,0.112025188489331,,"{""launch_dow"":2,""launch_utc_hour"":2,""price_zscore_6h"":0.9821428571428571,""launch_local_hour"":2}",2026-02-18 03:10:54.732339+00,topup,
7006,aws,us-east-1,t3a.large,topup,min4_topup,60,meta_v3_ensemble_h1_hedge_persist,i-03520776ec862be36,Censored (Stopped by Design),2026-02-18 02:10:46.650412+00,2026-02-18 03:10:56.181212+00,60.16,false,,1,0.0367,0.011,1,0.110412207599536,,"{""launch_dow"":2,""launch_utc_hour"":2,""price_zscore_6h"":0.9821428571428571,""launch_local_hour"":2}",2026-02-18 03:10:56.654104+00,topup,
7007,aws,us-east-1,m6a.large,topup,min4_topup,60,meta_v3_ensemble_h1_hedge_persist,i-0cb7be4db8c236499,Censored (Stopped by Design),2026-02-18 02:10:48.470443+00,2026-02-18 03:11:01.341268+00,60.21,false,,1,0.0437,0.0024,1,0.00870184267611366,,"{""launch_dow"":2,""launch_utc_hour"":2,""price_zscore_6h"":0.923076923076923,""launch_local_hour"":2}",2026-02-18 03:11:01.974213+00,topup,
7008,aws,us-east-1,m6a.large,topup,min4_topup,60,meta_v3_ensemble_h1_hedge_persist,i-020b625322d55087b,Censored (Stopped by Design),2026-02-18 02:10:53.500792+00,2026-02-18 03:11:05.801325+00,60.21,false,,1,0.0437,0.0024,1,0.00714328264915128,,"{""launch_dow"":2,""launch_utc_hour"":2,""price_zscore_6h"":0.923076923076923,""launch_local_hour"":2}",2026-02-18 03:11:06.34398+00,topup,
7009,aws,us-east-1,m6a.large,topup,min4_topup,60,meta_v3_ensemble_h1_hedge_persist,i-05cbf188e93642eab,Censored (Stopped by Design),2026-02-18 02:10:58.608247+00,2026-02-18 03:11:11.665635+00,60.22,false,,1,0.0437,0.0024,1,0.00728751663983554,,"{""launch_dow"":2,""launch_utc_hour"":2,""price_zscore_6h"":0.923076923076923,""launch_local_hour"":2}",2026-02-18 03:11:12.242215+00,topup,
7034,aws,us-east-1,t3a.large,topup,min4_topup,60,meta_v3_ensemble_h1_hedge_persist,i-0b688b7634653a788,Censored (Stopped by Design),2026-02-18 03:12:49.967543+00,2026-02-18 04:13:00.056983+00,60.17,false,,1,0.0367,0.011,1,0.0905476258188334,,"{""launch_dow"":2,""launch_utc_hour"":3,""price_zscore_6h"":0.9821428571428571,""launch_local_hour"":3}",2026-02-18 04:13:00.641901+00,topup,
7035,aws,us-east-1,t3a.large,topup,min4_topup,60,meta_v3_ensemble_h1_hedge_persist,i-09bd97cac091ba36e,Censored (Stopped by Design),2026-02-18 03:12:51.879901+00,2026-02-18 04:13:01.672574+00,60.16,false,,1,0.0367,0.011,1,0.0913864683499011,,"{""launch_dow"":2,""launch_utc_hour"":3,""price_zscore_6h"":0.9821428571428571,""launch_local_hour"":3}",2026-02-18 04:13:02.230703+00,topup,
7036,aws,us-east-1,t3a.large,topup,min4_topup,60,meta_v3_ensemble_h1_hedge_persist,i-0b5764e9f71de2b0d,Censored (Stopped by Design),2026-02-18 03:12:53.912458+00,2026-02-18 04:13:03.171245+00,60.15,false,,1,0.0367,0.011,1,0.0933638892995192,,"{""launch_dow"":2,""launch_utc_hour"":3,""price_zscore_6h"":0.9821428571428571,""launch_local_hour"":3}",2026-02-18 04:13:03.750597+00,topup,
7037,aws,us-east-1,t3a.large,topup,min4_topup,60,meta_v3_ensemble_h1_hedge_persist,i-0cae2ead86cb027bc,Censored (Stopped by Design),2026-02-18 03:12:55.679034+00,2026-02-18 04:13:05.321664+00,60.16,false,,1,0.0367,0.011,1,0.0923719270454234,,"{""launch_dow"":2,""launch_utc_hour"":3,""price_zscore_6h"":0.9821428571428571,""launch_local_hour"":3}",2026-02-18 04:13:05.844778+00,topup,
7038,aws,us-east-1,c6i.large,topup,min4_topup,60,meta_v3_ensemble_h1_hedge_persist,i-07f3773b3c1a4b23a,Censored (Stopped by Design),2026-02-18 03:12:57.494285+00,2026-02-18 04:13:09.785397+00,60.2,false,,1,0.0335,0.000100000000000003,1,0.0505202457465594,,"{""launch_dow"":2,""launch_utc_hour"":3,""price_zscore_6h"":0.3333333333333397,""launch_local_hour"":3}",2026-02-18 04:13:10.339831+00,topup,
7039,aws,us-east-1,c6i.large,topup,min4_topup,60,meta_v3_ensemble_h1_hedge_persist,i-03c65c8d80342b0eb,Censored (Stopped by Design),2026-02-18 03:13:02.450072+00,2026-02-18 04:13:14.681224+00,60.2,false,,1,0.0335,0.000100000000000003,1,0.0547343335876374,,"{""launch_dow"":2,""launch_utc_hour"":3,""price_zscore_6h"":0.3333333333333397,""launch_local_hour"":3}",2026-02-18 04:13:15.22151+00,topup,
7040,aws,us-east-1,c6i.large,topup,min4_topup,60,meta_v3_ensemble_h1_hedge_persist,i-008ad2ca5e14df5f5,Censored (Stopped by Design),2026-02-18 03:13:07.528509+00,2026-02-18 04:13:17.031209+00,60.16,false,,1,0.0335,0.000100000000000003,1,0.0556353412974691,,"{""launch_dow"":2,""launch_utc_hour"":3,""price_zscore_6h"":0.3333333333333397,""launch_local_hour"":3}",2026-02-18 04:13:17.519837+00,topup,
7065,aws,us-east-1,t3a.large,topup,min4_topup,60,meta_v3_ensemble_h1_hedge_persist,i-0a4ab81723cb8893e,Censored (Stopped by Design),2026-02-18 04:15:40.595653+00,2026-02-18 05:15:49.581218+00,60.15,false,,1,0.0357,-0.001,1,0.0822179490199797,,"{""launch_dow"":2,""launch_utc_hour"":4,""price_zscore_6h"":-0.8333333333333334,""launch_local_hour"":4}",2026-02-18 05:15:50.075734+00,topup,
7066,aws,us-east-1,t3a.large,topup,min4_topup,60,meta_v3_ensemble_h1_hedge_persist,i-03e0efdca4f55bb03,Censored (Stopped by Design),2026-02-18 04:15:42.6624+00,2026-02-18 05:15:55.248254+00,60.21,false,,1,0.0357,-0.001,1,0.0812043364910565,,"{""launch_dow"":2,""launch_utc_hour"":4,""price_zscore_6h"":-0.8333333333333334,""launch_local_hour"":4}",2026-02-18 05:15:55.75229+00,topup,
7067,aws,us-east-1,t3a.large,topup,min4_topup,60,meta_v3_ensemble_h1_hedge_persist,i-0ba12d91fc100d111,Censored (Stopped by Design),2026-02-18 04:15:47.7684+00,2026-02-18 05:15:56.191211+00,60.14,false,,1,0.0357,-0.001,1,0.0819299845164993,,"{""launch_dow"":2,""launch_utc_hour"":4,""price_zscore_6h"":-0.8333333333333334,""launch_local_hour"":4}",2026-02-18 05:15:56.688428+00,topup,
7068,aws,us-east-1,t3a.large,topup,min4_topup,60,meta_v3_ensemble_h1_hedge_persist,i-01a77587bb9fa2438,Censored (Stopped by Design),2026-02-18 04:15:49.59066+00,2026-02-18 05:15:58.901206+00,60.16,false,,1,0.0357,-0.001,1,0.0826913492702467,,"{""launch_dow"":2,""launch_utc_hour"":4,""price_zscore_6h"":-0.8333333333333334,""launch_local_hour"":4}",2026-02-18 05:15:59.379169+00,topup,
7069,aws,us-west-2,t3a.large,topup,min4_topup,60,meta_v3_ensemble_h1_hedge_persist,i-0f49ae4bf8ceea3fd,Censored (Stopped by Design),2026-02-18 04:15:51.59842+00,2026-02-18 05:16:05.25579+00,60.23,false,,1,0.0288,-0.0052,1,0.0116787119642076,,"{""launch_dow"":2,""launch_utc_hour"":4,""price_zscore_6h"":-0.962962962962963,""launch_local_hour"":4}",2026-02-18 05:16:06.003386+00,topup,
7070,aws,us-west-2,t3a.large,topup,min4_topup,60,meta_v3_ensemble_h1_hedge_persist,i-0e071307e40e2b1e4,Censored (Stopped by Design),2026-02-18 04:15:53.579707+00,2026-02-18 05:16:10.054298+00,60.27,false,,1,0.0288,-0.0052,1,0.0122539975345337,,"{""launch_dow"":2,""launch_utc_hour"":4,""price_zscore_6h"":-0.962962962962963,""launch_local_hour"":4}",2026-02-18 05:16:10.592617+00,topup,
7071,aws,us-west-2,t3a.large,topup,min4_topup,60,meta_v3_ensemble_h1_hedge_persist,i-01de0c85aadcd030f,Censored (Stopped by Design),2026-02-18 04:15:58.882553+00,2026-02-18 05:16:11.331216+00,60.21,false,,1,0.0288,-0.0052,1,0.0122692299588589,,"{""launch_dow"":2,""launch_utc_hour"":4,""price_zscore_6h"":-0.962962962962963,""launch_local_hour"":4}",2026-02-18 05:16:11.826297+00,topup,
7072,aws,us-west-2,t3a.large,topup,min4_topup,60,meta_v3_ensemble_h1_hedge_persist,i-03e0e47000eca70fe,Censored (Stopped by Design),2026-02-18 04:16:00.917086+00,2026-02-18 05:16:13.371219+00,60.21,false,,1,0.0288,-0.0052,1,0.0119258447013837,,"{""launch_dow"":2,""launch_utc_hour"":4,""price_zscore_6h"":-0.962962962962963,""launch_local_hour"":4}",2026-02-18 05:16:15.277304+00,topup,
7073,aws,us-west-2,m6a.large,topup,min4_topup,60,meta_v3_ensemble_h1_hedge_persist,i-0d9c2a7c4612211b0,Censored (Stopped by Design),2026-02-18 04:16:02.965352+00,2026-02-18 05:16:18.461276+00,60.26,false,,1,0.061,0.014,1,0.0085337396262754,,"{""launch_dow"":2,""launch_utc_hour"":4,""price_zscore_6h"":0.9859154929577464,""launch_local_hour"":4}",2026-02-18 05:16:18.961647+00,topup,
7074,aws,us-west-2,m6a.large,topup,min4_topup,60,meta_v3_ensemble_h1_hedge_persist,i-012a1601c4aeb6baf,Censored (Stopped by Design),2026-02-18 04:16:08.658597+00,2026-02-18 05:16:20.44121+00,60.2,false,,1,0.061,0.014,1,0.00820318663141537,,"{""launch_dow"":2,""launch_utc_hour"":4,""price_zscore_6h"":0.9859154929577464,""launch_local_hour"":4}",2026-02-18 05:16:21.139879+00,topup,
7075,aws,us-west-2,m6a.large,topup,min4_topup,60,meta_v3_ensemble_h1_hedge_persist,i-0211a4e6c9c469dd4,Censored (Stopped by Design),2026-02-18 04:16:10.691506+00,2026-02-18 05:16:26.377382+00,60.26,false,,1,0.061,0.014,1,0.00877414503155848,,"{""launch_dow"":2,""launch_utc_hour"":4,""price_zscore_6h"":0.9859154929577464,""launch_local_hour"":4}",2026-02-18 05:16:26.983973+00,topup,
7076,aws,us-west-2,m6a.large,topup,min4_topup,60,meta_v3_ensemble_h1_hedge_persist,i-089f7a3eb790dc38d,Censored (Stopped by Design),2026-02-18 04:16:15.987493+00,2026-02-18 05:16:31.661765+00,60.26,false,,1,0.061,0.014,1,0.00778614101859076,,"{""launch_dow"":2,""launch_utc_hour"":4,""price_zscore_6h"":0.9859154929577464,""launch_local_hour"":4}",2026-02-18 05:16:32.519557+00,topup,
7101,aws,us-east-1,m6a.large,topup,min4_topup,60,meta_v3_ensemble_h1_hedge_persist,i-07d95ed1d3ab5affa,Censored (Stopped by Design),2026-02-18 05:17:59.574514+00,2026-02-18 06:18:12.167591+00,60.21,false,,1,0.0412,-0.0165,1,0.0073440415274357,,"{""launch_dow"":2,""launch_utc_hour"":5,""price_zscore_6h"":-0.9880239520958085,""launch_local_hour"":5}",2026-02-18 06:18:12.670513+00,topup,
7102,aws,us-east-1,m6a.large,topup,min4_topup,60,meta_v3_ensemble_h1_hedge_persist,i-0ecb3beff4f1f2821,Censored (Stopped by Design),2026-02-18 05:18:04.659149+00,2026-02-18 06:18:17.152073+00,60.21,false,,1,0.0412,-0.0165,1,0.00689543953809796,,"{""launch_dow"":2,""launch_utc_hour"":5,""price_zscore_6h"":-0.9880239520958085,""launch_local_hour"":5}",2026-02-18 06:18:17.648028+00,topup,
7103,aws,us-east-1,m6a.large,topup,min4_topup,60,meta_v3_ensemble_h1_hedge_persist,i-0e5664394608f3adc,Censored (Stopped by Design),2026-02-18 05:18:09.77464+00,2026-02-18 06:18:21.801207+00,60.2,false,,1,0.0412,-0.0165,1,0.00758904110731257,,"{""launch_dow"":2,""launch_utc_hour"":5,""price_zscore_6h"":-0.9880239520958085,""launch_local_hour"":5}",2026-02-18 06:18:22.381154+00,topup,
7104,aws,us-east-1,m6a.large,topup,min4_topup,60,meta_v3_ensemble_h1_hedge_persist,i-0c03930ece9553a96,Censored (Stopped by Design),2026-02-18 05:18:14.606489+00,2026-02-18 06:18:26.841214+00,60.2,false,,1,0.0412,-0.0165,1,0.00608324532919565,,"{""launch_dow"":2,""launch_utc_hour"":5,""price_zscore_6h"":-0.9880239520958085,""launch_local_hour"":5}",2026-02-18 06:18:27.356859+00,topup,
7105,aws,us-east-1,c6i.large,topup,min4_topup,60,meta_v3_ensemble_h1_hedge_persist,i-06a0af5b442e30a1e,Censored (Stopped by Design),2026-02-18 05:18:19.466138+00,2026-02-18 06:18:31.041244+00,60.19,false,,1,0.0398,0.0063,1,0.0537808423101163,,"{""launch_dow"":2,""launch_utc_hour"":5,""price_zscore_6h"":0.9692307692307692,""launch_local_hour"":5}",2026-02-18 06:18:31.55955+00,topup,
7106,aws,us-east-1,c6i.large,topup,min4_topup,60,meta_v3_ensemble_h1_hedge_persist,i-0e740d18a6c0a0465,Censored (Stopped by Design),2026-02-18 05:18:24.50296+00,2026-02-18 06:18:36.1012+00,60.19,false,,1,0.0398,0.0063,1,0.0527347464631859,,"{""launch_dow"":2,""launch_utc_hour"":5,""price_zscore_6h"":0.9692307692307692,""launch_local_hour"":5}",2026-02-18 06:18:36.660527+00,topup,
7131,aws,us-east-1,t3a.large,topup,min4_topup,60,meta_v3_ensemble_h1_hedge_persist,i-05f2dfd865af3825e,Censored (Stopped by Design),2026-02-18 06:20:17.37546+00,2026-02-18 07:20:30.261211+00,60.21,false,,1,0.0281,-0.0035,1,0.105514653083908,,"{""launch_dow"":2,""launch_utc_hour"":6,""price_zscore_6h"":-0.9459459459459459,""launch_local_hour"":6}",2026-02-18 07:20:30.825979+00,topup,
7132,aws,us-east-1,m6a.large,topup,min4_topup,60,meta_v3_ensemble_h1_hedge_persist,i-0eb097fa498462690,Censored (Stopped by Design),2026-02-18 06:20:22.503575+00,2026-02-18 07:20:35.121225+00,60.21,false,,1,0.0412,-0.0165,1,0.00761174645323543,,"{""launch_dow"":2,""launch_utc_hour"":6,""price_zscore_6h"":-0.9880239520958085,""launch_local_hour"":6}",2026-02-18 07:20:35.591667+00,topup,
7133,aws,us-east-1,m6a.large,topup,min4_topup,60,meta_v3_ensemble_h1_hedge_persist,i-07a3edf6b95f225c7,Censored (Stopped by Design),2026-02-18 06:20:27.447544+00,2026-02-18 07:20:40.295206+00,60.21,false,,1,0.0412,-0.0165,1,0.00775037881253084,,"{""launch_dow"":2,""launch_utc_hour"":6,""price_zscore_6h"":-0.9880239520958085,""launch_local_hour"":6}",2026-02-18 07:20:40.91546+00,topup,
7134,aws,us-east-1,m6a.large,topup,min4_topup,60,meta_v3_ensemble_h1_hedge_persist,i-0d9270e3cd84be8ad,Censored (Stopped by Design),2026-02-18 06:20:32.39124+00,2026-02-18 07:20:44.621223+00,60.2,false,,1,0.0412,-0.0165,1,0.00719641892540214,,"{""launch_dow"":2,""launch_utc_hour"":6,""price_zscore_6h"":-0.9880239520958085,""launch_local_hour"":6}",2026-02-18 07:20:45.144555+00,topup,
7135,aws,us-east-1,m6a.large,topup,min4_topup,60,meta_v3_ensemble_h1_hedge_persist,i-0aa081c26ee2c15f4,Censored (Stopped by Design),2026-02-18 06:20:37.447208+00,2026-02-18 07:20:49.629946+00,60.2,false,,1,0.0412,-0.0165,1,0.00740852214410068,,"{""launch_dow"":2,""launch_utc_hour"":6,""price_zscore_6h"":-0.9880239520958085,""launch_local_hour"":6}",2026-02-18 07:20:50.166881+00,topup,
7136,aws,us-west-2,m6a.large,topup,min4_topup,60,meta_v3_ensemble_h1_hedge_persist,i-0cd2e460a808d46a8,Censored (Stopped by Design),2026-02-18 06:20:42.533346+00,2026-02-18 07:20:58.254838+00,60.26,false,,1,0.0523,-0.0087,1,0.00946905570982246,,"{""launch_dow"":2,""launch_utc_hour"":6,""price_zscore_6h"":-0.9775280898876404,""launch_local_hour"":6}",2026-02-18 07:20:58.983998+00,topup,
7137,aws,us-west-2,m6a.large,topup,min4_topup,60,meta_v3_ensemble_h1_hedge_persist,i-01399c8319135da39,Censored (Stopped by Design),2026-02-18 06:20:48.227165+00,2026-02-18 07:21:03.987019+00,60.26,false,,1,0.0523,-0.0087,1,0.00886705314856053,,"{""launch_dow"":2,""launch_utc_hour"":6,""price_zscore_6h"":-0.9775280898876404,""launch_local_hour"":6}",2026-02-18 07:21:04.561307+00,topup,
7162,aws,us-east-1,m6a.large,topup,min4_topup,60,meta_v3_ensemble_h1_hedge_persist,i-04c6ac843f74f25a4,Censored (Stopped by Design),2026-02-18 07:22:41.018033+00,2026-02-18 08:22:53.141203+00,60.2,false,,1,0.0468,-0.0105,1,0.00786332999086984,,"{""launch_dow"":2,""launch_utc_hour"":7,""price_zscore_6h"":-0.9813084112149533,""launch_local_hour"":7}",2026-02-18 08:22:53.728291+00,topup,
7163,aws,us-east-1,m6a.large,topup,min4_topup,60,meta_v3_ensemble_h1_hedge_persist,i-037fb89a1aeb08d57,Censored (Stopped by Design),2026-02-18 07:22:45.914603+00,2026-02-18 08:22:58.541234+00,60.21,false,,1,0.0468,-0.0105,1,0.00628858592484089,,"{""launch_dow"":2,""launch_utc_hour"":7,""price_zscore_6h"":-0.9813084112149533,""launch_local_hour"":7}",2026-02-18 08:22:59.099053+00,topup,
7164,aws,us-east-1,m6a.large,topup,min4_topup,60,meta_v3_ensemble_h1_hedge_persist,i-0621e445bbae50305,Censored (Stopped by Design),2026-02-18 07:22:51.048942+00,2026-02-18 08:23:03.651216+00,60.21,false,,1,0.0468,-0.0105,1,0.00640848933195579,,"{""launch_dow"":2,""launch_utc_hour"":7,""price_zscore_6h"":-0.9813084112149533,""launch_local_hour"":7}",2026-02-18 08:23:04.22457+00,topup,
7165,aws,us-east-1,m6a.large,topup,min4_topup,60,meta_v3_ensemble_h1_hedge_persist,i-00830ca92960d47d6,Censored (Stopped by Design),2026-02-18 07:22:56.030382+00,2026-02-18 08:23:08.421195+00,60.21,false,,1,0.0468,-0.0105,1,0.00740697459185563,,"{""launch_dow"":2,""launch_utc_hour"":7,""price_zscore_6h"":-0.9813084112149533,""launch_local_hour"":7}",2026-02-18 08:23:09.032514+00,topup,
7166,aws,us-west-2,t3a.large,topup,min4_topup,60,meta_v3_ensemble_h1_hedge_persist,i-05d77d5d03eefdb4e,Censored (Stopped by Design),2026-02-18 07:23:01.19161+00,2026-02-18 08:23:17.821213+00,60.28,false,,1,0.0342,-0.0017,1,0.0155134593653325,,"{""launch_dow"":2,""launch_utc_hour"":7,""price_zscore_6h"":-0.8947368421052632,""launch_local_hour"":7}",2026-02-18 08:23:18.375511+00,topup,
7167,aws,us-west-2,t3a.large,topup,min4_topup,60,meta_v3_ensemble_h1_hedge_persist,i-0daf3ae5c88e80e79,Censored (Stopped by Design),2026-02-18 07:23:06.838726+00,2026-02-18 08:23:19.490931+00,60.21,false,,1,0.0342,-0.0017,1,0.0152770358429968,,"{""launch_dow"":2,""launch_utc_hour"":7,""price_zscore_6h"":-0.8947368421052632,""launch_local_hour"":7}",2026-02-18 08:23:20.018111+00,topup,
7191,aws,us-east-1,t3a.large,topup,min4_topup,60,meta_v3_ensemble_h1_hedge_persist,i-0b3a66ffe068807de,Censored (Stopped by Design),2026-02-18 08:24:37.800775+00,2026-02-18 09:24:46.873718+00,60.15,false,,1,0.0354,0.0099,1,0.104904650267504,,"{""launch_dow"":2,""launch_utc_hour"":8,""price_zscore_6h"":0.9801980198019802,""launch_local_hour"":8}",2026-02-18 09:24:47.321516+00,topup,
7193,aws,us-east-1,t3a.large,topup,min4_topup,60,meta_v3_ensemble_h1_hedge_persist,i-0d750e48a43e9e03d,Censored (Stopped by Design),2026-02-18 08:24:39.761495+00,2026-02-18 09:24:48.642987+00,60.15,false,,1,0.0354,0.0099,1,0.102832566888633,,"{""launch_dow"":2,""launch_utc_hour"":8,""price_zscore_6h"":0.9801980198019802,""launch_local_hour"":8}",2026-02-18 09:24:49.149688+00,topup,
7194,aws,us-east-1,m6a.large,topup,min4_topup,60,meta_v3_ensemble_h1_hedge_persist,i-07ff6d0396d813f52,Censored (Stopped by Design),2026-02-18 08:24:41.505143+00,2026-02-18 09:24:54.07122+00,60.21,false,,1,0.0468,-0.0105,1,0.00789667487558788,,"{""launch_dow"":2,""launch_utc_hour"":8,""price_zscore_6h"":-0.9813084112149533,""launch_local_hour"":8}",2026-02-18 09:24:54.63476+00,topup,
7195,aws,us-east-1,m6a.large,topup,min4_topup,60,meta_v3_ensemble_h1_hedge_persist,i-0283447698583ff40,Censored (Stopped by Design),2026-02-18 08:24:46.399497+00,2026-02-18 09:24:55.795011+00,60.16,false,,1,0.0468,-0.0105,1,0.00719064577428183,,"{""launch_dow"":2,""launch_utc_hour"":8,""price_zscore_6h"":-0.9813084112149533,""launch_local_hour"":8}",2026-02-18 09:24:56.320206+00,topup,
7196,aws,us-east-1,m6a.large,topup,min4_topup,60,meta_v3_ensemble_h1_hedge_persist,i-0ac3e51bfebda3abb,Censored (Stopped by Design),2026-02-18 08:24:48.28146+00,2026-02-18 09:25:00.801223+00,60.21,false,,1,0.0468,-0.0105,1,0.00793362337906691,,"{""launch_dow"":2,""launch_utc_hour"":8,""price_zscore_6h"":-0.9813084112149533,""launch_local_hour"":8}",2026-02-18 09:25:01.303031+00,topup,
7197,aws,us-east-1,m6a.large,topup,min4_topup,60,meta_v3_ensemble_h1_hedge_persist,i-0b7375629981be5a3,Censored (Stopped by Design),2026-02-18 08:24:53.123737+00,2026-02-18 09:25:05.911214+00,60.21,false,,1,0.0468,-0.0105,1,0.00717047950332433,,"{""launch_dow"":2,""launch_utc_hour"":8,""price_zscore_6h"":-0.9813084112149533,""launch_local_hour"":8}",2026-02-18 09:25:06.459966+00,topup,
7222,aws,us-east-1,t3a.large,topup,min4_topup,60,meta_v3_ensemble_h1_hedge_persist,i-0b2a96ed2ca24b8ee,Censored (Stopped by Design),2026-02-18 09:26:44.341205+00,2026-02-18 10:26:56.846475+00,60.21,false,,1,0.0365,0.0011,1,0.100611676906418,,"{""launch_dow"":2,""launch_utc_hour"":9,""price_zscore_6h"":0.8461538461538457,""launch_local_hour"":9}",2026-02-18 10:26:57.476478+00,topup,
7223,aws,us-east-1,m6a.large,topup,min4_topup,60,meta_v3_ensemble_h1_hedge_persist,i-0dac7f1097323ace7,Censored (Stopped by Design),2026-02-18 09:26:49.412693+00,2026-02-18 10:27:02.161264+00,60.21,false,,1,0.0468,-0.0105,1,0.00724383984004812,,"{""launch_dow"":2,""launch_utc_hour"":9,""price_zscore_6h"":-0.9813084112149533,""launch_local_hour"":9}",2026-02-18 10:27:02.693203+00,topup,
7224,aws,us-east-1,m6a.large,topup,min4_topup,60,meta_v3_ensemble_h1_hedge_persist,i-0a452a3578979b253,Censored (Stopped by Design),2026-02-18 09:26:54.371983+00,2026-02-18 10:27:06.561213+00,60.2,false,,1,0.0468,-0.0105,1,0.00688696963437272,,"{""launch_dow"":2,""launch_utc_hour"":9,""price_zscore_6h"":-0.9813084112149533,""launch_local_hour"":9}",2026-02-18 10:27:07.153715+00,topup,
7225,aws,us-east-1,m6a.large,topup,min4_topup,60,meta_v3_ensemble_h1_hedge_persist,i-01d92384460497fa9,Censored (Stopped by Design),2026-02-18 09:26:59.242864+00,2026-02-18 10:27:11.538186+00,60.2,false,,1,0.0468,-0.0105,1,0.00750585041882748,,"{""launch_dow"":2,""launch_utc_hour"":9,""price_zscore_6h"":-0.9813084112149533,""launch_local_hour"":9}",2026-02-18 10:27:12.107662+00,topup,
7226,aws,us-east-1,m6a.large,topup,min4_topup,60,meta_v3_ensemble_h1_hedge_persist,i-08e90e96327e1cb6a,Censored (Stopped by Design),2026-02-18 09:27:04.301323+00,2026-02-18 10:27:16.507977+00,60.2,false,,1,0.0468,-0.0105,1,0.00756775851598567,,"{""launch_dow"":2,""launch_utc_hour"":9,""price_zscore_6h"":-0.9813084112149533,""launch_local_hour"":9}",2026-02-18 10:27:17.065964+00,topup,
7227,aws,us-east-1,c6i.large,topup,min4_topup,60,meta_v3_ensemble_h1_hedge_persist,i-01050102538b5d5ff,Censored (Stopped by Design),2026-02-18 09:27:09.195551+00,2026-02-18 10:27:21.401208+00,60.2,false,,1,0.0336,0.000799999999999995,1,0.0559828218998728,,"{""launch_dow"":2,""launch_utc_hour"":9,""price_zscore_6h"":0.7999999999999989,""launch_local_hour"":9}",2026-02-18 10:27:21.882218+00,topup,
7228,aws,us-west-2,t3a.large,topup,min4_topup,60,meta_v3_ensemble_h1_hedge_persist,i-053fc6da900458811,Censored (Stopped by Design),2026-02-18 09:27:14.319267+00,2026-02-18 10:27:26.173964+00,60.2,false,,1,0.0349,0.000699999999999999,1,0.0149942869272506,,"{""launch_dow"":2,""launch_utc_hour"":9,""price_zscore_6h"":0.7777777777777776,""launch_local_hour"":9}",2026-02-18 10:27:26.704979+00,topup,
7253,aws,us-east-1,m6a.large,topup,min4_topup,60,meta_v3_ensemble_h1_hedge_persist,i-04fbc1c0a153549e2,Censored (Stopped by Design),2026-02-18 10:28:35.997107+00,2026-02-18 11:28:48.391208+00,60.21,false,,1,0.0468,-0.0105,1,0.00949246285896469,,"{""launch_dow"":2,""launch_utc_hour"":10,""price_zscore_6h"":-0.9813084112149533,""launch_local_hour"":10}",2026-02-18 11:28:48.925557+00,topup,
7254,aws,us-east-1,m6a.large,topup,min4_topup,60,meta_v3_ensemble_h1_hedge_persist,i-00ea2b4fd615ef71e,Censored (Stopped by Design),2026-02-18 10:28:40.908839+00,2026-02-18 11:28:53.642847+00,60.21,false,,1,0.0468,-0.0105,1,0.00803211943112339,,"{""launch_dow"":2,""launch_utc_hour"":10,""price_zscore_6h"":-0.9813084112149533,""launch_local_hour"":10}",2026-02-18 11:28:54.242029+00,topup,
7255,aws,us-east-1,m6a.large,topup,min4_topup,60,meta_v3_ensemble_h1_hedge_persist,i-023141fc8517a0486,Censored (Stopped by Design),2026-02-18 10:28:45.799853+00,2026-02-18 11:28:58.097499+00,60.2,false,,1,0.0468,-0.0105,1,0.0075963387645401,,"{""launch_dow"":2,""launch_utc_hour"":10,""price_zscore_6h"":-0.9813084112149533,""launch_local_hour"":10}",2026-02-18 11:28:58.602035+00,topup,
7256,aws,us-east-1,m6a.large,topup,min4_topup,60,meta_v3_ensemble_h1_hedge_persist,i-0fe421d1064726313,Censored (Stopped by Design),2026-02-18 10:28:50.771832+00,2026-02-18 11:29:02.861219+00,60.2,false,,1,0.0468,-0.0105,1,0.00846945660128798,,"{""launch_dow"":2,""launch_utc_hour"":10,""price_zscore_6h"":-0.9813084112149533,""launch_local_hour"":10}",2026-02-18 11:29:03.370058+00,topup,
7257,aws,us-west-2,m6a.large,topup,min4_topup,60,meta_v3_ensemble_h1_hedge_persist,i-02ad63192d96295ba,Censored (Stopped by Design),2026-02-18 10:28:55.969136+00,2026-02-18 11:29:14.377399+00,60.31,false,,1,0.0524,-0.0085,1,0.00856257206370201,,"{""launch_dow"":2,""launch_utc_hour"":10,""price_zscore_6h"":-0.9770114942528735,""launch_local_hour"":10}",2026-02-18 11:29:14.907361+00,topup,
7258,aws,us-west-2,m6a.large,topup,min4_topup,60,meta_v3_ensemble_h1_hedge_persist,i-0c8deb45df848536c,Censored (Stopped by Design),2026-02-18 10:29:01.227407+00,2026-02-18 11:29:14.691229+00,60.22,false,,1,0.0524,-0.0085,1,0.00915100095079303,,"{""launch_dow"":2,""launch_utc_hour"":10,""price_zscore_6h"":-0.9770114942528735,""launch_local_hour"":10}",2026-02-18 11:29:15.410145+00,topup,
7259,aws,us-west-2,m6a.large,topup,min4_topup,60,meta_v3_ensemble_h1_hedge_persist,i-02e507274d0839f60,Censored (Stopped by Design),2026-02-18 10:29:03.319776+00,2026-02-18 11:29:15.291214+00,60.2,false,,1,0.0524,-0.0085,1,0.00924219652462308,,"{""launch_dow"":2,""launch_utc_hour"":10,""price_zscore_6h"":-0.9770114942528735,""launch_local_hour"":10}",2026-02-18 11:29:15.848844+00,topup,
7260,aws,us-west-2,c6i.large,topup,min4_topup,60,meta_v3_ensemble_h1_hedge_persist,i-00859c5ac346e66b4,Censored (Stopped by Design),2026-02-18 10:29:05.380002+00,2026-02-18 11:29:20.751208+00,60.26,false,,1,0.0423,-0.000100000000000003,1,0.0328387285978894,,"{""launch_dow"":2,""launch_utc_hour"":10,""price_zscore_6h"":-0.3333333333333397,""launch_local_hour"":10}",2026-02-18 11:29:21.3693+00,topup,
7261,aws,us-west-2,c6i.large,topup,min4_topup,60,meta_v3_ensemble_h1_hedge_persist,i-0565eb7aa3d463b3d,Censored (Stopped by Design),2026-02-18 10:29:10.712636+00,2026-02-18 11:29:26.181213+00,60.26,false,,1,0.0423,-0.000100000000000003,1,0.033424259798758,,"{""launch_dow"":2,""launch_utc_hour"":10,""price_zscore_6h"":-0.3333333333333397,""launch_local_hour"":10}",2026-02-18 11:29:26.810731+00,topup,
7262,aws,us-west-2,c6i.large,topup,min4_topup,60,meta_v3_ensemble_h1_hedge_persist,i-08a5418468abee2f5,Censored (Stopped by Design),2026-02-18 10:29:15.972035+00,2026-02-18 11:29:30.99093+00,60.25,false,,1,0.0423,-0.000100000000000003,1,0.034795909686117,,"{""launch_dow"":2,""launch_utc_hour"":10,""price_zscore_6h"":-0.3333333333333397,""launch_local_hour"":10}",2026-02-18 11:29:31.697043+00,topup,
7263,aws,us-west-2,c6i.large,topup,min4_topup,60,meta_v3_ensemble_h1_hedge_persist,i-039c7f8557afc0f02,Censored (Stopped by Design),2026-02-18 10:29:21.268545+00,2026-02-18 11:29:36.940535+00,60.26,false,,1,0.0423,-0.000100000000000003,1,0.033428341835562,,"{""launch_dow"":2,""launch_utc_hour"":10,""price_zscore_6h"":-0.3333333333333397,""launch_local_hour"":10}",2026-02-18 11:29:37.644098+00,topup,
7288,aws,us-east-1,t3a.large,topup,min4_topup,60,meta_v3_ensemble_h1_hedge_persist,i-06cf12858166b8fd6,Censored (Stopped by Design),2026-02-18 11:30:55.292646+00,2026-02-18 12:31:08.101207+00,60.21,false,,1,0.0283,-0.0082,1,0.188027324150257,,"{""launch_dow"":2,""launch_utc_hour"":11,""price_zscore_6h"":-0.9761904761904762,""launch_local_hour"":11}",2026-02-18 12:31:08.880829+00,topup,
7289,aws,us-east-1,t3a.large,topup,min4_topup,60,meta_v3_ensemble_h1_hedge_persist,i-0e1ed8b652dcb2b01,Censored (Stopped by Design),2026-02-18 11:31:00.600153+00,2026-02-18 12:31:13.183499+00,60.21,false,,1,0.0283,-0.0082,1,0.188627345548581,,"{""launch_dow"":2,""launch_utc_hour"":11,""price_zscore_6h"":-0.9761904761904762,""launch_local_hour"":11}",2026-02-18 12:31:13.746022+00,topup,
7290,aws,us-east-1,t3a.large,topup,min4_topup,60,meta_v3_ensemble_h1_hedge_persist,i-0c4692d2a464ff581,Censored (Stopped by Design),2026-02-18 11:31:05.601983+00,2026-02-18 12:31:18.039487+00,60.21,false,,1,0.0283,-0.0082,1,0.188338494549086,,"{""launch_dow"":2,""launch_utc_hour"":11,""price_zscore_6h"":-0.9761904761904762,""launch_local_hour"":11}",2026-02-18 12:31:18.561235+00,topup,
7291,aws,us-east-1,t3a.large,topup,min4_topup,60,meta_v3_ensemble_h1_hedge_persist,i-06a35f596cae229a5,Censored (Stopped by Design),2026-02-18 11:31:10.535769+00,2026-02-18 12:31:23.400994+00,60.21,false,,1,0.0283,-0.0082,1,0.186741220911805,,"{""launch_dow"":2,""launch_utc_hour"":11,""price_zscore_6h"":-0.9761904761904762,""launch_local_hour"":11}",2026-02-18 12:31:23.95304+00,topup,
7292,aws,us-east-1,m6a.large,topup,min4_topup,60,meta_v3_ensemble_h1_hedge_persist,i-0756124e60f62db87,Censored (Stopped by Design),2026-02-18 11:31:15.576543+00,2026-02-18 12:31:27.961219+00,60.21,false,,1,0.0414,-0.0054,1,0.00807969333970042,,"{""launch_dow"":2,""launch_utc_hour"":11,""price_zscore_6h"":-0.9642857142857144,""launch_local_hour"":11}",2026-02-18 12:31:28.576166+00,topup,
7293,aws,us-east-1,m6a.large,topup,min4_topup,60,meta_v3_ensemble_h1_hedge_persist,i-03166cc7d372d13c9,Censored (Stopped by Design),2026-02-18 11:31:20.664135+00,2026-02-18 12:31:33.115739+00,60.21,false,,1,0.0414,-0.0054,1,0.00827996030794205,,"{""launch_dow"":2,""launch_utc_hour"":11,""price_zscore_6h"":-0.9642857142857144,""launch_local_hour"":11}",2026-02-18 12:31:33.610582+00,topup,
7294,aws,us-east-1,m6a.large,topup,min4_topup,60,meta_v3_ensemble_h1_hedge_persist,i-058a164d82a91d92b,Censored (Stopped by Design),2026-02-18 11:31:25.737747+00,2026-02-18 12:31:37.822771+00,60.2,false,,1,0.0414,-0.0054,1,0.00865076447224967,,"{""launch_dow"":2,""launch_utc_hour"":11,""price_zscore_6h"":-0.9642857142857144,""launch_local_hour"":11}",2026-02-18 12:31:38.383311+00,topup,
7295,aws,us-east-1,m6a.large,topup,min4_topup,60,meta_v3_ensemble_h1_hedge_persist,i-06ac1985163aaff58,Censored (Stopped by Design),2026-02-18 11:31:30.711726+00,2026-02-18 12:31:43.402316+00,60.21,false,,1,0.0414,-0.0054,1,0.00833548409548082,,"{""launch_dow"":2,""launch_utc_hour"":11,""price_zscore_6h"":-0.9642857142857144,""launch_local_hour"":11}",2026-02-18 12:31:44.074636+00,topup,
7320,aws,us-east-1,t3a.large,topup,min4_topup,60,meta_v3_ensemble_h1_hedge_persist,i-080841b477f1ae219,Censored (Stopped by Design),2026-02-18 12:33:24.447216+00,2026-02-18 13:33:37.008674+00,60.21,false,,1,0.0283,-0.0082,1,0.252731497659543,,"{""launch_dow"":2,""launch_utc_hour"":12,""price_zscore_6h"":-0.9761904761904762,""launch_local_hour"":12}",2026-02-18 13:33:37.615756+00,topup,
7321,aws,us-west-2,m6a.large,topup,min4_topup,60,meta_v3_ensemble_h1_hedge_persist,i-0f76f8c7659bf719c,Censored (Stopped by Design),2026-02-18 12:33:29.726207+00,2026-02-18 13:33:45.12143+00,60.26,false,,1,0.0524,-0.0085,1,0.013627905851189,,"{""launch_dow"":2,""launch_utc_hour"":12,""price_zscore_6h"":-0.9770114942528735,""launch_local_hour"":12}",2026-02-18 13:33:46.206376+00,topup,
7322,aws,us-west-2,m6a.large,topup,min4_topup,60,meta_v3_ensemble_h1_hedge_persist,i-0a6bcff2a85b9acf4,Censored (Stopped by Design),2026-02-18 12:33:35.134689+00,2026-02-18 13:33:53.198394+00,60.3,false,,1,0.0524,-0.0085,1,0.01358656884901,,"{""launch_dow"":2,""launch_utc_hour"":12,""price_zscore_6h"":-0.9770114942528735,""launch_local_hour"":12}",2026-02-18 13:33:53.870143+00,topup,
7323,aws,us-west-2,m6a.large,topup,min4_topup,60,meta_v3_ensemble_h1_hedge_persist,i-0319d0056984d12b9,Censored (Stopped by Design),2026-02-18 12:33:40.45394+00,2026-02-18 13:33:55.851208+00,60.26,false,,1,0.0524,-0.0085,1,0.0131460558400951,,"{""launch_dow"":2,""launch_utc_hour"":12,""price_zscore_6h"":-0.9770114942528735,""launch_local_hour"":12}",2026-02-18 13:33:56.598861+00,topup,
7324,aws,us-west-2,m6a.large,topup,min4_topup,60,meta_v3_ensemble_h1_hedge_persist,i-091b6e4248252d7c2,Censored (Stopped by Design),2026-02-18 12:33:45.690713+00,2026-02-18 13:34:00.942993+00,60.25,false,,1,0.0524,-0.0085,1,0.0124979050754928,,"{""launch_dow"":2,""launch_utc_hour"":12,""price_zscore_6h"":-0.9770114942528735,""launch_local_hour"":12}",2026-02-18 13:34:01.631066+00,topup,
7325,aws,us-west-2,c6i.large,topup,min4_topup,60,meta_v3_ensemble_h1_hedge_persist,i-06c3a5a97c5d8225f,Censored (Stopped by Design),2026-02-18 12:33:50.981222+00,2026-02-18 13:34:06.491198+00,60.26,false,,1,0.0423,-0.000100000000000003,1,0.0436117973200561,,"{""launch_dow"":2,""launch_utc_hour"":12,""price_zscore_6h"":-0.3333333333333397,""launch_local_hour"":12}",2026-02-18 13:34:07.121901+00,topup,
7350,aws,us-east-1,t3a.large,topup,min4_topup,60,meta_v3_ensemble_h1_hedge_persist,i-07a1fc003a735a262,Censored (Stopped by Design),2026-02-18 13:35:42.098963+00,2026-02-18 14:35:55.256874+00,60.22,false,,1,0.0283,-0.0082,1,0.257749860963674,,"{""launch_dow"":2,""launch_utc_hour"":13,""price_zscore_6h"":-0.9761904761904762,""launch_local_hour"":13}",2026-02-18 14:35:55.887135+00,topup,
7351,aws,us-east-1,m6a.large,topup,min4_topup,60,meta_v3_ensemble_h1_hedge_persist,i-0e9d269327a0fb3ef,Censored (Stopped by Design),2026-02-18 13:35:46.936442+00,2026-02-18 14:35:59.101214+00,60.2,false,,1,0.0435,-0.0131,1,0.00794560945211197,,"{""launch_dow"":2,""launch_utc_hour"":13,""price_zscore_6h"":-0.9849624060150376,""launch_local_hour"":13}",2026-02-18 14:35:59.644802+00,topup,
7352,aws,us-east-1,m6a.large,topup,min4_topup,60,meta_v3_ensemble_h1_hedge_persist,i-0dde9b3d4c5422a85,Censored (Stopped by Design),2026-02-18 13:35:51.883418+00,2026-02-18 14:36:04.741216+00,60.21,false,,1,0.0435,-0.0131,1,0.00838001590425106,,"{""launch_dow"":2,""launch_utc_hour"":13,""price_zscore_6h"":-0.9849624060150376,""launch_local_hour"":13}",2026-02-18 14:36:05.408019+00,topup,
7353,aws,us-east-1,m6a.large,topup,min4_topup,60,meta_v3_ensemble_h1_hedge_persist,i-02eeb957cae253926,Censored (Stopped by Design),2026-02-18 13:35:56.930906+00,2026-02-18 14:36:09.641949+00,60.21,false,,1,0.0435,-0.0131,1,0.00760930312606024,,"{""launch_dow"":2,""launch_utc_hour"":13,""price_zscore_6h"":-0.9849624060150376,""launch_local_hour"":13}",2026-02-18 14:36:10.262971+00,topup,
7354,aws,us-east-1,c6i.large,topup,min4_topup,60,meta_v3_ensemble_h1_hedge_persist,i-0b6d47870ec57f11c,Censored (Stopped by Design),2026-02-18 13:36:01.950877+00,2026-02-18 14:36:11.291216+00,60.16,false,,1,0.04,0.0064,1,0.0676716787017732,,"{""launch_dow"":2,""launch_utc_hour"":13,""price_zscore_6h"":0.9696969696969697,""launch_local_hour"":13}",2026-02-18 14:36:11.844241+00,topup,
7355,aws,us-east-1,c6i.large,topup,min4_topup,60,meta_v3_ensemble_h1_hedge_persist,i-0975ddf49ee32e991,Censored (Stopped by Design),2026-02-18 13:36:03.769363+00,2026-02-18 14:36:13.119119+00,60.16,false,,1,0.04,0.0064,1,0.0680427425623438,,"{""launch_dow"":2,""launch_utc_hour"":13,""price_zscore_6h"":0.9696969696969697,""launch_local_hour"":13}",2026-02-18 14:36:13.612153+00,topup,
7356,aws,us-east-1,c6i.large,topup,min4_topup,60,meta_v3_ensemble_h1_hedge_persist,i-038fcdabbbdfcc420,Censored (Stopped by Design),2026-02-18 13:36:05.631582+00,2026-02-18 14:36:14.72675+00,60.15,false,,1,0.04,0.0064,1,0.0684296114873288,,"{""launch_dow"":2,""launch_utc_hour"":13,""price_zscore_6h"":0.9696969696969697,""launch_local_hour"":13}",2026-02-18 14:36:15.343749+00,topup,
7357,aws,us-west-2,m6a.large,topup,min4_topup,60,meta_v3_ensemble_h1_hedge_persist,i-0e713c62a584e34ad,Censored (Stopped by Design),2026-02-18 13:36:07.723392+00,2026-02-18 14:36:20.121232+00,60.21,false,,1,0.0527,0.000299999999999995,1,0.0134373579908443,,"{""launch_dow"":2,""launch_utc_hour"":13,""price_zscore_6h"":0.5999999999999958,""launch_local_hour"":13}",2026-02-18 14:36:20.866844+00,topup,
7358,aws,us-west-2,m6a.large,topup,min4_topup,60,meta_v3_ensemble_h1_hedge_persist,i-08b451368c5bb9bfc,Censored (Stopped by Design),2026-02-18 13:36:09.854066+00,2026-02-18 14:36:21.751197+00,60.2,false,,1,0.0527,0.000299999999999995,1,0.0132058907109166,,"{""launch_dow"":2,""launch_utc_hour"":13,""price_zscore_6h"":0.5999999999999958,""launch_local_hour"":13}",2026-02-18 14:36:22.572123+00,topup,
7359,aws,us-west-2,m6a.large,topup,min4_topup,60,meta_v3_ensemble_h1_hedge_persist,i-073e7479add4465db,Censored (Stopped by Design),2026-02-18 13:36:11.855383+00,2026-02-18 14:36:27.661227+00,60.26,false,,1,0.0527,0.000299999999999995,1,0.0139558368850536,,"{""launch_dow"":2,""launch_utc_hour"":13,""price_zscore_6h"":0.5999999999999958,""launch_local_hour"":13}",2026-02-18 14:36:28.412855+00,topup,
7360,aws,us-west-2,m6a.large,topup,min4_topup,60,meta_v3_ensemble_h1_hedge_persist,i-02679747733c29952,Censored (Stopped by Design),2026-02-18 13:36:17.117054+00,2026-02-18 14:36:32.847043+00,60.26,false,,1,0.0527,0.000299999999999995,1,0.0133688243163307,,"{""launch_dow"":2,""launch_utc_hour"":13,""price_zscore_6h"":0.5999999999999958,""launch_local_hour"":13}",2026-02-18 14:36:33.439304+00,topup,
7365,aws,us-west-2,c6i.large,topup,min4_topup,60,meta_v3_ensemble_h1_hedge_persist,i-0e240c355cd55dac2,Interrupted,2026-02-18 14:38:20.750045+00,2026-02-18 15:36:37.359367+00,58.28,true,1,0,0.0423,-0.000100000000000003,1,0.0431917365992611,,"{""launch_dow"":2,""launch_utc_hour"":14,""price_zscore_6h"":-0.3333333333333397,""launch_local_hour"":14}",2026-02-18 15:36:38.246098+00,topup,
7386,aws,us-west-2,c6i.large,topup,min4_topup,60,meta_v3_ensemble_h1_hedge_persist,i-0af5cf1b57b5532cc,Censored (Stopped by Design),2026-02-18 14:38:15.41556+00,2026-02-18 15:38:31.70122+00,60.27,false,,1,0.0423,-0.000100000000000003,1,0.0435832684839984,,"{""launch_dow"":2,""launch_utc_hour"":14,""price_zscore_6h"":-0.3333333333333397,""launch_local_hour"":14}",2026-02-18 15:38:32.452371+00,topup,
7387,aws,us-west-2,c6i.large,topup,min4_topup,60,meta_v3_ensemble_h1_hedge_persist,i-0d3e709d62f4610f7,Censored (Stopped by Design),2026-02-18 14:38:26.435203+00,2026-02-18 15:38:42.111211+00,60.26,false,,1,0.0423,-0.000100000000000003,1,0.0427528675929159,,"{""launch_dow"":2,""launch_utc_hour"":14,""price_zscore_6h"":-0.3333333333333397,""launch_local_hour"":14}",2026-02-18 15:38:42.938484+00,topup,
7388,aws,us-west-2,c6i.large,topup,min4_topup,60,meta_v3_ensemble_h1_hedge_persist,i-030a7d0dfead4379d,Censored (Stopped by Design),2026-02-18 14:38:31.821167+00,2026-02-18 15:38:47.21121+00,60.26,false,,1,0.0423,-0.000100000000000003,1,0.0413207679823377,,"{""launch_dow"":2,""launch_utc_hour"":14,""price_zscore_6h"":-0.3333333333333397,""launch_local_hour"":14}",2026-02-18 15:38:47.798995+00,topup,
7389,aws,us-west-2,t3a.large,topup,min4_topup,60,meta_v3_ensemble_h1_hedge_persist,i-00db0e02ff83c9376,Interrupted,2026-02-18 15:40:30.724401+00,2026-02-18 16:07:40.249908+00,27.16,true,1,0,0.0362,0.0069,1,0.0805171665301749,,"{""launch_dow"":2,""launch_utc_hour"":15,""price_zscore_6h"":0.971830985915493,""launch_local_hour"":15}",2026-02-18 16:07:41.07187+00,topup,
7414,aws,us-east-1,t3a.large,topup,min4_topup,60,meta_v3_ensemble_h1_hedge_persist,i-0f08ca668d0c6a42e,Censored (Stopped by Design),2026-02-18 15:40:25.528101+00,2026-02-18 16:40:37.671202+00,60.2,false,,1,0.0312,0.0029,1,0.247072867565279,,"{""launch_dow"":2,""launch_utc_hour"":15,""price_zscore_6h"":0.9354838709677419,""launch_local_hour"":15}",2026-02-18 16:40:38.538481+00,topup,
7415,aws,us-west-2,c6i.large,topup,min4_topup,60,meta_v3_ensemble_h1_hedge_persist,i-09fd3b4eb859cbc13,Censored (Stopped by Design),2026-02-18 15:40:36.054476+00,2026-02-18 16:40:52.26121+00,60.27,false,,1,0.0425,0.000200000000000006,1,0.0530041907412892,,"{""launch_dow"":2,""launch_utc_hour"":15,""price_zscore_6h"":0.5000000000000072,""launch_local_hour"":15}",2026-02-18 16:40:53.135317+00,topup,
7416,aws,us-west-2,c6i.large,topup,min4_topup,60,meta_v3_ensemble_h1_hedge_persist,i-010614e41856983b9,Censored (Stopped by Design),2026-02-18 15:40:41.292789+00,2026-02-18 16:40:56.562797+00,60.25,false,,1,0.0425,0.000200000000000006,1,0.0532361914854986,,"{""launch_dow"":2,""launch_utc_hour"":15,""price_zscore_6h"":0.5000000000000072,""launch_local_hour"":15}",2026-02-18 16:40:57.592364+00,topup,
7417,aws,us-west-2,c6i.large,topup,min4_topup,60,meta_v3_ensemble_h1_hedge_persist,i-02f2a75ffc0c7f589,Censored (Stopped by Design),2026-02-18 15:40:46.654239+00,2026-02-18 16:40:59.30121+00,60.21,false,,1,0.0425,0.000200000000000006,1,0.0526633162771795,,"{""launch_dow"":2,""launch_utc_hour"":15,""price_zscore_6h"":0.5000000000000072,""launch_local_hour"":15}",2026-02-18 16:40:59.983729+00,topup,
7418,aws,us-west-2,c6i.large,topup,min4_topup,60,meta_v3_ensemble_h1_hedge_persist,i-0cc4f8363972a8c16,Censored (Stopped by Design),2026-02-18 15:40:48.711215+00,2026-02-18 16:41:04.0112+00,60.25,false,,1,0.0425,0.000200000000000006,1,0.0535825298656492,,"{""launch_dow"":2,""launch_utc_hour"":15,""price_zscore_6h"":0.5000000000000072,""launch_local_hour"":15}",2026-02-18 16:41:04.828947+00,topup,
7443,aws,us-east-1,c6i.large,topup,min4_topup,60,meta_v3_ensemble_h1_hedge_persist,i-091f8d5591d56d616,Censored (Stopped by Design),2026-02-18 16:43:08.579581+00,2026-02-18 17:43:18.102562+00,60.16,false,,1,0.038,-0.0021,1,0.0775944005088754,,"{""launch_dow"":2,""launch_utc_hour"":16,""price_zscore_6h"":-0.9130434782608694,""launch_local_hour"":16}",2026-02-18 17:43:18.633492+00,topup,
7444,aws,us-east-1,c6i.large,topup,min4_topup,60,meta_v3_ensemble_h1_hedge_persist,i-0cde696b689621e3f,Censored (Stopped by Design),2026-02-18 16:43:10.403238+00,2026-02-18 17:43:22.161207+00,60.2,false,,1,0.038,-0.0021,1,0.0765598629075881,,"{""launch_dow"":2,""launch_utc_hour"":16,""price_zscore_6h"":-0.9130434782608694,""launch_local_hour"":16}",2026-02-18 17:43:22.691695+00,topup,
7445,aws,us-west-2,c6i.large,topup,min4_topup,60,meta_v3_ensemble_h1_hedge_persist,i-0770e2fb82dd527ee,Censored (Stopped by Design),2026-02-18 16:43:15.573904+00,2026-02-18 17:43:31.187638+00,60.26,false,,1,0.0425,0.000200000000000006,1,0.0521414077209252,,"{""launch_dow"":2,""launch_utc_hour"":16,""price_zscore_6h"":0.5000000000000072,""launch_local_hour"":16}",2026-02-18 17:43:32.065059+00,topup,
7446,aws,us-west-2,c6i.large,topup,min4_topup,60,meta_v3_ensemble_h1_hedge_persist,i-0deae278bbc8e4b0a,Censored (Stopped by Design),2026-02-18 16:43:20.884418+00,2026-02-18 17:43:34.491205+00,60.23,false,,1,0.0425,0.000200000000000006,1,0.0521765926507126,,"{""launch_dow"":2,""launch_utc_hour"":16,""price_zscore_6h"":0.5000000000000072,""launch_local_hour"":16}",2026-02-18 17:43:35.23925+00,topup,
7447,aws,us-west-2,c6i.large,topup,min4_topup,60,meta_v3_ensemble_h1_hedge_persist,i-04a7f8b65ce17f510,Censored (Stopped by Design),2026-02-18 16:43:23.031664+00,2026-02-18 17:43:39.56731+00,60.28,false,,1,0.0425,0.000200000000000006,1,0.0521845324297211,,"{""launch_dow"":2,""launch_utc_hour"":16,""price_zscore_6h"":0.5000000000000072,""launch_local_hour"":16}",2026-02-18 17:43:40.292455+00,topup,
7448,aws,us-west-2,c6i.large,topup,min4_topup,60,meta_v3_ensemble_h1_hedge_persist,i-0f64fc4e8ba16b216,Censored (Stopped by Design),2026-02-18 16:43:28.343052+00,2026-02-18 17:43:40.431208+00,60.2,false,,1,0.0425,0.000200000000000006,1,0.0528558257160155,,"{""launch_dow"":2,""launch_utc_hour"":16,""price_zscore_6h"":0.5000000000000072,""launch_local_hour"":16}",2026-02-18 17:43:41.000434+00,topup,
7451,aws,us-east-1,c6i.large,topup,min4_topup,60,meta_v3_ensemble_h1_hedge_persist,,LaunchFailed,,2026-02-18 17:46:25.955852+00,0,false,,0,0.0338,-0.0042,1,0.0770987360818466,,"{""launch_dow"":2,""launch_utc_hour"":17,""price_zscore_6h"":-0.9545454545454547,""launch_local_hour"":17}",2026-02-18 17:46:26.077698+00,topup,
7456,aws,us-west-2,c6i.large,topup,min4_topup,60,meta_v3_ensemble_h1_hedge_persist,i-03c91b56c66e1f217,Interrupted,2026-02-18 17:47:06.505484+00,2026-02-18 18:16:12.889284+00,29.11,true,1,0,0.0425,0.000200000000000006,1,0.0513874925299587,,"{""launch_dow"":2,""launch_utc_hour"":17,""price_zscore_6h"":0.5000000000000072,""launch_local_hour"":17}",2026-02-18 18:16:13.533256+00,topup,
7457,aws,us-west-2,c6i.large,topup,min4_topup,60,meta_v3_ensemble_h1_hedge_persist,i-0f9994eb619951c5c,Interrupted,2026-02-18 17:46:57.002278+00,2026-02-18 18:43:09.034729+00,56.2,true,1,0,0.0425,0.000200000000000006,1,0.0517398493874808,,"{""launch_dow"":2,""launch_utc_hour"":17,""price_zscore_6h"":0.5000000000000072,""launch_local_hour"":17}",2026-02-18 18:43:10.14238+00,topup,
7458,aws,us-west-2,c6i.large,topup,min4_topup,60,meta_v3_ensemble_h1_hedge_persist,i-08ef4cf81d60a3c21,Interrupted,2026-02-18 17:46:58.988251+00,2026-02-18 18:43:12.204528+00,56.22,true,1,0,0.0425,0.000200000000000006,1,0.0521574245643654,,"{""launch_dow"":2,""launch_utc_hour"":17,""price_zscore_6h"":0.5000000000000072,""launch_local_hour"":17}",2026-02-18 18:43:12.477277+00,topup,
7459,aws,us-west-2,c6i.large,topup,min4_topup,60,meta_v3_ensemble_h1_hedge_persist,i-095113d4edc27f508,Interrupted,2026-02-18 17:47:01.046465+00,2026-02-18 18:43:16.057062+00,56.25,true,1,0,0.0425,0.000200000000000006,1,0.0522707383660678,,"{""launch_dow"":2,""launch_utc_hour"":17,""price_zscore_6h"":0.5000000000000072,""launch_local_hour"":17}",2026-02-18 18:43:16.360648+00,topup,
7478,aws,us-east-1,t3a.large,topup,min4_topup,60,meta_v3_ensemble_h1_hedge_persist,i-0ad0bfb5fec2cc38c,Censored (Stopped by Design),2026-02-18 17:45:53.039374+00,2026-02-18 18:46:02.98986+00,60.17,false,,1,0.0284,-0.0028,1,0.160826372144577,,"{""launch_dow"":2,""launch_utc_hour"":17,""price_zscore_6h"":-0.9333333333333332,""launch_local_hour"":17}",2026-02-18 18:46:03.695384+00,topup,
7479,aws,us-east-1,m6a.large,topup,min4_topup,60,meta_v3_ensemble_h1_hedge_persist,i-0e374b15024864b31,Censored (Stopped by Design),2026-02-18 17:45:54.987658+00,2026-02-18 18:46:04.141213+00,60.15,false,,1,0.0565,0.0099,1,0.00795076044659677,,"{""launch_dow"":2,""launch_utc_hour"":17,""price_zscore_6h"":0.9801980198019802,""launch_local_hour"":17}",2026-02-18 18:46:04.718872+00,topup,
7480,aws,us-east-1,c6i.large,topup,min4_topup,60,meta_v3_ensemble_h1_hedge_persist,i-0dac99b2712f2c3ec,Censored (Stopped by Design),2026-02-18 17:46:54.969269+00,2026-02-18 18:47:04.458129+00,60.16,false,,1,0.0338,-0.0042,1,0.0773725101403735,,"{""launch_dow"":2,""launch_utc_hour"":17,""price_zscore_6h"":-0.9545454545454547,""launch_local_hour"":17}",2026-02-18 18:47:05.241626+00,topup,
7486,aws,us-west-2,c6i.large,topup,min4_topup,60,meta_v3_ensemble_h1_hedge_persist,,LaunchFailed,,2026-02-18 18:50:21.035117+00,0,false,,0,0.0353,-0.00720000000000001,1,0.0979541604197027,,"{""launch_dow"":2,""launch_utc_hour"":18,""price_zscore_6h"":-0.972972972972973,""launch_local_hour"":18}",2026-02-18 18:50:21.115429+00,topup,
7487,aws,us-west-2,c6i.large,topup,min4_topup,60,meta_v3_ensemble_h1_hedge_persist,i-0cc7b07ddc36316c3,Interrupted,2026-02-18 18:50:31.290223+00,2026-02-18 18:56:36.713109+00,6.09,true,1,0,0.0353,-0.00720000000000001,1,0.0991797374721001,,"{""launch_dow"":2,""launch_utc_hour"":18,""price_zscore_6h"":-0.972972972972973,""launch_local_hour"":18}",2026-02-18 18:56:37.303511+00,topup,
7488,aws,us-west-2,c6i.large,topup,min4_topup,60,meta_v3_ensemble_h1_hedge_persist,i-02a236a8da2144fb6,Interrupted,2026-02-18 18:50:25.978611+00,2026-02-18 19:37:38.979414+00,47.22,true,1,0,0.0353,-0.00720000000000001,1,0.0963380545924251,,"{""launch_dow"":2,""launch_utc_hour"":18,""price_zscore_6h"":-0.972972972972973,""launch_local_hour"":18}",2026-02-18 19:37:39.888749+00,topup,
7489,aws,us-west-2,c6i.large,topup,min4_topup,60,meta_v3_ensemble_h1_hedge_persist,i-063e3ac1ee3d2bd14,Interrupted,2026-02-18 18:50:22.679784+00,2026-02-18 19:38:32.710893+00,48.17,true,1,0,0.0353,-0.00720000000000001,1,0.0970766018991083,,"{""launch_dow"":2,""launch_utc_hour"":18,""price_zscore_6h"":-0.972972972972973,""launch_local_hour"":18}",2026-02-18 19:38:33.070834+00,topup,
7509,aws,us-west-2,m6a.large,topup,min4_topup,60,meta_v3_ensemble_h1_hedge_persist,i-02e08b410ba4a0a65,Censored (Stopped by Design),2026-02-18 18:49:39.610566+00,2026-02-18 19:49:55.301212+00,60.26,false,,1,0.0408,-0.0199,1,0.00984107239648501,,"{""launch_dow"":2,""launch_utc_hour"":18,""price_zscore_6h"":-0.9900497512437811,""launch_local_hour"":18}",2026-02-18 19:49:55.970627+00,topup,
7510,aws,us-west-2,m6a.large,topup,min4_topup,60,meta_v3_ensemble_h1_hedge_persist,i-08eb8c017d770bd6e,Censored (Stopped by Design),2026-02-18 18:49:45.003183+00,2026-02-18 19:49:57.341219+00,60.21,false,,1,0.0408,-0.0199,1,0.00954696545416779,,"{""launch_dow"":2,""launch_utc_hour"":18,""price_zscore_6h"":-0.9900497512437811,""launch_local_hour"":18}",2026-02-18 19:49:58.09646+00,topup,
7511,aws,us-west-2,m6a.large,topup,min4_topup,60,meta_v3_ensemble_h1_hedge_persist,i-0d7e574e456ffbc5f,Censored (Stopped by Design),2026-02-18 18:49:46.950973+00,2026-02-18 19:50:02.300684+00,60.26,false,,1,0.0408,-0.0199,1,0.00974246307302935,,"{""launch_dow"":2,""launch_utc_hour"":18,""price_zscore_6h"":-0.9900497512437811,""launch_local_hour"":18}",2026-02-18 19:50:02.980142+00,topup,
7512,aws,us-west-2,m6a.large,topup,min4_topup,60,meta_v3_ensemble_h1_hedge_persist,i-043c1961977d154c7,Censored (Stopped by Design),2026-02-18 18:49:52.414693+00,2026-02-18 19:50:04.524658+00,60.2,false,,1,0.0408,-0.0199,1,0.00880647027804625,,"{""launch_dow"":2,""launch_utc_hour"":18,""price_zscore_6h"":-0.9900497512437811,""launch_local_hour"":18}",2026-02-18 19:50:05.185172+00,topup,
7537,aws,us-east-1,t3a.large,topup,min4_topup,60,meta_v3_ensemble_h1_hedge_persist,i-0e0dbda6703d6cc6b,Censored (Stopped by Design),2026-02-18 19:53:25.840203+00,2026-02-18 20:53:38.341214+00,60.21,false,,1,0.031,0.0026,1,0.110861326625775,,"{""launch_dow"":2,""launch_utc_hour"":19,""price_zscore_6h"":0.9285714285714285,""launch_local_hour"":19}",2026-02-18 20:53:38.86222+00,topup,
7538,aws,us-east-1,m6a.large,topup,min4_topup,60,meta_v3_ensemble_h1_hedge_persist,i-0e300247e0dd575ff,Censored (Stopped by Design),2026-02-18 19:53:30.727506+00,2026-02-18 20:53:43.251237+00,60.21,false,,1,0.0565,0.0099,1,0.00655646812730037,,"{""launch_dow"":2,""launch_utc_hour"":19,""price_zscore_6h"":0.9801980198019802,""launch_local_hour"":19}",2026-02-18 20:53:43.879828+00,topup,
7539,aws,us-west-2,m6a.large,topup,min4_topup,60,meta_v3_ensemble_h1_hedge_persist,i-0faeb0392e03bb765,Censored (Stopped by Design),2026-02-18 19:53:36.099732+00,2026-02-18 20:53:51.509855+00,60.26,false,,1,0.053,0.0122,1,0.00962165372436761,,"{""launch_dow"":2,""launch_utc_hour"":19,""price_zscore_6h"":0.9838709677419354,""launch_local_hour"":19}",2026-02-18 20:53:52.341306+00,topup,
7540,aws,us-west-2,m6a.large,topup,min4_topup,60,meta_v3_ensemble_h1_hedge_persist,i-028f5df829bad450a,Censored (Stopped by Design),2026-02-18 19:53:41.409035+00,2026-02-18 20:53:53.8312+00,60.21,false,,1,0.053,0.0122,1,0.00871139105758006,,"{""launch_dow"":2,""launch_utc_hour"":19,""price_zscore_6h"":0.9838709677419354,""launch_local_hour"":19}",2026-02-18 20:53:54.410723+00,topup,
7541,aws,us-west-2,m6a.large,topup,min4_topup,60,meta_v3_ensemble_h1_hedge_persist,i-0f9d94b1dcdb8993b,Censored (Stopped by Design),2026-02-18 19:53:43.405713+00,2026-02-18 20:53:59.081193+00,60.26,false,,1,0.053,0.0122,1,0.00988265467694488,,"{""launch_dow"":2,""launch_utc_hour"":19,""price_zscore_6h"":0.9838709677419354,""launch_local_hour"":19}",2026-02-18 20:53:59.71469+00,topup,
7542,aws,us-west-2,m6a.large,topup,min4_topup,60,meta_v3_ensemble_h1_hedge_persist,i-003392e20fca25420,Censored (Stopped by Design),2026-02-18 19:53:48.811502+00,2026-02-18 20:54:00.561207+00,60.2,false,,1,0.053,0.0122,1,0.00869959547815591,,"{""launch_dow"":2,""launch_utc_hour"":19,""price_zscore_6h"":0.9838709677419354,""launch_local_hour"":19}",2026-02-18 20:54:01.094806+00,topup,
7546,aws,us-west-2,c6i.large,topup,min4_topup,60,meta_v3_ensemble_h1_hedge_persist,i-02824ba98af61b8eb,Interrupted,2026-02-18 20:55:49.907762+00,2026-02-18 21:38:01.891018+00,42.2,true,1,0,0.0353,-0.00720000000000001,1,0.132031201817018,,"{""launch_dow"":2,""launch_utc_hour"":20,""price_zscore_6h"":-0.972972972972973,""launch_local_hour"":20}",2026-02-18 21:38:02.570523+00,topup,
7547,aws,us-west-2,c6i.large,topup,min4_topup,60,meta_v3_ensemble_h1_hedge_persist,i-0792ea85b17b6ce4d,Interrupted,2026-02-18 20:55:55.46821+00,2026-02-18 21:38:08.142494+00,42.21,true,1,0,0.0353,-0.00720000000000001,1,0.133312495902803,,"{""launch_dow"":2,""launch_utc_hour"":20,""price_zscore_6h"":-0.972972972972973,""launch_local_hour"":20}",2026-02-18 21:38:08.394619+00,topup,
7569,aws,us-east-1,m6a.large,topup,min4_topup,60,meta_v3_ensemble_h1_hedge_persist,i-0315b3ca1aba76cab,Censored (Stopped by Design),2026-02-18 20:55:29.990238+00,2026-02-18 21:55:42.184437+00,60.2,false,,1,0.0421,-0.0144,1,0.00711126050231715,,"{""launch_dow"":2,""launch_utc_hour"":20,""price_zscore_6h"":-0.9863013698630136,""launch_local_hour"":20}",2026-02-18 21:55:42.773424+00,topup,
7570,aws,us-west-2,m6a.large,topup,min4_topup,60,meta_v3_ensemble_h1_hedge_persist,i-0422bc287837c326f,Censored (Stopped by Design),2026-02-18 20:55:35.166079+00,2026-02-18 21:55:47.481222+00,60.21,false,,1,0.053,0.0122,1,0.0091223365969222,,"{""launch_dow"":2,""launch_utc_hour"":20,""price_zscore_6h"":0.9838709677419354,""launch_local_hour"":20}",2026-02-18 21:55:48.087937+00,topup,
7571,aws,us-west-2,m6a.large,topup,min4_topup,60,meta_v3_ensemble_h1_hedge_persist,i-031faad33d4ec17cb,Censored (Stopped by Design),2026-02-18 20:55:37.303746+00,2026-02-18 21:55:52.831217+00,60.26,false,,1,0.053,0.0122,1,0.0089323608870918,,"{""launch_dow"":2,""launch_utc_hour"":20,""price_zscore_6h"":0.9838709677419354,""launch_local_hour"":20}",2026-02-18 21:55:53.45319+00,topup,
7572,aws,us-west-2,m6a.large,topup,min4_topup,60,meta_v3_ensemble_h1_hedge_persist,i-06fb2ba6fc21045db,Censored (Stopped by Design),2026-02-18 20:55:42.60996+00,2026-02-18 21:55:58.326763+00,60.26,false,,1,0.053,0.0122,1,0.00990958590704878,,"{""launch_dow"":2,""launch_utc_hour"":20,""price_zscore_6h"":0.9838709677419354,""launch_local_hour"":20}",2026-02-18 21:55:58.98722+00,topup,
7573,aws,us-west-2,m6a.large,topup,min4_topup,60,meta_v3_ensemble_h1_hedge_persist,i-02995516144f0322a,Censored (Stopped by Design),2026-02-18 20:55:47.885994+00,2026-02-18 21:55:59.731202+00,60.2,false,,1,0.053,0.0122,1,0.00948604283329835,,"{""launch_dow"":2,""launch_utc_hour"":20,""price_zscore_6h"":0.9838709677419354,""launch_local_hour"":20}",2026-02-18 21:56:00.231709+00,topup,
7574,aws,us-west-2,t3a.large,topup,min4_topup,60,meta_v3_ensemble_h1_hedge_persist,i-03d3414de91b23ee3,Interrupted,2026-02-18 21:58:04.550469+00,2026-02-18 22:54:15.836803+00,56.19,true,1,0,0.0296,-0.0047,1,0.140601015937905,,"{""launch_dow"":2,""launch_utc_hour"":21,""price_zscore_6h"":-0.9591836734693878,""launch_local_hour"":21}",2026-02-18 22:54:16.784398+00,topup,
7599,aws,us-east-1,t3a.large,topup,min4_topup,60,meta_v3_ensemble_h1_hedge_persist,i-044087e9ca2e86b57,Censored (Stopped by Design),2026-02-18 21:57:34.388668+00,2026-02-18 22:57:46.568184+00,60.2,false,,1,0.0353,0.0043,1,0.106749846177543,,"{""launch_dow"":2,""launch_utc_hour"":21,""price_zscore_6h"":0.9555555555555556,""launch_local_hour"":21}",2026-02-18 22:57:47.148217+00,topup,
7600,aws,us-east-1,t3a.large,topup,min4_topup,60,meta_v3_ensemble_h1_hedge_persist,i-0368f229d66d4ad8d,Censored (Stopped by Design),2026-02-18 21:57:39.287358+00,2026-02-18 22:57:51.651217+00,60.21,false,,1,0.0353,0.0043,1,0.105141718651508,,"{""launch_dow"":2,""launch_utc_hour"":21,""price_zscore_6h"":0.9555555555555556,""launch_local_hour"":21}",2026-02-18 22:57:52.177326+00,topup,
7601,aws,us-east-1,m6a.large,topup,min4_topup,60,meta_v3_ensemble_h1_hedge_persist,i-0076d0986f9bf9e3a,Censored (Stopped by Design),2026-02-18 21:57:44.303882+00,2026-02-18 22:57:56.781229+00,60.21,false,,1,0.0421,-0.0144,1,0.00689869026964648,,"{""launch_dow"":2,""launch_utc_hour"":21,""price_zscore_6h"":-0.9863013698630136,""launch_local_hour"":21}",2026-02-18 22:57:57.345442+00,topup,
7602,aws,us-east-1,m6a.large,topup,min4_topup,60,meta_v3_ensemble_h1_hedge_persist,i-055457a8a729bee2a,Censored (Stopped by Design),2026-02-18 21:57:49.27459+00,2026-02-18 22:58:01.943556+00,60.21,false,,1,0.0421,-0.0144,1,0.00749641360715103,,"{""launch_dow"":2,""launch_utc_hour"":21,""price_zscore_6h"":-0.9863013698630136,""launch_local_hour"":21}",2026-02-18 22:58:02.586182+00,topup,
7603,aws,us-east-1,m6a.large,topup,min4_topup,60,meta_v3_ensemble_h1_hedge_persist,i-07fe3d9c015e14a35,Censored (Stopped by Design),2026-02-18 21:57:54.116345+00,2026-02-18 22:58:06.421211+00,60.21,false,,1,0.0421,-0.0144,1,0.00815370256946328,,"{""launch_dow"":2,""launch_utc_hour"":21,""price_zscore_6h"":-0.9863013698630136,""launch_local_hour"":21}",2026-02-18 22:58:06.965188+00,topup,
7604,aws,us-east-1,m6a.large,topup,min4_topup,60,meta_v3_ensemble_h1_hedge_persist,i-00366af0927b41fc3,Censored (Stopped by Design),2026-02-18 21:57:59.117912+00,2026-02-18 22:58:11.581219+00,60.21,false,,1,0.0421,-0.0144,1,0.00767219909573834,,"{""launch_dow"":2,""launch_utc_hour"":21,""price_zscore_6h"":-0.9863013698630136,""launch_local_hour"":21}",2026-02-18 22:58:12.179831+00,topup,
7605,aws,us-west-2,m6a.large,topup,min4_topup,60,meta_v3_ensemble_h1_hedge_persist,i-0632320ae5a6bf413,Censored (Stopped by Design),2026-02-18 21:58:06.476256+00,2026-02-18 22:58:22.021211+00,60.26,false,,1,0.0405,-0.0064,1,0.00852034988738928,,"{""launch_dow"":2,""launch_utc_hour"":21,""price_zscore_6h"":-0.9696969696969697,""launch_local_hour"":21}",2026-02-18 22:58:22.84529+00,topup,
7606,aws,us-west-2,m6a.large,topup,min4_topup,60,meta_v3_ensemble_h1_hedge_persist,i-0b80f0cbb7ac57b60,Censored (Stopped by Design),2026-02-18 21:58:11.818148+00,2026-02-18 22:58:27.232037+00,60.26,false,,1,0.0405,-0.0064,1,0.00964974418883474,,"{""launch_dow"":2,""launch_utc_hour"":21,""price_zscore_6h"":-0.9696969696969697,""launch_local_hour"":21}",2026-02-18 22:58:27.771178+00,topup,
7607,aws,us-west-2,c6i.large,topup,min4_topup,60,meta_v3_ensemble_h1_hedge_persist,i-029d31eebdc54d226,Censored (Stopped by Design),2026-02-18 21:58:17.147034+00,2026-02-18 22:58:32.831207+00,60.26,false,,1,0.0392,0.004,1,0.176185360578072,,"{""launch_dow"":2,""launch_utc_hour"":21,""price_zscore_6h"":0.9523809523809524,""launch_local_hour"":21}",2026-02-18 22:58:33.359953+00,topup,
7632,aws,us-east-1,t3a.large,topup,min4_topup,60,meta_v3_ensemble_h1_hedge_persist,i-08aeede3e3057ae00,Censored (Stopped by Design),2026-02-18 23:00:17.368818+00,2026-02-19 00:00:30.221204+00,60.21,false,,1,0.0287,-0.0075,1,0.103001261203647,,"{""launch_dow"":2,""launch_utc_hour"":23,""price_zscore_6h"":-0.9740259740259741,""launch_local_hour"":23}",2026-02-19 00:00:30.896446+00,topup,
7633,aws,us-east-1,c6i.large,topup,min4_topup,60,meta_v3_ensemble_h1_hedge_persist,i-014194abce3910a39,Censored (Stopped by Design),2026-02-18 23:00:22.408194+00,2026-02-19 00:00:34.497033+00,60.2,false,,1,0.032,-0.0018,1,0.0785534253970978,,"{""launch_dow"":2,""launch_utc_hour"":23,""price_zscore_6h"":-0.8999999999999998,""launch_local_hour"":23}",2026-02-19 00:00:35.086399+00,topup,
7634,aws,us-east-1,c6i.large,topup,min4_topup,60,meta_v3_ensemble_h1_hedge_persist,i-0a20e5643b8ef3e85,Censored (Stopped by Design),2026-02-18 23:00:27.553947+00,2026-02-19 00:00:39.903487+00,60.21,false,,1,0.032,-0.0018,1,0.0819263592482908,,"{""launch_dow"":2,""launch_utc_hour"":23,""price_zscore_6h"":-0.8999999999999998,""launch_local_hour"":23}",2026-02-19 00:00:40.421784+00,topup,
7635,aws,us-east-1,c6i.large,topup,min4_topup,60,meta_v3_ensemble_h1_hedge_persist,i-02f0eefbb75e0a1ec,Censored (Stopped by Design),2026-02-18 23:00:32.465953+00,2026-02-19 00:00:44.855562+00,60.21,false,,1,0.032,-0.0018,1,0.0813976462720661,,"{""launch_dow"":2,""launch_utc_hour"":23,""price_zscore_6h"":-0.8999999999999998,""launch_local_hour"":23}",2026-02-19 00:00:45.419398+00,topup,
7636,aws,us-east-1,c6i.large,topup,min4_topup,60,meta_v3_ensemble_h1_hedge_persist,i-01ec6125cb146d399,Censored (Stopped by Design),2026-02-18 23:00:37.566196+00,2026-02-19 00:00:49.634234+00,60.2,false,,1,0.032,-0.0018,1,0.0798398886434133,,"{""launch_dow"":2,""launch_utc_hour"":23,""price_zscore_6h"":-0.8999999999999998,""launch_local_hour"":23}",2026-02-19 00:00:50.1681+00,topup,
7638,aws,us-west-2,t3a.large,topup,min4_topup,60,meta_v3_ensemble_h1_hedge_persist,,LaunchFailed,,2026-02-19 00:03:39.106073+00,0,false,,0,0.0296,-0.0047,1,0.0929933976586379,,"{""launch_dow"":3,""launch_utc_hour"":0,""price_zscore_6h"":-0.9591836734693878,""launch_local_hour"":0}",2026-02-19 00:03:39.245687+00,topup,
7642,aws,us-east-1,c6i.large,topup,min4_topup,60,meta_v3_ensemble_h1_hedge_persist,i-03436d49100b05122,Interrupted,2026-02-19 00:02:51.822006+00,2026-02-19 00:10:56.505835+00,8.08,true,1,0,0.0317,-0.000300000000000002,1,0.0698261541253398,,"{""launch_dow"":3,""launch_utc_hour"":0,""price_zscore_6h"":-0.6000000000000013,""launch_local_hour"":0}",2026-02-19 00:10:56.789689+00,topup,
7643,aws,us-east-1,c6i.large,topup,min4_topup,60,meta_v3_ensemble_h1_hedge_persist,i-0aeadcf0555fe800f,Interrupted,2026-02-19 00:02:56.779503+00,2026-02-19 00:11:01.609675+00,8.08,true,1,0,0.0317,-0.000300000000000002,1,0.0718546347947374,,"{""launch_dow"":3,""launch_utc_hour"":0,""price_zscore_6h"":-0.6000000000000013,""launch_local_hour"":0}",2026-02-19 00:11:01.755678+00,topup,
7644,aws,us-west-2,t3a.large,topup,min4_topup,60,meta_v3_ensemble_h1_hedge_persist,i-00822f6d3553fdb92,Interrupted,2026-02-19 00:04:09.747788+00,2026-02-19 00:15:15.898481+00,11.1,true,1,0,0.0296,-0.0047,1,0.0954013822201679,,"{""launch_dow"":3,""launch_utc_hour"":0,""price_zscore_6h"":-0.9591836734693878,""launch_local_hour"":0}",2026-02-19 00:15:16.507762+00,topup,
7665,aws,us-east-1,c6i.large,topup,min4_topup,60,meta_v3_ensemble_h1_hedge_persist,i-0b27d264dc8a3031f,Censored (Stopped by Design),2026-02-19 00:03:01.820946+00,2026-02-19 01:03:14.615485+00,60.21,false,,1,0.0317,-0.000300000000000002,1,0.0732079251462139,,"{""launch_dow"":3,""launch_utc_hour"":0,""price_zscore_6h"":-0.6000000000000013,""launch_local_hour"":0}",2026-02-19 01:03:15.244582+00,topup,
7666,aws,us-east-1,c6i.large,topup,min4_topup,60,meta_v3_ensemble_h1_hedge_persist,i-0e2f15036eacc261a,Censored (Stopped by Design),2026-02-19 00:03:06.912893+00,2026-02-19 01:03:19.331232+00,60.21,false,,1,0.0317,-0.000300000000000002,1,0.071215214025001,,"{""launch_dow"":3,""launch_utc_hour"":0,""price_zscore_6h"":-0.6000000000000013,""launch_local_hour"":0}",2026-02-19 01:03:19.888318+00,topup,
7667,aws,us-west-2,t3a.large,topup,min4_topup,60,meta_v3_ensemble_h1_hedge_persist,i-0041c66f71344dc64,Censored (Stopped by Design),2026-02-19 00:04:04.375614+00,2026-02-19 01:04:19.661208+00,60.25,false,,1,0.0296,-0.0047,1,0.0928061524982979,,"{""launch_dow"":3,""launch_utc_hour"":0,""price_zscore_6h"":-0.9591836734693878,""launch_local_hour"":0}",2026-02-19 01:04:20.387661+00,topup,
7692,aws,us-east-1,c6i.large,topup,min4_topup,60,meta_v3_ensemble_h1_hedge_persist,i-0949e1ca2a74015e7,Censored (Stopped by Design),2026-02-19 01:06:07.887158+00,2026-02-19 02:06:17.501325+00,60.16,false,,1,0.0317,-0.000300000000000002,1,0.0863552413930739,,"{""launch_dow"":3,""launch_utc_hour"":1,""price_zscore_6h"":-0.6000000000000013,""launch_local_hour"":1}",2026-02-19 02:06:18.100898+00,topup,
7693,aws,us-east-1,c6i.large,topup,min4_topup,60,meta_v3_ensemble_h1_hedge_persist,i-0a77024f6309795f2,Censored (Stopped by Design),2026-02-19 01:06:09.814402+00,2026-02-19 02:06:22.224362+00,60.21,false,,1,0.0317,-0.000300000000000002,1,0.0866916487161851,,"{""launch_dow"":3,""launch_utc_hour"":1,""price_zscore_6h"":-0.6000000000000013,""launch_local_hour"":1}",2026-02-19 02:06:22.841114+00,topup,
7694,aws,us-east-1,c6i.large,topup,min4_topup,60,meta_v3_ensemble_h1_hedge_persist,i-0f63191425c937b8b,Censored (Stopped by Design),2026-02-19 01:06:14.880518+00,2026-02-19 02:06:27.485226+00,60.21,false,,1,0.0317,-0.000300000000000002,1,0.0880616757618857,,"{""launch_dow"":3,""launch_utc_hour"":1,""price_zscore_6h"":-0.6000000000000013,""launch_local_hour"":1}",2026-02-19 02:06:28.128019+00,topup,
7695,aws,us-west-2,m6a.large,topup,min4_topup,60,meta_v3_ensemble_h1_hedge_persist,i-066c70b0835a489df,Censored (Stopped by Design),2026-02-19 01:06:20.377674+00,2026-02-19 02:06:37.141218+00,60.28,false,,1,0.0604,0.0199,1,0.00877261290665584,,"{""launch_dow"":3,""launch_utc_hour"":1,""price_zscore_6h"":0.9900497512437811,""launch_local_hour"":1}",2026-02-19 02:06:37.726712+00,topup,
7696,aws,us-west-2,m6a.large,topup,min4_topup,60,meta_v3_ensemble_h1_hedge_persist,i-04eaf6fb907b29563,Censored (Stopped by Design),2026-02-19 01:06:25.64426+00,2026-02-19 02:06:41.341215+00,60.26,false,,1,0.0604,0.0199,1,0.00892973523094657,,"{""launch_dow"":3,""launch_utc_hour"":1,""price_zscore_6h"":0.9900497512437811,""launch_local_hour"":1}",2026-02-19 02:06:41.935365+00,topup,
7697,aws,us-west-2,m6a.large,topup,min4_topup,60,meta_v3_ensemble_h1_hedge_persist,i-09914b26096265162,Censored (Stopped by Design),2026-02-19 01:06:31.049984+00,2026-02-19 02:06:42.781201+00,60.2,false,,1,0.0604,0.0199,1,0.00859707877476968,,"{""launch_dow"":3,""launch_utc_hour"":1,""price_zscore_6h"":0.9900497512437811,""launch_local_hour"":1}",2026-02-19 02:06:43.581093+00,topup,
7698,aws,us-west-2,m6a.large,topup,min4_topup,60,meta_v3_ensemble_h1_hedge_persist,i-00cef4644c393930f,Censored (Stopped by Design),2026-02-19 01:06:33.069279+00,2026-02-19 02:06:48.681217+00,60.26,false,,1,0.0604,0.0199,1,0.00931574215995023,,"{""launch_dow"":3,""launch_utc_hour"":1,""price_zscore_6h"":0.9900497512437811,""launch_local_hour"":1}",2026-02-19 02:06:49.382636+00,topup,
7723,aws,us-east-1,c6i.large,topup,min4_topup,60,meta_v3_ensemble_h1_hedge_persist,i-0a58b13251e7e46c8,Censored (Stopped by Design),2026-02-19 02:08:41.294555+00,2026-02-19 03:08:53.805661+00,60.21,false,,1,0.0317,-0.000300000000000002,1,0.0696317747619044,,"{""launch_dow"":3,""launch_utc_hour"":2,""price_zscore_6h"":-0.6000000000000013,""launch_local_hour"":2}",2026-02-19 03:08:54.349443+00,topup,
7724,aws,us-east-1,c6i.large,topup,min4_topup,60,meta_v3_ensemble_h1_hedge_persist,i-014ee6359a4f1df61,Censored (Stopped by Design),2026-02-19 02:08:46.198796+00,2026-02-19 03:08:58.576939+00,60.21,false,,1,0.0317,-0.000300000000000002,1,0.0722234367135382,,"{""launch_dow"":3,""launch_utc_hour"":2,""price_zscore_6h"":-0.6000000000000013,""launch_local_hour"":2}",2026-02-19 03:08:59.111925+00,topup,
7725,aws,us-east-1,c6i.large,topup,min4_topup,60,meta_v3_ensemble_h1_hedge_persist,i-0faf6c36015e1f97d,Censored (Stopped by Design),2026-02-19 02:08:51.106926+00,2026-02-19 03:08:59.821217+00,60.15,false,,1,0.0317,-0.000300000000000002,1,0.0725296166788715,,"{""launch_dow"":3,""launch_utc_hour"":2,""price_zscore_6h"":-0.6000000000000013,""launch_local_hour"":2}",2026-02-19 03:09:00.337249+00,topup,
7726,aws,us-east-1,c6i.large,topup,min4_topup,60,meta_v3_ensemble_h1_hedge_persist,i-0cec73401da8965b2,Censored (Stopped by Design),2026-02-19 02:08:52.929608+00,2026-02-19 03:09:05.034042+00,60.2,false,,1,0.0317,-0.000300000000000002,1,0.0693685513548978,,"{""launch_dow"":3,""launch_utc_hour"":2,""price_zscore_6h"":-0.6000000000000013,""launch_local_hour"":2}",2026-02-19 03:09:05.643755+00,topup,
7727,aws,us-west-2,t3a.large,topup,min4_topup,60,meta_v3_ensemble_h1_hedge_persist,i-03ee0281f015a1657,Censored (Stopped by Design),2026-02-19 02:08:58.350976+00,2026-02-19 03:09:15.041218+00,60.28,false,,1,0.0363,0.0067,1,0.118962300544546,,"{""launch_dow"":3,""launch_utc_hour"":2,""price_zscore_6h"":0.9710144927536233,""launch_local_hour"":2}",2026-02-19 03:09:15.918374+00,topup,
7728,aws,us-west-2,c6i.large,topup,min4_topup,60,meta_v3_ensemble_h1_hedge_persist,i-0c2ef8453e012984a,Censored (Stopped by Design),2026-02-19 02:09:03.950027+00,2026-02-19 03:09:20.619949+00,60.28,false,,1,0.0427,0.0035,1,0.15822359574177,,"{""launch_dow"":3,""launch_utc_hour"":2,""price_zscore_6h"":0.9459459459459459,""launch_local_hour"":2}",2026-02-19 03:09:21.17674+00,topup,
7729,aws,us-west-2,c6i.large,topup,min4_topup,60,meta_v3_ensemble_h1_hedge_persist,i-0d78fc0b8db46ecf3,Censored (Stopped by Design),2026-02-19 02:09:09.498101+00,2026-02-19 03:09:26.315542+00,60.28,false,,1,0.0427,0.0035,1,0.154412699101761,,"{""launch_dow"":3,""launch_utc_hour"":2,""price_zscore_6h"":0.9459459459459459,""launch_local_hour"":2}",2026-02-19 03:09:26.946365+00,topup,
7754,aws,us-east-1,m6a.large,topup,min4_topup,60,meta_v3_ensemble_h1_hedge_persist,i-0049146bb5996c1b6,Censored (Stopped by Design),2026-02-19 03:11:14.441169+00,2026-02-19 04:11:26.821213+00,60.21,false,,1,0.0464,0.003,1,0.00718211322756331,,"{""launch_dow"":3,""launch_utc_hour"":3,""price_zscore_6h"":0.9374999999999999,""launch_local_hour"":3}",2026-02-19 04:11:27.384758+00,topup,
7755,aws,us-east-1,m6a.large,topup,min4_topup,60,meta_v3_ensemble_h1_hedge_persist,i-0d1a0a5b783d4e5a8,Censored (Stopped by Design),2026-02-19 03:11:19.402351+00,2026-02-19 04:11:32.161208+00,60.21,false,,1,0.0464,0.003,1,0.00809101151644301,,"{""launch_dow"":3,""launch_utc_hour"":3,""price_zscore_6h"":0.9374999999999999,""launch_local_hour"":3}",2026-02-19 04:11:32.780592+00,topup,
7756,aws,us-east-1,m6a.large,topup,min4_topup,60,meta_v3_ensemble_h1_hedge_persist,i-0b8065afe7749fca5,Censored (Stopped by Design),2026-02-19 03:11:24.507748+00,2026-02-19 04:11:37.501234+00,60.22,false,,1,0.0464,0.003,1,0.00721924619371559,,"{""launch_dow"":3,""launch_utc_hour"":3,""price_zscore_6h"":0.9374999999999999,""launch_local_hour"":3}",2026-02-19 04:11:38.061133+00,topup,
7757,aws,us-east-1,m6a.large,topup,min4_topup,60,meta_v3_ensemble_h1_hedge_persist,i-0fcabf63fd7165d98,Censored (Stopped by Design),2026-02-19 03:11:29.459757+00,2026-02-19 04:11:41.901214+00,60.21,false,,1,0.0464,0.003,1,0.00720898812812588,,"{""launch_dow"":3,""launch_utc_hour"":3,""price_zscore_6h"":0.9374999999999999,""launch_local_hour"":3}",2026-02-19 04:11:42.401042+00,topup,
7758,aws,us-west-2,c6i.large,topup,min4_topup,60,meta_v3_ensemble_h1_hedge_persist,i-09f1f8e1a08bb9187,Censored (Stopped by Design),2026-02-19 03:11:34.71844+00,2026-02-19 04:11:51.401214+00,60.28,false,,1,0.0427,0.0035,1,0.117688540959604,,"{""launch_dow"":3,""launch_utc_hour"":3,""price_zscore_6h"":0.9459459459459459,""launch_local_hour"":3}",2026-02-19 04:11:51.986461+00,topup,
7783,aws,us-east-1,m6a.large,topup,min4_topup,60,meta_v3_ensemble_h1_hedge_persist,i-085aeb8f48e97ca4e,Censored (Stopped by Design),2026-02-19 04:13:35.238996+00,2026-02-19 05:13:47.271301+00,60.2,false,,1,0.0464,0.003,1,0.00708982179676924,,"{""launch_dow"":3,""launch_utc_hour"":4,""price_zscore_6h"":0.9374999999999999,""launch_local_hour"":4}",2026-02-19 05:13:47.878232+00,topup,
7784,aws,us-east-1,m6a.large,topup,min4_topup,60,meta_v3_ensemble_h1_hedge_persist,i-02571847e53a76b43,Censored (Stopped by Design),2026-02-19 04:13:40.097643+00,2026-02-19 05:13:52.370154+00,60.2,false,,1,0.0464,0.003,1,0.00659630745381815,,"{""launch_dow"":3,""launch_utc_hour"":4,""price_zscore_6h"":0.9374999999999999,""launch_local_hour"":4}",2026-02-19 05:13:52.863508+00,topup,
7785,aws,us-east-1,m6a.large,topup,min4_topup,60,meta_v3_ensemble_h1_hedge_persist,i-0649439ba4778a061,Censored (Stopped by Design),2026-02-19 04:13:45.276659+00,2026-02-19 05:13:57.921203+00,60.21,false,,1,0.0464,0.003,1,0.00753641576089199,,"{""launch_dow"":3,""launch_utc_hour"":4,""price_zscore_6h"":0.9374999999999999,""launch_local_hour"":4}",2026-02-19 05:13:58.603458+00,topup,
7786,aws,us-east-1,m6a.large,topup,min4_topup,60,meta_v3_ensemble_h1_hedge_persist,i-035841e2be6eba72f,Censored (Stopped by Design),2026-02-19 04:13:50.204537+00,2026-02-19 05:14:02.828567+00,60.21,false,,1,0.0464,0.003,1,0.00683025243033508,,"{""launch_dow"":3,""launch_utc_hour"":4,""price_zscore_6h"":0.9374999999999999,""launch_local_hour"":4}",2026-02-19 05:14:03.35941+00,topup,
7787,aws,us-west-2,t3a.large,topup,min4_topup,60,meta_v3_ensemble_h1_hedge_persist,i-05a6135ad0024b1a7,Censored (Stopped by Design),2026-02-19 04:13:55.30339+00,2026-02-19 05:14:12.22133+00,60.28,false,,1,0.0363,0.0067,1,0.035330296499544,,"{""launch_dow"":3,""launch_utc_hour"":4,""price_zscore_6h"":0.9710144927536233,""launch_local_hour"":4}",2026-02-19 05:14:12.989704+00,topup,
7788,aws,us-west-2,t3a.large,topup,min4_topup,60,meta_v3_ensemble_h1_hedge_persist,i-060f9fce361870a41,Censored (Stopped by Design),2026-02-19 04:14:00.81301+00,2026-02-19 05:14:17.640889+00,60.28,false,,1,0.0363,0.0067,1,0.0359607256873589,,"{""launch_dow"":3,""launch_utc_hour"":4,""price_zscore_6h"":0.9710144927536233,""launch_local_hour"":4}",2026-02-19 05:14:18.198653+00,topup,
7789,aws,us-west-2,t3a.large,topup,min4_topup,60,meta_v3_ensemble_h1_hedge_persist,i-0ed72ded7290777d4,Censored (Stopped by Design),2026-02-19 04:14:06.347534+00,2026-02-19 05:14:22.981216+00,60.28,false,,1,0.0363,0.0067,1,0.036299027967432,,"{""launch_dow"":3,""launch_utc_hour"":4,""price_zscore_6h"":0.9710144927536233,""launch_local_hour"":4}",2026-02-19 05:14:23.633536+00,topup,
7790,aws,us-west-2,t3a.large,topup,min4_topup,60,meta_v3_ensemble_h1_hedge_persist,i-0c3812fea8c21aa6e,Censored (Stopped by Design),2026-02-19 04:14:11.966819+00,2026-02-19 05:14:29.041215+00,60.28,false,,1,0.0363,0.0067,1,0.0341597721559992,,"{""launch_dow"":3,""launch_utc_hour"":4,""price_zscore_6h"":0.9710144927536233,""launch_local_hour"":4}",2026-02-19 05:14:29.589198+00,topup,
7791,aws,us-west-2,m6a.large,topup,min4_topup,60,meta_v3_ensemble_h1_hedge_persist,i-06ef7c068b7015725,Censored (Stopped by Design),2026-02-19 04:14:17.608585+00,2026-02-19 05:14:31.561218+00,60.23,false,,1,0.0531,-0.0073,1,0.00725639813070228,,"{""launch_dow"":3,""launch_utc_hour"":4,""price_zscore_6h"":-0.9733333333333334,""launch_local_hour"":4}",2026-02-19 05:14:32.079192+00,topup,